<?xml version="1.0" encoding="UTF-8"?>
<graphml xmlns="http://graphml.graphdrawing.org/xmlns"
         xmlns:xsi="http://www.w3.org/2001/XMLSchema-instance"
         xsi:schemaLocation="http://graphml.graphdrawing.org/xmlns
         http://graphml.graphdrawing.org/xmlns/1.0/graphml.xsd">
<!-- Created by igraph -->
  <key id="v_Title" for="node" attr.name="Title" attr.type="string"/>
  <key id="v_hrank" for="node" attr.name="hrank" attr.type="double"/>
  <key id="v_numDirects" for="node" attr.name="numDirects" attr.type="double"/>
  <key id="v_numCollegues" for="node" attr.name="numCollegues" attr.type="double"/>
  <key id="v_id" for="node" attr.name="id" attr.type="string"/>
  <key id="e_weight" for="edge" attr.name="weight" attr.type="double"/>
  <graph id="G" edgedefault="directed">
    <node id="n0">
      <data key="v_Title">Ariel Katz</data>
      <data key="v_hrank">0</data>
      <data key="v_numDirects">9</data>
      <data key="v_numCollegues">0</data>
      <data key="v_id">149342363</data>
    </node>
    <node id="n1">
      <data key="v_Title">Amir Shalev (Matchpoint IT Ltd)</data>
      <data key="v_hrank">1</data>
      <data key="v_numDirects">0</data>
      <data key="v_numCollegues">9</data>
      <data key="v_id">59013359</data>
    </node>
    <node id="n2">
      <data key="v_Title">Michal Har-gev</data>
      <data key="v_hrank">1</data>
      <data key="v_numDirects">0</data>
      <data key="v_numCollegues">9</data>
      <data key="v_id">130045110</data>
    </node>
    <node id="n3">
      <data key="v_Title">Yoav Yassour</data>
      <data key="v_hrank">1</data>
      <data key="v_numDirects">4</data>
      <data key="v_numCollegues">9</data>
      <data key="v_id">148893199</data>
    </node>
    <node id="n4">
      <data key="v_Title">Gennady Pats</data>
      <data key="v_hrank">1</data>
      <data key="v_numDirects">0</data>
      <data key="v_numCollegues">9</data>
      <data key="v_id">149312644</data>
    </node>
    <node id="n5">
      <data key="v_Title">Oren Winter</data>
      <data key="v_hrank">1</data>
      <data key="v_numDirects">10</data>
      <data key="v_numCollegues">9</data>
      <data key="v_id">149396250</data>
    </node>
    <node id="n6">
      <data key="v_Title">Pazit Benjamin</data>
      <data key="v_hrank">1</data>
      <data key="v_numDirects">0</data>
      <data key="v_numCollegues">9</data>
      <data key="v_id">149445254</data>
    </node>
    <node id="n7">
      <data key="v_Title">Eyal Carmel</data>
      <data key="v_hrank">1</data>
      <data key="v_numDirects">8</data>
      <data key="v_numCollegues">9</data>
      <data key="v_id">149474413</data>
    </node>
    <node id="n8">
      <data key="v_Title">Gitit Bruetbart</data>
      <data key="v_hrank">1</data>
      <data key="v_numDirects">0</data>
      <data key="v_numCollegues">9</data>
      <data key="v_id">194905699</data>
    </node>
    <node id="n9">
      <data key="v_Title">Keren Szanto (MGS)</data>
      <data key="v_hrank">1</data>
      <data key="v_numDirects">0</data>
      <data key="v_numCollegues">9</data>
      <data key="v_id">17592587618657</data>
    </node>
    <node id="n10">
      <data key="v_Title">Dor Goldbaum</data>
      <data key="v_hrank">2</data>
      <data key="v_numDirects">0</data>
      <data key="v_numCollegues">4</data>
      <data key="v_id">148858247</data>
    </node>
    <node id="n11">
      <data key="v_Title">Boaz Chen</data>
      <data key="v_hrank">2</data>
      <data key="v_numDirects">0</data>
      <data key="v_numCollegues">4</data>
      <data key="v_id">149323889</data>
    </node>
    <node id="n12">
      <data key="v_Title">Adi Regev</data>
      <data key="v_hrank">2</data>
      <data key="v_numDirects">0</data>
      <data key="v_numCollegues">4</data>
      <data key="v_id">149355385</data>
    </node>
    <node id="n13">
      <data key="v_Title">Gal Vanunu</data>
      <data key="v_hrank">2</data>
      <data key="v_numDirects">0</data>
      <data key="v_numCollegues">4</data>
      <data key="v_id">340214355</data>
    </node>
    <node id="n14">
      <data key="v_Title">Roy Gal</data>
      <data key="v_hrank">2</data>
      <data key="v_numDirects">0</data>
      <data key="v_numCollegues">10</data>
      <data key="v_id">41753016</data>
    </node>
    <node id="n15">
      <data key="v_Title">Ella Ben-Tov</data>
      <data key="v_hrank">2</data>
      <data key="v_numDirects">0</data>
      <data key="v_numCollegues">10</data>
      <data key="v_id">105611773</data>
    </node>
    <node id="n16">
      <data key="v_Title">Hila Yehuda</data>
      <data key="v_hrank">2</data>
      <data key="v_numDirects">6</data>
      <data key="v_numCollegues">10</data>
      <data key="v_id">149305457</data>
    </node>
    <node id="n17">
      <data key="v_Title">Ron Gilad</data>
      <data key="v_hrank">2</data>
      <data key="v_numDirects">8</data>
      <data key="v_numCollegues">10</data>
      <data key="v_id">149343873</data>
    </node>
    <node id="n18">
      <data key="v_Title">Shahar Prish</data>
      <data key="v_hrank">2</data>
      <data key="v_numDirects">0</data>
      <data key="v_numCollegues">10</data>
      <data key="v_id">149371614</data>
    </node>
    <node id="n19">
      <data key="v_Title">Yaron Canari</data>
      <data key="v_hrank">2</data>
      <data key="v_numDirects">0</data>
      <data key="v_numCollegues">10</data>
      <data key="v_id">149405896</data>
    </node>
    <node id="n20">
      <data key="v_Title">Romi Koifman</data>
      <data key="v_hrank">2</data>
      <data key="v_numDirects">0</data>
      <data key="v_numCollegues">10</data>
      <data key="v_id">149420218</data>
    </node>
    <node id="n21">
      <data key="v_Title">Gabi Lehner</data>
      <data key="v_hrank">2</data>
      <data key="v_numDirects">0</data>
      <data key="v_numCollegues">10</data>
      <data key="v_id">149422381</data>
    </node>
    <node id="n22">
      <data key="v_Title">Yitzhak Kesselman</data>
      <data key="v_hrank">2</data>
      <data key="v_numDirects">8</data>
      <data key="v_numCollegues">10</data>
      <data key="v_id">149471825</data>
    </node>
    <node id="n23">
      <data key="v_Title">Guy Shalev</data>
      <data key="v_hrank">2</data>
      <data key="v_numDirects">0</data>
      <data key="v_numCollegues">10</data>
      <data key="v_id">203120894</data>
    </node>
    <node id="n24">
      <data key="v_Title">Artem Atriaskin</data>
      <data key="v_hrank">3</data>
      <data key="v_numDirects">0</data>
      <data key="v_numCollegues">6</data>
      <data key="v_id">20942962</data>
    </node>
    <node id="n25">
      <data key="v_Title">Gil Cooperman</data>
      <data key="v_hrank">3</data>
      <data key="v_numDirects">0</data>
      <data key="v_numCollegues">6</data>
      <data key="v_id">149328095</data>
    </node>
    <node id="n26">
      <data key="v_Title">Erez Goldshide</data>
      <data key="v_hrank">3</data>
      <data key="v_numDirects">0</data>
      <data key="v_numCollegues">6</data>
      <data key="v_id">149437492</data>
    </node>
    <node id="n27">
      <data key="v_Title">Khalid Awwad</data>
      <data key="v_hrank">3</data>
      <data key="v_numDirects">0</data>
      <data key="v_numCollegues">6</data>
      <data key="v_id">315872352</data>
    </node>
    <node id="n28">
      <data key="v_Title">Alexandr Gavrishev</data>
      <data key="v_hrank">3</data>
      <data key="v_numDirects">0</data>
      <data key="v_numCollegues">6</data>
      <data key="v_id">340284315</data>
    </node>
    <node id="n29">
      <data key="v_Title">Asaf Isser</data>
      <data key="v_hrank">3</data>
      <data key="v_numDirects">0</data>
      <data key="v_numCollegues">6</data>
      <data key="v_id">17592431467863</data>
    </node>
    <node id="n30">
      <data key="v_Title">Haim Sabo</data>
      <data key="v_hrank">3</data>
      <data key="v_numDirects">0</data>
      <data key="v_numCollegues">8</data>
      <data key="v_id">24786230</data>
    </node>
    <node id="n31">
      <data key="v_Title">Sruly Taber</data>
      <data key="v_hrank">3</data>
      <data key="v_numDirects">0</data>
      <data key="v_numCollegues">8</data>
      <data key="v_id">31093401</data>
    </node>
    <node id="n32">
      <data key="v_Title">Ali Mostafa</data>
      <data key="v_hrank">3</data>
      <data key="v_numDirects">0</data>
      <data key="v_numCollegues">8</data>
      <data key="v_id">95844937</data>
    </node>
    <node id="n33">
      <data key="v_Title">Inbar Ron</data>
      <data key="v_hrank">3</data>
      <data key="v_numDirects">0</data>
      <data key="v_numCollegues">8</data>
      <data key="v_id">148888952</data>
    </node>
    <node id="n34">
      <data key="v_Title">Yonatan Appel</data>
      <data key="v_hrank">3</data>
      <data key="v_numDirects">0</data>
      <data key="v_numCollegues">8</data>
      <data key="v_id">149317946</data>
    </node>
    <node id="n35">
      <data key="v_Title">Guy Arad</data>
      <data key="v_hrank">3</data>
      <data key="v_numDirects">0</data>
      <data key="v_numCollegues">8</data>
      <data key="v_id">149373676</data>
    </node>
    <node id="n36">
      <data key="v_Title">Yaniv Kravitz</data>
      <data key="v_hrank">3</data>
      <data key="v_numDirects">0</data>
      <data key="v_numCollegues">8</data>
      <data key="v_id">149395605</data>
    </node>
    <node id="n37">
      <data key="v_Title">Yehonatan Ginzberg</data>
      <data key="v_hrank">3</data>
      <data key="v_numDirects">0</data>
      <data key="v_numCollegues">8</data>
      <data key="v_id">149469572</data>
    </node>
    <node id="n38">
      <data key="v_Title">Shay Peled</data>
      <data key="v_hrank">3</data>
      <data key="v_numDirects">0</data>
      <data key="v_numCollegues">8</data>
      <data key="v_id">107195219</data>
    </node>
    <node id="n39">
      <data key="v_Title">Ronit Ravitz Fried</data>
      <data key="v_hrank">3</data>
      <data key="v_numDirects">0</data>
      <data key="v_numCollegues">8</data>
      <data key="v_id">120999129</data>
    </node>
    <node id="n40">
      <data key="v_Title">Ayesh Qumhieh (ASAL Technologies Ltd)</data>
      <data key="v_hrank">3</data>
      <data key="v_numDirects">0</data>
      <data key="v_numCollegues">8</data>
      <data key="v_id">138941587</data>
    </node>
    <node id="n41">
      <data key="v_Title">David Bahat</data>
      <data key="v_hrank">3</data>
      <data key="v_numDirects">0</data>
      <data key="v_numCollegues">8</data>
      <data key="v_id">149308727</data>
    </node>
    <node id="n42">
      <data key="v_Title">Merav Bercovitz</data>
      <data key="v_hrank">3</data>
      <data key="v_numDirects">0</data>
      <data key="v_numCollegues">8</data>
      <data key="v_id">149410377</data>
    </node>
    <node id="n43">
      <data key="v_Title">Igor Celik</data>
      <data key="v_hrank">3</data>
      <data key="v_numDirects">0</data>
      <data key="v_numCollegues">8</data>
      <data key="v_id">340284375</data>
    </node>
    <node id="n44">
      <data key="v_Title">Milana Raiter (Matchpoint IT Ltd)</data>
      <data key="v_hrank">3</data>
      <data key="v_numDirects">0</data>
      <data key="v_numCollegues">8</data>
      <data key="v_id">17592242903527</data>
    </node>
    <node id="n45">
      <data key="v_Title">Daniel Blinick</data>
      <data key="v_hrank">3</data>
      <data key="v_numDirects">0</data>
      <data key="v_numCollegues">8</data>
      <data key="v_id">17592400497457</data>
    </node>
    <node id="n46">
      <data key="v_Title">Boris Efraty</data>
      <data key="v_hrank">2</data>
      <data key="v_numDirects">0</data>
      <data key="v_numCollegues">8</data>
      <data key="v_id">31584863</data>
    </node>
    <node id="n47">
      <data key="v_Title">Ilan Herbst</data>
      <data key="v_hrank">2</data>
      <data key="v_numDirects">6</data>
      <data key="v_numCollegues">8</data>
      <data key="v_id">148878384</data>
    </node>
    <node id="n48">
      <data key="v_Title">Stas Klyachkovsky</data>
      <data key="v_hrank">2</data>
      <data key="v_numDirects">6</data>
      <data key="v_numCollegues">8</data>
      <data key="v_id">148884407</data>
    </node>
    <node id="n49">
      <data key="v_Title">Yifat Sagiv</data>
      <data key="v_hrank">2</data>
      <data key="v_numDirects">7</data>
      <data key="v_numCollegues">8</data>
      <data key="v_id">148886980</data>
    </node>
    <node id="n50">
      <data key="v_Title">Moshe Golan</data>
      <data key="v_hrank">2</data>
      <data key="v_numDirects">0</data>
      <data key="v_numCollegues">8</data>
      <data key="v_id">149327567</data>
    </node>
    <node id="n51">
      <data key="v_Title">Sharon Laivand</data>
      <data key="v_hrank">2</data>
      <data key="v_numDirects">0</data>
      <data key="v_numCollegues">8</data>
      <data key="v_id">149365284</data>
    </node>
    <node id="n52">
      <data key="v_Title">Tzvi Keisar</data>
      <data key="v_hrank">2</data>
      <data key="v_numDirects">0</data>
      <data key="v_numCollegues">8</data>
      <data key="v_id">149418549</data>
    </node>
    <node id="n53">
      <data key="v_Title">Aviv Ezrachi</data>
      <data key="v_hrank">2</data>
      <data key="v_numDirects">0</data>
      <data key="v_numCollegues">8</data>
      <data key="v_id">149436623</data>
    </node>
    <node id="n54">
      <data key="v_Title">Alexey Yarovinsky</data>
      <data key="v_hrank">3</data>
      <data key="v_numDirects">0</data>
      <data key="v_numCollegues">6</data>
      <data key="v_id">2286675</data>
    </node>
    <node id="n55">
      <data key="v_Title">Dikla Ben Yehuda</data>
      <data key="v_hrank">3</data>
      <data key="v_numDirects">0</data>
      <data key="v_numCollegues">6</data>
      <data key="v_id">149312066</data>
    </node>
    <node id="n56">
      <data key="v_Title">Gregory Borodin</data>
      <data key="v_hrank">3</data>
      <data key="v_numDirects">0</data>
      <data key="v_numCollegues">6</data>
      <data key="v_id">149443165</data>
    </node>
    <node id="n57">
      <data key="v_Title">Tal Rostoker</data>
      <data key="v_hrank">3</data>
      <data key="v_numDirects">0</data>
      <data key="v_numCollegues">6</data>
      <data key="v_id">226045385</data>
    </node>
    <node id="n58">
      <data key="v_Title">Sabri Amar (Qualitest)</data>
      <data key="v_hrank">3</data>
      <data key="v_numDirects">0</data>
      <data key="v_numCollegues">6</data>
      <data key="v_id">266146900</data>
    </node>
    <node id="n59">
      <data key="v_Title">Sofia Gendelman</data>
      <data key="v_hrank">3</data>
      <data key="v_numDirects">0</data>
      <data key="v_numCollegues">6</data>
      <data key="v_id">355227251</data>
    </node>
    <node id="n60">
      <data key="v_Title">Guy Moses</data>
      <data key="v_hrank">3</data>
      <data key="v_numDirects">0</data>
      <data key="v_numCollegues">6</data>
      <data key="v_id">96517627</data>
    </node>
    <node id="n61">
      <data key="v_Title">Avi Sander</data>
      <data key="v_hrank">3</data>
      <data key="v_numDirects">0</data>
      <data key="v_numCollegues">6</data>
      <data key="v_id">148876967</data>
    </node>
    <node id="n62">
      <data key="v_Title">Jenny Feldman</data>
      <data key="v_hrank">3</data>
      <data key="v_numDirects">0</data>
      <data key="v_numCollegues">6</data>
      <data key="v_id">148881353</data>
    </node>
    <node id="n63">
      <data key="v_Title">Shlomo David</data>
      <data key="v_hrank">3</data>
      <data key="v_numDirects">0</data>
      <data key="v_numCollegues">6</data>
      <data key="v_id">149369272</data>
    </node>
    <node id="n64">
      <data key="v_Title">Jacob Minsky</data>
      <data key="v_hrank">3</data>
      <data key="v_numDirects">0</data>
      <data key="v_numCollegues">6</data>
      <data key="v_id">149425689</data>
    </node>
    <node id="n65">
      <data key="v_Title">Shay Markanty</data>
      <data key="v_hrank">3</data>
      <data key="v_numDirects">0</data>
      <data key="v_numCollegues">6</data>
      <data key="v_id">149437524</data>
    </node>
    <node id="n66">
      <data key="v_Title">Omri Armstrong</data>
      <data key="v_hrank">3</data>
      <data key="v_numDirects">0</data>
      <data key="v_numCollegues">7</data>
      <data key="v_id">20198260</data>
    </node>
    <node id="n67">
      <data key="v_Title">Noa Nutkevitch</data>
      <data key="v_hrank">3</data>
      <data key="v_numDirects">0</data>
      <data key="v_numCollegues">7</data>
      <data key="v_id">59256133</data>
    </node>
    <node id="n68">
      <data key="v_Title">Arina Hantsis</data>
      <data key="v_hrank">3</data>
      <data key="v_numDirects">0</data>
      <data key="v_numCollegues">7</data>
      <data key="v_id">148876580</data>
    </node>
    <node id="n69">
      <data key="v_Title">Gilad Taragano</data>
      <data key="v_hrank">3</data>
      <data key="v_numDirects">0</data>
      <data key="v_numCollegues">7</data>
      <data key="v_id">149303890</data>
    </node>
    <node id="n70">
      <data key="v_Title">Sasha Alperovich</data>
      <data key="v_hrank">3</data>
      <data key="v_numDirects">0</data>
      <data key="v_numCollegues">7</data>
      <data key="v_id">149368345</data>
    </node>
    <node id="n71">
      <data key="v_Title">Ran Didi</data>
      <data key="v_hrank">3</data>
      <data key="v_numDirects">0</data>
      <data key="v_numCollegues">7</data>
      <data key="v_id">149397057</data>
    </node>
    <node id="n72">
      <data key="v_Title">Ali Hamud</data>
      <data key="v_hrank">3</data>
      <data key="v_numDirects">0</data>
      <data key="v_numCollegues">7</data>
      <data key="v_id">149427618</data>
    </node>
    <node id="n73">
      <data key="v_Title">OUTSIDE</data>
      <data key="v_hrank">0</data>
      <data key="v_numDirects">0</data>
      <data key="v_numCollegues">0</data>
      <data key="v_id">-100</data>
    </node>
    <edge source="n0" target="n1">
      <data key="e_weight">1</data>
    </edge>
    <edge source="n0" target="n2">
      <data key="e_weight">1</data>
    </edge>
    <edge source="n0" target="n3">
      <data key="e_weight">1</data>
    </edge>
    <edge source="n0" target="n4">
      <data key="e_weight">1</data>
    </edge>
    <edge source="n0" target="n5">
      <data key="e_weight">1</data>
    </edge>
    <edge source="n0" target="n6">
      <data key="e_weight">1</data>
    </edge>
    <edge source="n0" target="n7">
      <data key="e_weight">1</data>
    </edge>
    <edge source="n0" target="n8">
      <data key="e_weight">1</data>
    </edge>
    <edge source="n0" target="n9">
      <data key="e_weight">1</data>
    </edge>
    <edge source="n3" target="n10">
      <data key="e_weight">1</data>
    </edge>
    <edge source="n3" target="n11">
      <data key="e_weight">1</data>
    </edge>
    <edge source="n3" target="n12">
      <data key="e_weight">1</data>
    </edge>
    <edge source="n3" target="n13">
      <data key="e_weight">1</data>
    </edge>
    <edge source="n5" target="n14">
      <data key="e_weight">1</data>
    </edge>
    <edge source="n5" target="n15">
      <data key="e_weight">1</data>
    </edge>
    <edge source="n5" target="n16">
      <data key="e_weight">1</data>
    </edge>
    <edge source="n5" target="n17">
      <data key="e_weight">1</data>
    </edge>
    <edge source="n5" target="n18">
      <data key="e_weight">1</data>
    </edge>
    <edge source="n5" target="n19">
      <data key="e_weight">1</data>
    </edge>
    <edge source="n5" target="n20">
      <data key="e_weight">1</data>
    </edge>
    <edge source="n5" target="n21">
      <data key="e_weight">1</data>
    </edge>
    <edge source="n5" target="n22">
      <data key="e_weight">1</data>
    </edge>
    <edge source="n5" target="n23">
      <data key="e_weight">1</data>
    </edge>
    <edge source="n7" target="n46">
      <data key="e_weight">1</data>
    </edge>
    <edge source="n7" target="n47">
      <data key="e_weight">1</data>
    </edge>
    <edge source="n7" target="n48">
      <data key="e_weight">1</data>
    </edge>
    <edge source="n7" target="n49">
      <data key="e_weight">1</data>
    </edge>
    <edge source="n7" target="n50">
      <data key="e_weight">1</data>
    </edge>
    <edge source="n7" target="n51">
      <data key="e_weight">1</data>
    </edge>
    <edge source="n7" target="n52">
      <data key="e_weight">1</data>
    </edge>
    <edge source="n7" target="n53">
      <data key="e_weight">1</data>
    </edge>
    <edge source="n16" target="n24">
      <data key="e_weight">1</data>
    </edge>
    <edge source="n16" target="n25">
      <data key="e_weight">1</data>
    </edge>
    <edge source="n16" target="n26">
      <data key="e_weight">1</data>
    </edge>
    <edge source="n16" target="n27">
      <data key="e_weight">1</data>
    </edge>
    <edge source="n16" target="n28">
      <data key="e_weight">1</data>
    </edge>
    <edge source="n16" target="n29">
      <data key="e_weight">1</data>
    </edge>
    <edge source="n17" target="n30">
      <data key="e_weight">1</data>
    </edge>
    <edge source="n17" target="n31">
      <data key="e_weight">1</data>
    </edge>
    <edge source="n17" target="n32">
      <data key="e_weight">1</data>
    </edge>
    <edge source="n17" target="n33">
      <data key="e_weight">1</data>
    </edge>
    <edge source="n17" target="n34">
      <data key="e_weight">1</data>
    </edge>
    <edge source="n17" target="n35">
      <data key="e_weight">1</data>
    </edge>
    <edge source="n17" target="n36">
      <data key="e_weight">1</data>
    </edge>
    <edge source="n17" target="n37">
      <data key="e_weight">1</data>
    </edge>
    <edge source="n22" target="n38">
      <data key="e_weight">1</data>
    </edge>
    <edge source="n22" target="n39">
      <data key="e_weight">1</data>
    </edge>
    <edge source="n22" target="n40">
      <data key="e_weight">1</data>
    </edge>
    <edge source="n22" target="n41">
      <data key="e_weight">1</data>
    </edge>
    <edge source="n22" target="n42">
      <data key="e_weight">1</data>
    </edge>
    <edge source="n22" target="n43">
      <data key="e_weight">1</data>
    </edge>
    <edge source="n22" target="n44">
      <data key="e_weight">1</data>
    </edge>
    <edge source="n22" target="n45">
      <data key="e_weight">1</data>
    </edge>
    <edge source="n47" target="n54">
      <data key="e_weight">1</data>
    </edge>
    <edge source="n47" target="n55">
      <data key="e_weight">1</data>
    </edge>
    <edge source="n47" target="n56">
      <data key="e_weight">1</data>
    </edge>
    <edge source="n47" target="n57">
      <data key="e_weight">1</data>
    </edge>
    <edge source="n47" target="n58">
      <data key="e_weight">1</data>
    </edge>
    <edge source="n47" target="n59">
      <data key="e_weight">1</data>
    </edge>
    <edge source="n48" target="n60">
      <data key="e_weight">1</data>
    </edge>
    <edge source="n48" target="n61">
      <data key="e_weight">1</data>
    </edge>
    <edge source="n48" target="n62">
      <data key="e_weight">1</data>
    </edge>
    <edge source="n48" target="n63">
      <data key="e_weight">1</data>
    </edge>
    <edge source="n48" target="n64">
      <data key="e_weight">1</data>
    </edge>
    <edge source="n48" target="n65">
      <data key="e_weight">1</data>
    </edge>
    <edge source="n49" target="n66">
      <data key="e_weight">1</data>
    </edge>
    <edge source="n49" target="n67">
      <data key="e_weight">1</data>
    </edge>
    <edge source="n49" target="n68">
      <data key="e_weight">1</data>
    </edge>
    <edge source="n49" target="n69">
      <data key="e_weight">1</data>
    </edge>
    <edge source="n49" target="n70">
      <data key="e_weight">1</data>
    </edge>
    <edge source="n49" target="n71">
      <data key="e_weight">1</data>
    </edge>
    <edge source="n49" target="n72">
      <data key="e_weight">1</data>
    </edge>
  </graph>
</graphml>
