﻿<?xml version="1.0" encoding="utf-8"?><graphml xmlns:xsi="http://www.w3.org/2001/XMLSchema-instance" xsi:schemaLocation="http://graphml.graphdrawing.org/xmlns http://graphml.graphdrawing.org/xmlns/1.0/graphml.xsd" xmlns="http://graphml.graphdrawing.org/xmlns"><key id="Title" for="node" attr.name="Title" attr.type="string"><default>unknown</default></key><key id="hrank" for="node" attr.name="hrank" attr.type="double"><default>0</default></key><key id="numDirects" for="node" attr.name="numDirects" attr.type="double"><default>0</default></key><key id="numCollegues" for="node" attr.name="numCollegues" attr.type="double"><default>0</default></key><key id="weight" for="edge" attr.name="weight" attr.type="double"><default>1</default></key><graph id="hierarchy_graph" edgedefault="directed"><node id="148875125"><data key="Title">SHARATH UDUPA</data><data key="hrank">0</data><data key="numDirects">8</data></node><node id="31502939"><data key="Title">Sonia Dhir (MINDTREE LIMITED)</data><data key="hrank">1</data><data key="numCollegues">8</data><data key="numDirects">0</data></node><node id="148886704"><data key="Title">Anand Mariappan</data><data key="hrank">1</data><data key="numCollegues">8</data><data key="numDirects">11</data></node><node id="149336575"><data key="Title">James Wu</data><data key="hrank">1</data><data key="numCollegues">8</data><data key="numDirects">0</data></node><node id="149368334"><data key="Title">Saliha Azzam</data><data key="hrank">1</data><data key="numCollegues">8</data><data key="numDirects">9</data></node><node id="149394061"><data key="Title">Tyler Peelen</data><data key="hrank">1</data><data key="numCollegues">8</data><data key="numDirects">7</data></node><node id="149418005"><data key="Title">Hao Xu</data><data key="hrank">1</data><data key="numCollegues">8</data><data key="numDirects">0</data></node><node id="149444663"><data key="Title">Abdulfatai Popoola</data><data key="hrank">1</data><data key="numCollegues">8</data><data key="numDirects">0</data></node><node id="194144064"><data key="Title">Hima Vasam (Mindtree)</data><data key="hrank">1</data><data key="numCollegues">8</data><data key="numDirects">0</data></node><node id="17847274"><data key="Title">Chuanqi Sun</data><data key="hrank">2</data><data key="numCollegues">11</data><data key="numDirects">0</data></node><node id="103550087"><data key="Title">Akash Agrawal (Wicresoft)</data><data key="hrank">2</data><data key="numCollegues">11</data><data key="numDirects">0</data></node><node id="107462001"><data key="Title">Kevin Shah</data><data key="hrank">2</data><data key="numCollegues">11</data><data key="numDirects">0</data></node><node id="145277603"><data key="Title">Nan Zhao</data><data key="hrank">2</data><data key="numCollegues">11</data><data key="numDirects">0</data></node><node id="148884817"><data key="Title">Dina Kawakami</data><data key="hrank">2</data><data key="numCollegues">11</data><data key="numDirects">0</data></node><node id="148891163"><data key="Title">Orion Lee</data><data key="hrank">2</data><data key="numCollegues">11</data><data key="numDirects">0</data></node><node id="149343296"><data key="Title">Soumya Shree Das</data><data key="hrank">2</data><data key="numCollegues">11</data><data key="numDirects">0</data></node><node id="149388175"><data key="Title">Alexander Angriawan</data><data key="hrank">2</data><data key="numCollegues">11</data><data key="numDirects">0</data></node><node id="149419209"><data key="Title">Akilesh Ganesan</data><data key="hrank">2</data><data key="numCollegues">11</data><data key="numDirects">0</data></node><node id="149420818"><data key="Title">Luke Whitestone</data><data key="hrank">2</data><data key="numCollegues">11</data><data key="numDirects">0</data></node><node id="149495056"><data key="Title">John Emau</data><data key="hrank">2</data><data key="numCollegues">11</data><data key="numDirects">0</data></node><node id="86661831"><data key="Title">Tuan Pham</data><data key="hrank">2</data><data key="numCollegues">9</data><data key="numDirects">0</data></node><node id="138540056"><data key="Title">Celine Bressler (The Lingua Team LLC)</data><data key="hrank">2</data><data key="numCollegues">9</data><data key="numDirects">0</data></node><node id="148890950"><data key="Title">Ankur Sharma (PBI)</data><data key="hrank">2</data><data key="numCollegues">9</data><data key="numDirects">0</data></node><node id="149308627"><data key="Title">Sean He</data><data key="hrank">2</data><data key="numCollegues">9</data><data key="numDirects">0</data></node><node id="149421008"><data key="Title">Vikram Rajasekaran</data><data key="hrank">2</data><data key="numCollegues">9</data><data key="numDirects">0</data></node><node id="149428327"><data key="Title">Eeshan Shah</data><data key="hrank">2</data><data key="numCollegues">9</data><data key="numDirects">0</data></node><node id="149467121"><data key="Title">Youssef El Fassy Fihry</data><data key="hrank">2</data><data key="numCollegues">9</data><data key="numDirects">0</data></node><node id="17592261266866"><data key="Title">Manal Alassaf</data><data key="hrank">2</data><data key="numCollegues">9</data><data key="numDirects">0</data></node><node id="149462816"><data key="Title">Yuva Priya Manoharan</data><data key="hrank">2</data><data key="numCollegues">9</data><data key="numDirects">0</data></node><node id="28444040"><data key="Title">Olivia Waring</data><data key="hrank">2</data><data key="numCollegues">7</data><data key="numDirects">0</data></node><node id="92251778"><data key="Title">Manav Fogla</data><data key="hrank">2</data><data key="numCollegues">7</data><data key="numDirects">0</data></node><node id="148892480"><data key="Title">Chris Chua</data><data key="hrank">2</data><data key="numCollegues">7</data><data key="numDirects">0</data></node><node id="149308341"><data key="Title">Tu Phan</data><data key="hrank">2</data><data key="numCollegues">7</data><data key="numDirects">0</data></node><node id="149329198"><data key="Title">Michel Abd Elmalik</data><data key="hrank">2</data><data key="numCollegues">7</data><data key="numDirects">0</data></node><node id="149347034"><data key="Title">Rob Knuth</data><data key="hrank">2</data><data key="numCollegues">7</data><data key="numDirects">0</data></node><node id="149374221"><data key="Title">Patrick O'Brien (ICE)</data><data key="hrank">2</data><data key="numCollegues">7</data><data key="numDirects">0</data></node><node id="-100"><data key="Title">OUTSIDE</data></node>
<edge target="31502939" source="148875125"><data key="weight">1</data></edge>
<edge target="148886704" source="148875125"><data key="weight">1</data></edge>
<edge target="149336575" source="148875125"><data key="weight">1</data></edge>
<edge target="149368334" source="148875125"><data key="weight">1</data></edge>
<edge target="149394061" source="148875125"><data key="weight">1</data></edge>
<edge target="149418005" source="148875125"><data key="weight">1</data></edge>
<edge target="149444663" source="148875125"><data key="weight">1</data></edge>
<edge target="194144064" source="148875125"><data key="weight">1</data></edge>
<edge target="17847274" source="148886704"><data key="weight">1</data></edge>
<edge target="103550087" source="148886704"><data key="weight">1</data></edge>
<edge target="107462001" source="148886704"><data key="weight">1</data></edge>
<edge target="145277603" source="148886704"><data key="weight">1</data></edge>
<edge target="148884817" source="148886704"><data key="weight">1</data></edge>
<edge target="148891163" source="148886704"><data key="weight">1</data></edge>
<edge target="149343296" source="148886704"><data key="weight">1</data></edge>
<edge target="149388175" source="148886704"><data key="weight">1</data></edge>
<edge target="149419209" source="148886704"><data key="weight">1</data></edge>
<edge target="149420818" source="148886704"><data key="weight">1</data></edge>
<edge target="149495056" source="148886704"><data key="weight">1</data></edge>
<edge target="86661831" source="149368334"><data key="weight">1</data></edge>
<edge target="138540056" source="149368334"><data key="weight">1</data></edge>
<edge target="148890950" source="149368334"><data key="weight">1</data></edge>
<edge target="149308627" source="149368334"><data key="weight">1</data></edge>
<edge target="149421008" source="149368334"><data key="weight">1</data></edge>
<edge target="149428327" source="149368334"><data key="weight">1</data></edge>
<edge target="149467121" source="149368334"><data key="weight">1</data></edge>
<edge target="17592261266866" source="149368334"><data key="weight">1</data></edge>
<edge target="149462816" source="149368334"><data key="weight">0</data></edge>
<edge target="28444040" source="149394061"><data key="weight">1</data></edge>
<edge target="92251778" source="149394061"><data key="weight">1</data></edge>
<edge target="148892480" source="149394061"><data key="weight">1</data></edge>
<edge target="149308341" source="149394061"><data key="weight">1</data></edge>
<edge target="149329198" source="149394061"><data key="weight">1</data></edge>
<edge target="149347034" source="149394061"><data key="weight">1</data></edge>
<edge target="149374221" source="149394061"><data key="weight">1</data></edge></graph></graphml>