﻿<?xml version="1.0" encoding="utf-8"?><graphml xmlns:xsi="http://www.w3.org/2001/XMLSchema-instance" xsi:schemaLocation="http://graphml.graphdrawing.org/xmlns http://graphml.graphdrawing.org/xmlns/1.0/graphml.xsd" xmlns="http://graphml.graphdrawing.org/xmlns"><key id="Title" for="node" attr.name="Title" attr.type="string"><default>unknown</default></key><key id="hrank" for="node" attr.name="hrank" attr.type="double"><default>0</default></key><key id="numDirects" for="node" attr.name="numDirects" attr.type="double"><default>0</default></key><key id="numCollegues" for="node" attr.name="numCollegues" attr.type="double"><default>0</default></key><key id="weight" for="edge" attr.name="weight" attr.type="double"><default>1</default></key><graph id="hierarchy_graph" edgedefault="directed"><node id="149342363"><data key="Title">Ariel</data><data key="hrank">0</data><data key="numDirects">6</data></node><node id="148878384"><data key="Title">Ilan Herbst</data><data key="hrank">1</data><data key="numCollegues">6</data><data key="numDirects">7</data></node><node id="148884407"><data key="Title">Stas Klyachkovsky</data><data key="hrank">1</data><data key="numCollegues">6</data><data key="numDirects">9</data></node><node id="148886980"><data key="Title">Yifat Sagiv</data><data key="hrank">1</data><data key="numCollegues">6</data><data key="numDirects">12</data></node><node id="148891924"><data key="Title">Oded Bar Levy</data><data key="hrank">1</data><data key="numCollegues">6</data><data key="numDirects">0</data></node><node id="149396250"><data key="Title">Oren Winter</data><data key="hrank">1</data><data key="numCollegues">6</data><data key="numDirects">8</data></node><node id="149474413"><data key="Title">Eyal Carmel</data><data key="hrank">1</data><data key="numCollegues">6</data><data key="numDirects">4</data></node><node id="2286675"><data key="Title">Alexey Yarovinsky</data><data key="hrank">2</data><data key="numCollegues">7</data><data key="numDirects">0</data></node><node id="149312066"><data key="Title">Dikla Ben Yehuda</data><data key="hrank">2</data><data key="numCollegues">7</data><data key="numDirects">0</data></node><node id="149443165"><data key="Title">Gregory Borodin</data><data key="hrank">2</data><data key="numCollegues">7</data><data key="numDirects">0</data></node><node id="149470141"><data key="Title">Sagi Sela</data><data key="hrank">2</data><data key="numCollegues">7</data><data key="numDirects">0</data></node><node id="226045385"><data key="Title">Tal Rostoker</data><data key="hrank">2</data><data key="numCollegues">7</data><data key="numDirects">0</data></node><node id="266146900"><data key="Title">Sabri Amar (Qualitest)</data><data key="hrank">2</data><data key="numCollegues">7</data><data key="numDirects">0</data></node><node id="355227251"><data key="Title">Sofia Gendelman</data><data key="hrank">2</data><data key="numCollegues">7</data><data key="numDirects">0</data></node><node id="96517627"><data key="Title">Guy Moses</data><data key="hrank">2</data><data key="numCollegues">9</data><data key="numDirects">0</data></node><node id="148876967"><data key="Title">Avi Sander</data><data key="hrank">2</data><data key="numCollegues">9</data><data key="numDirects">0</data></node><node id="148881353"><data key="Title">Jenny Feldman</data><data key="hrank">2</data><data key="numCollegues">9</data><data key="numDirects">0</data></node><node id="148885510"><data key="Title">Raanan Zvi</data><data key="hrank">2</data><data key="numCollegues">9</data><data key="numDirects">0</data></node><node id="149348192"><data key="Title">Noam Behar</data><data key="hrank">2</data><data key="numCollegues">9</data><data key="numDirects">0</data></node><node id="149369272"><data key="Title">Shlomo David</data><data key="hrank">2</data><data key="numCollegues">9</data><data key="numDirects">0</data></node><node id="149425689"><data key="Title">Jacob Minsky</data><data key="hrank">2</data><data key="numCollegues">9</data><data key="numDirects">0</data></node><node id="17592397292165"><data key="Title">Lana Salameh</data><data key="hrank">2</data><data key="numCollegues">9</data><data key="numDirects">0</data></node><node id="17592455500473"><data key="Title">Hilla Cohen</data><data key="hrank">2</data><data key="numCollegues">9</data><data key="numDirects">0</data></node><node id="20198260"><data key="Title">Omri Armstrong</data><data key="hrank">2</data><data key="numCollegues">12</data><data key="numDirects">0</data></node><node id="59256133"><data key="Title">Noa Nutkevitch</data><data key="hrank">2</data><data key="numCollegues">12</data><data key="numDirects">0</data></node><node id="148876580"><data key="Title">Arina Hantsis</data><data key="hrank">2</data><data key="numCollegues">12</data><data key="numDirects">0</data></node><node id="149303890"><data key="Title">Gilad Taragano</data><data key="hrank">2</data><data key="numCollegues">12</data><data key="numDirects">0</data></node><node id="149323889"><data key="Title">Boaz Chen</data><data key="hrank">2</data><data key="numCollegues">12</data><data key="numDirects">0</data></node><node id="149368345"><data key="Title">Sasha Alperovich</data><data key="hrank">2</data><data key="numCollegues">12</data><data key="numDirects">0</data></node><node id="149395698"><data key="Title">Yehuda Arkin Adar</data><data key="hrank">2</data><data key="numCollegues">12</data><data key="numDirects">0</data></node><node id="149397057"><data key="Title">Ran Didi</data><data key="hrank">2</data><data key="numCollegues">12</data><data key="numDirects">0</data></node><node id="149401203"><data key="Title">Yoav Ossia</data><data key="hrank">2</data><data key="numCollegues">12</data><data key="numDirects">0</data></node><node id="149423285"><data key="Title">Eli Greenwald</data><data key="hrank">2</data><data key="numCollegues">12</data><data key="numDirects">0</data></node><node id="149427618"><data key="Title">Ali Hamud</data><data key="hrank">2</data><data key="numCollegues">12</data><data key="numDirects">0</data></node><node id="17592400532612"><data key="Title">Najib Abu Samra</data><data key="hrank">2</data><data key="numCollegues">12</data><data key="numDirects">0</data></node><node id="148893199"><data key="Title">Yoav Yassour</data><data key="hrank">2</data><data key="numCollegues">8</data><data key="numDirects">7</data></node><node id="149305457"><data key="Title">Hila Yehuda</data><data key="hrank">2</data><data key="numCollegues">8</data><data key="numDirects">2</data></node><node id="149312644"><data key="Title">Gennady Pats</data><data key="hrank">2</data><data key="numCollegues">8</data><data key="numDirects">0</data></node><node id="149343873"><data key="Title">Ron Gilad</data><data key="hrank">2</data><data key="numCollegues">8</data><data key="numDirects">8</data></node><node id="149355385"><data key="Title">Adi Regev</data><data key="hrank">2</data><data key="numCollegues">8</data><data key="numDirects">8</data></node><node id="149371614"><data key="Title">Shahar Prish</data><data key="hrank">2</data><data key="numCollegues">8</data><data key="numDirects">0</data></node><node id="149471825"><data key="Title">Yitzhak Kesselman</data><data key="hrank">2</data><data key="numCollegues">8</data><data key="numDirects">8</data></node><node id="203120894"><data key="Title">Guy Shalev</data><data key="hrank">2</data><data key="numCollegues">8</data><data key="numDirects">7</data></node><node id="20942962"><data key="Title">Artem Atriaskin</data><data key="hrank">3</data><data key="numCollegues">7</data><data key="numDirects">0</data></node><node id="148858247"><data key="Title">Dor Goldbaum</data><data key="hrank">3</data><data key="numCollegues">7</data><data key="numDirects">0</data></node><node id="149410377"><data key="Title">Merav Bercovitz</data><data key="hrank">3</data><data key="numCollegues">7</data><data key="numDirects">0</data></node><node id="149437492"><data key="Title">Erez Goldshide</data><data key="hrank">3</data><data key="numCollegues">7</data><data key="numDirects">0</data></node><node id="305303666"><data key="Title">Uriel Moshe Hai</data><data key="hrank">3</data><data key="numCollegues">7</data><data key="numDirects">0</data></node><node id="315872352"><data key="Title">Khalid Awwad</data><data key="hrank">3</data><data key="numCollegues">7</data><data key="numDirects">0</data></node><node id="340284358"><data key="Title">Itay Demri</data><data key="hrank">3</data><data key="numCollegues">7</data><data key="numDirects">0</data></node><node id="149475109"><data key="Title">Ligal Tuval</data><data key="hrank">3</data><data key="numCollegues">2</data><data key="numDirects">0</data></node><node id="340284315"><data key="Title">Alexandr Gavrishev</data><data key="hrank">3</data><data key="numCollegues">2</data><data key="numDirects">0</data></node><node id="24786230"><data key="Title">Haim Sabo</data><data key="hrank">3</data><data key="numCollegues">8</data><data key="numDirects">0</data></node><node id="148888952"><data key="Title">Inbar Ron</data><data key="hrank">3</data><data key="numCollegues">8</data><data key="numDirects">0</data></node><node id="149373676"><data key="Title">Guy Arad</data><data key="hrank">3</data><data key="numCollegues">8</data><data key="numDirects">0</data></node><node id="149395605"><data key="Title">Yaniv Kravitz</data><data key="hrank">3</data><data key="numCollegues">8</data><data key="numDirects">0</data></node><node id="149455550"><data key="Title">Ohad Schneider</data><data key="hrank">3</data><data key="numCollegues">8</data><data key="numDirects">0</data></node><node id="149469572"><data key="Title">Yehonatan Ginzberg</data><data key="hrank">3</data><data key="numCollegues">8</data><data key="numDirects">0</data></node><node id="187825319"><data key="Title">Adam Yaari</data><data key="hrank">3</data><data key="numCollegues">8</data><data key="numDirects">0</data></node><node id="17592431467863"><data key="Title">Asaf Isser</data><data key="hrank">3</data><data key="numCollegues">8</data><data key="numDirects">0</data></node><node id="31093401"><data key="Title">Sruly Taber</data><data key="hrank">3</data><data key="numCollegues">8</data><data key="numDirects">0</data></node><node id="95844937"><data key="Title">Ali Mostafa</data><data key="hrank">3</data><data key="numCollegues">8</data><data key="numDirects">0</data></node><node id="149317946"><data key="Title">Yonatan Appel</data><data key="hrank">3</data><data key="numCollegues">8</data><data key="numDirects">0</data></node><node id="149328096"><data key="Title">Gitit Grohar</data><data key="hrank">3</data><data key="numCollegues">8</data><data key="numDirects">0</data></node><node id="149352997"><data key="Title">Idan Sheinberg</data><data key="hrank">3</data><data key="numCollegues">8</data><data key="numDirects">0</data></node><node id="149417845"><data key="Title">Guy Fliess</data><data key="hrank">3</data><data key="numCollegues">8</data><data key="numDirects">0</data></node><node id="149493711"><data key="Title">Bat-chen Haviv</data><data key="hrank">3</data><data key="numCollegues">8</data><data key="numDirects">0</data></node><node id="17592400497457"><data key="Title">Daniel Blinick</data><data key="hrank">3</data><data key="numCollegues">8</data><data key="numDirects">0</data></node><node id="120999129"><data key="Title">Ronit Ravitz Fried</data><data key="hrank">3</data><data key="numCollegues">8</data><data key="numDirects">0</data></node><node id="138941587"><data key="Title">Ayesh Qumhieh (ASAL Technologies Ltd)</data><data key="hrank">3</data><data key="numCollegues">8</data><data key="numDirects">0</data></node><node id="144832617"><data key="Title">Amit Ishai</data><data key="hrank">3</data><data key="numCollegues">8</data><data key="numDirects">0</data></node><node id="149308727"><data key="Title">David Bahat</data><data key="hrank">3</data><data key="numCollegues">8</data><data key="numDirects">0</data></node><node id="149380738"><data key="Title">Galia Weber</data><data key="hrank">3</data><data key="numCollegues">8</data><data key="numDirects">0</data></node><node id="340284375"><data key="Title">Igor Celik</data><data key="hrank">3</data><data key="numCollegues">8</data><data key="numDirects">0</data></node><node id="17592242903527"><data key="Title">Milana Raiter (Matchpoint IT Ltd)</data><data key="hrank">3</data><data key="numCollegues">8</data><data key="numDirects">0</data></node><node id="17592288054608"><data key="Title">Assaf Shemesh</data><data key="hrank">3</data><data key="numCollegues">8</data><data key="numDirects">0</data></node><node id="41753016"><data key="Title">Roy Gal</data><data key="hrank">3</data><data key="numCollegues">7</data><data key="numDirects">0</data></node><node id="105611773"><data key="Title">Ella Ben-Tov</data><data key="hrank">3</data><data key="numCollegues">7</data><data key="numDirects">0</data></node><node id="149365284"><data key="Title">Sharon Laivand</data><data key="hrank">3</data><data key="numCollegues">7</data><data key="numDirects">0</data></node><node id="149405896"><data key="Title">Yaron Canari</data><data key="hrank">3</data><data key="numCollegues">7</data><data key="numDirects">0</data></node><node id="149420218"><data key="Title">Romi Koifman</data><data key="hrank">3</data><data key="numCollegues">7</data><data key="numDirects">0</data></node><node id="149422381"><data key="Title">Gabi Lehner</data><data key="hrank">3</data><data key="numCollegues">7</data><data key="numDirects">0</data></node><node id="149448960"><data key="Title">Meital Taran- Gutman</data><data key="hrank">3</data><data key="numCollegues">7</data><data key="numDirects">0</data></node><node id="31584863"><data key="Title">Boris Efraty</data><data key="hrank">2</data><data key="numCollegues">4</data><data key="numDirects">0</data></node><node id="149327567"><data key="Title">Moshe Golan</data><data key="hrank">2</data><data key="numCollegues">4</data><data key="numDirects">0</data></node><node id="149418549"><data key="Title">Tzvi Keisar</data><data key="hrank">2</data><data key="numCollegues">4</data><data key="numDirects">0</data></node><node id="149436623"><data key="Title">Aviv Ezrachi</data><data key="hrank">2</data><data key="numCollegues">4</data><data key="numDirects">0</data></node><node id="-100"><data key="Title">OUTSIDE</data></node>
<edge target="148878384" source="149342363"><data key="weight">1</data></edge>
<edge target="148884407" source="149342363"><data key="weight">1</data></edge>
<edge target="148886980" source="149342363"><data key="weight">1</data></edge>
<edge target="148891924" source="149342363"><data key="weight">1</data></edge>
<edge target="149396250" source="149342363"><data key="weight">1</data></edge>
<edge target="149474413" source="149342363"><data key="weight">1</data></edge>
<edge target="2286675" source="148878384"><data key="weight">1</data></edge>
<edge target="149312066" source="148878384"><data key="weight">1</data></edge>
<edge target="149443165" source="148878384"><data key="weight">1</data></edge>
<edge target="149470141" source="148878384"><data key="weight">1</data></edge>
<edge target="226045385" source="148878384"><data key="weight">1</data></edge>
<edge target="266146900" source="148878384"><data key="weight">1</data></edge>
<edge target="355227251" source="148878384"><data key="weight">1</data></edge>
<edge target="96517627" source="148884407"><data key="weight">1</data></edge>
<edge target="148876967" source="148884407"><data key="weight">1</data></edge>
<edge target="148881353" source="148884407"><data key="weight">1</data></edge>
<edge target="148885510" source="148884407"><data key="weight">1</data></edge>
<edge target="149348192" source="148884407"><data key="weight">1</data></edge>
<edge target="149369272" source="148884407"><data key="weight">1</data></edge>
<edge target="149425689" source="148884407"><data key="weight">1</data></edge>
<edge target="17592397292165" source="148884407"><data key="weight">1</data></edge>
<edge target="17592455500473" source="148884407"><data key="weight">1</data></edge>
<edge target="20198260" source="148886980"><data key="weight">1</data></edge>
<edge target="59256133" source="148886980"><data key="weight">1</data></edge>
<edge target="148876580" source="148886980"><data key="weight">1</data></edge>
<edge target="149303890" source="148886980"><data key="weight">1</data></edge>
<edge target="149323889" source="148886980"><data key="weight">1</data></edge>
<edge target="149368345" source="148886980"><data key="weight">1</data></edge>
<edge target="149395698" source="148886980"><data key="weight">1</data></edge>
<edge target="149397057" source="148886980"><data key="weight">1</data></edge>
<edge target="149401203" source="148886980"><data key="weight">1</data></edge>
<edge target="149423285" source="148886980"><data key="weight">1</data></edge>
<edge target="149427618" source="148886980"><data key="weight">1</data></edge>
<edge target="17592400532612" source="148886980"><data key="weight">1</data></edge>
<edge target="148893199" source="149396250"><data key="weight">1</data></edge>
<edge target="149305457" source="149396250"><data key="weight">1</data></edge>
<edge target="149312644" source="149396250"><data key="weight">1</data></edge>
<edge target="149343873" source="149396250"><data key="weight">1</data></edge>
<edge target="149355385" source="149396250"><data key="weight">1</data></edge>
<edge target="149371614" source="149396250"><data key="weight">1</data></edge>
<edge target="149471825" source="149396250"><data key="weight">1</data></edge>
<edge target="203120894" source="149396250"><data key="weight">1</data></edge>
<edge target="20942962" source="148893199"><data key="weight">1</data></edge>
<edge target="148858247" source="148893199"><data key="weight">1</data></edge>
<edge target="149410377" source="148893199"><data key="weight">1</data></edge>
<edge target="149437492" source="148893199"><data key="weight">1</data></edge>
<edge target="305303666" source="148893199"><data key="weight">1</data></edge>
<edge target="315872352" source="148893199"><data key="weight">1</data></edge>
<edge target="340284358" source="148893199"><data key="weight">1</data></edge>
<edge target="149475109" source="149305457"><data key="weight">1</data></edge>
<edge target="340284315" source="149305457"><data key="weight">1</data></edge>
<edge target="24786230" source="149343873"><data key="weight">1</data></edge>
<edge target="148888952" source="149343873"><data key="weight">1</data></edge>
<edge target="149373676" source="149343873"><data key="weight">1</data></edge>
<edge target="149395605" source="149343873"><data key="weight">1</data></edge>
<edge target="149455550" source="149343873"><data key="weight">1</data></edge>
<edge target="149469572" source="149343873"><data key="weight">1</data></edge>
<edge target="187825319" source="149343873"><data key="weight">1</data></edge>
<edge target="17592431467863" source="149343873"><data key="weight">1</data></edge>
<edge target="31093401" source="149355385"><data key="weight">1</data></edge>
<edge target="95844937" source="149355385"><data key="weight">1</data></edge>
<edge target="149317946" source="149355385"><data key="weight">1</data></edge>
<edge target="149328096" source="149355385"><data key="weight">1</data></edge>
<edge target="149352997" source="149355385"><data key="weight">1</data></edge>
<edge target="149417845" source="149355385"><data key="weight">1</data></edge>
<edge target="149493711" source="149355385"><data key="weight">1</data></edge>
<edge target="17592400497457" source="149355385"><data key="weight">1</data></edge>
<edge target="120999129" source="149471825"><data key="weight">1</data></edge>
<edge target="138941587" source="149471825"><data key="weight">1</data></edge>
<edge target="144832617" source="149471825"><data key="weight">1</data></edge>
<edge target="149308727" source="149471825"><data key="weight">1</data></edge>
<edge target="149380738" source="149471825"><data key="weight">1</data></edge>
<edge target="340284375" source="149471825"><data key="weight">1</data></edge>
<edge target="17592242903527" source="149471825"><data key="weight">1</data></edge>
<edge target="17592288054608" source="149471825"><data key="weight">1</data></edge>
<edge target="41753016" source="203120894"><data key="weight">1</data></edge>
<edge target="105611773" source="203120894"><data key="weight">1</data></edge>
<edge target="149365284" source="203120894"><data key="weight">1</data></edge>
<edge target="149405896" source="203120894"><data key="weight">1</data></edge>
<edge target="149420218" source="203120894"><data key="weight">1</data></edge>
<edge target="149422381" source="203120894"><data key="weight">1</data></edge>
<edge target="149448960" source="203120894"><data key="weight">1</data></edge>
<edge target="31584863" source="149474413"><data key="weight">1</data></edge>
<edge target="149327567" source="149474413"><data key="weight">1</data></edge>
<edge target="149418549" source="149474413"><data key="weight">1</data></edge>
<edge target="149436623" source="149474413"><data key="weight">1</data></edge></graph></graphml>