﻿<?xml version="1.0" encoding="utf-8"?><graphml xmlns:xsi="http://www.w3.org/2001/XMLSchema-instance" xsi:schemaLocation="http://graphml.graphdrawing.org/xmlns http://graphml.graphdrawing.org/xmlns/1.0/graphml.xsd" xmlns="http://graphml.graphdrawing.org/xmlns"><key id="Title" for="node" attr.name="Title" attr.type="string"><default>unknown</default></key><key id="hrank" for="node" attr.name="hrank" attr.type="double"><default>0</default></key><key id="numDirects" for="node" attr.name="numDirects" attr.type="double"><default>0</default></key><key id="numCollegues" for="node" attr.name="numCollegues" attr.type="double"><default>0</default></key><key id="RecentlyModifiedCount" for="node" attr.name="RecentlyModifiedCount" attr.type="double"><default>0</default></key><key id="weight" for="edge" attr.name="weight" attr.type="double"><default>1</default></key><graph id="social_graph" edgedefault="undirected"><node id="148891070"><data key="Title">Charles Lamanna</data><data key="hrank">0</data><data key="numDirects">5</data><data key="RecentlyModifiedCount">8</data></node><node id="148880381"><data key="Title">Vinay Singh</data><data key="hrank">1</data><data key="numCollegues">5</data><data key="numDirects">5</data><data key="RecentlyModifiedCount">8</data></node><node id="149311538"><data key="Title">Ilya Grebnov</data><data key="hrank">1</data><data key="numCollegues">5</data><data key="numDirects">0</data><data key="RecentlyModifiedCount">1</data></node><node id="149337208"><data key="Title">B. Shyamsundar</data><data key="hrank">1</data><data key="numCollegues">5</data><data key="numDirects">10</data><data key="RecentlyModifiedCount">5</data></node><node id="149359973"><data key="Title">Raj Rangarajan</data><data key="hrank">1</data><data key="numCollegues">5</data><data key="numDirects">3</data><data key="RecentlyModifiedCount">11</data></node><node id="149392334"><data key="Title">Sanjiv Gupta</data><data key="hrank">1</data><data key="numCollegues">5</data><data key="numDirects">16</data><data key="RecentlyModifiedCount">3</data></node><node id="101221358"><data key="Title">Max Shao</data><data key="hrank">2</data><data key="numCollegues">5</data><data key="numDirects">0</data><data key="RecentlyModifiedCount">3</data></node><node id="149303784"><data key="Title">Sornakumar Sundararajan</data><data key="hrank">2</data><data key="numCollegues">5</data><data key="numDirects">0</data><data key="RecentlyModifiedCount">4</data></node><node id="149420887"><data key="Title">Arun Kumar Singh (AZURE)</data><data key="hrank">2</data><data key="numCollegues">5</data><data key="numDirects">0</data><data key="RecentlyModifiedCount">1</data></node><node id="149431854"><data key="Title">Rama Krishna Rayudu</data><data key="hrank">2</data><data key="numCollegues">5</data><data key="numDirects">0</data><data key="RecentlyModifiedCount">4</data></node><node id="149443523"><data key="Title">Preetham Vinod</data><data key="hrank">2</data><data key="numCollegues">5</data><data key="numDirects">0</data><data key="RecentlyModifiedCount">3</data></node><node id="36616284"><data key="Title">Rachel Macfarlane</data><data key="hrank">2</data><data key="numCollegues">10</data><data key="numDirects">0</data><data key="RecentlyModifiedCount">3</data></node><node id="149329357"><data key="Title">Pingjiang Wang</data><data key="hrank">2</data><data key="numCollegues">10</data><data key="numDirects">0</data><data key="RecentlyModifiedCount">2</data></node><node id="149330391"><data key="Title">Rohitha Hewawasam</data><data key="hrank">2</data><data key="numCollegues">10</data><data key="numDirects">0</data><data key="RecentlyModifiedCount">10</data></node><node id="149338005"><data key="Title">Lakshmi Akkiraju</data><data key="hrank">2</data><data key="numCollegues">10</data><data key="numDirects">0</data><data key="RecentlyModifiedCount">5</data></node><node id="149341281"><data key="Title">Tony Tang</data><data key="hrank">2</data><data key="numCollegues">10</data><data key="numDirects">0</data><data key="RecentlyModifiedCount">4</data></node><node id="149379814"><data key="Title">Priti Sambandam</data><data key="hrank">2</data><data key="numCollegues">10</data><data key="numDirects">0</data><data key="RecentlyModifiedCount">3</data></node><node id="149400662"><data key="Title">John Wang (AUX)</data><data key="hrank">2</data><data key="numCollegues">10</data><data key="numDirects">0</data><data key="RecentlyModifiedCount">3</data></node><node id="149407151"><data key="Title">Szymon Wylezol</data><data key="hrank">2</data><data key="numCollegues">10</data><data key="numDirects">0</data><data key="RecentlyModifiedCount">7</data></node><node id="149475705"><data key="Title">Mitren Chinoy</data><data key="hrank">2</data><data key="numCollegues">10</data><data key="numDirects">0</data><data key="RecentlyModifiedCount">6</data></node><node id="357571688"><data key="Title">Joe Chung</data><data key="hrank">2</data><data key="numCollegues">10</data><data key="numDirects">0</data><data key="RecentlyModifiedCount">2</data></node><node id="148886528"><data key="Title">Kartik Rao Polepalli</data><data key="hrank">2</data><data key="numCollegues">3</data><data key="numDirects">0</data><data key="RecentlyModifiedCount">2</data></node><node id="149313503"><data key="Title">Ashwin Sathya Raghunathan</data><data key="hrank">2</data><data key="numCollegues">3</data><data key="numDirects">0</data><data key="RecentlyModifiedCount">4</data></node><node id="149415275"><data key="Title">Srinivas Pushkar Ravipati</data><data key="hrank">2</data><data key="numCollegues">3</data><data key="numDirects">0</data><data key="RecentlyModifiedCount">5</data></node><node id="107747799"><data key="Title">Rocky Shi (Wu Xi Wen Si Hai Hui Xin Xi Ji)</data><data key="hrank">2</data><data key="numCollegues">16</data><data key="numDirects">0</data><data key="RecentlyModifiedCount">1</data></node><node id="148899628"><data key="Title">Parikshit Gupta</data><data key="hrank">2</data><data key="numCollegues">16</data><data key="numDirects">0</data><data key="RecentlyModifiedCount">4</data></node><node id="148899743"><data key="Title">Taihai Gao (Pactera)</data><data key="hrank">2</data><data key="numCollegues">16</data><data key="numDirects">0</data><data key="RecentlyModifiedCount">2</data></node><node id="149300921"><data key="Title">Jinhuan Bao (Pactera)</data><data key="hrank">2</data><data key="numCollegues">16</data><data key="numDirects">0</data><data key="RecentlyModifiedCount">0</data></node><node id="149303419"><data key="Title">Yue Zhang (Pactera)</data><data key="hrank">2</data><data key="numCollegues">16</data><data key="numDirects">0</data><data key="RecentlyModifiedCount">0</data></node><node id="149348875"><data key="Title">Wayne King</data><data key="hrank">2</data><data key="numCollegues">16</data><data key="numDirects">0</data><data key="RecentlyModifiedCount">8</data></node><node id="149359764"><data key="Title">Pravakar Garnayak</data><data key="hrank">2</data><data key="numCollegues">16</data><data key="numDirects">0</data><data key="RecentlyModifiedCount">3</data></node><node id="149363096"><data key="Title">Pavan G (Tech Mahindra Ltd)</data><data key="hrank">2</data><data key="numCollegues">16</data><data key="numDirects">0</data><data key="RecentlyModifiedCount">0</data></node><node id="149372614"><data key="Title">Praveen Srivastava</data><data key="hrank">2</data><data key="numCollegues">16</data><data key="numDirects">0</data><data key="RecentlyModifiedCount">1</data></node><node id="149377214"><data key="Title">Neha Gupta</data><data key="hrank">2</data><data key="numCollegues">16</data><data key="numDirects">0</data><data key="RecentlyModifiedCount">5</data></node><node id="149439750"><data key="Title">Eldon Cornelio</data><data key="hrank">2</data><data key="numCollegues">16</data><data key="numDirects">0</data><data key="RecentlyModifiedCount">1</data></node><node id="149439907"><data key="Title">Anuja Brabaharan</data><data key="hrank">2</data><data key="numCollegues">16</data><data key="numDirects">0</data><data key="RecentlyModifiedCount">1</data></node><node id="149445243"><data key="Title">Rishi Barua</data><data key="hrank">2</data><data key="numCollegues">16</data><data key="numDirects">0</data><data key="RecentlyModifiedCount">1</data></node><node id="149450038"><data key="Title">Xinzhu Chen (Pactera)</data><data key="hrank">2</data><data key="numCollegues">16</data><data key="numDirects">0</data><data key="RecentlyModifiedCount">0</data></node><node id="191556044"><data key="Title">Elvis Shi</data><data key="hrank">2</data><data key="numCollegues">16</data><data key="numDirects">0</data><data key="RecentlyModifiedCount">4</data></node><node id="240148476"><data key="Title">Yihui Wang</data><data key="hrank">2</data><data key="numCollegues">16</data><data key="numDirects">0</data><data key="RecentlyModifiedCount">1</data></node><node id="-100"><data key="Title">OUTSIDE</data><data key="RecentlyModifiedCount">0</data></node>
<edge target="149311538" source="148891070"><data key="weight">200</data></edge>
<edge target="149337208" source="148891070"><data key="weight">199</data></edge>
<edge target="-100" source="148891070"><data key="weight">756</data></edge>
<edge target="149431854" source="148880381"><data key="weight">200</data></edge>
<edge target="148891070" source="148880381"><data key="weight">99</data></edge>
<edge target="-100" source="148880381"><data key="weight">372</data></edge>
<edge target="149443523" source="148880381"><data key="weight">195</data></edge>
<edge target="149303784" source="148880381"><data key="weight">193</data></edge>
<edge target="149415275" source="148880381"><data key="weight">188</data></edge>
<edge target="148886528" source="148880381"><data key="weight">190</data></edge>
<edge target="149337208" source="149311538"><data key="weight">190</data></edge>
<edge target="-100" source="149311538"><data key="weight">660</data></edge>
<edge target="149407151" source="149311538"><data key="weight">96</data></edge>
<edge target="36616284" source="149337208"><data key="weight">199</data></edge>
<edge target="149330391" source="149337208"><data key="weight">198</data></edge>
<edge target="-100" source="149337208"><data key="weight">97</data></edge>
<edge target="149379814" source="149337208"><data key="weight">196</data></edge>
<edge target="149407151" source="149337208"><data key="weight">194</data></edge>
<edge target="149338005" source="149337208"><data key="weight">194</data></edge>
<edge target="149400662" source="149337208"><data key="weight">189</data></edge>
<edge target="149341281" source="149337208"><data key="weight">192</data></edge>
<edge target="148891070" source="149359973"><data key="weight">100</data></edge>
<edge target="-100" source="149359973"><data key="weight">761</data></edge>
<edge target="149337208" source="149359973"><data key="weight">93</data></edge>
<edge target="149372614" source="149392334"><data key="weight">200</data></edge>
<edge target="148899628" source="149392334"><data key="weight">199</data></edge>
<edge target="149445243" source="149392334"><data key="weight">196</data></edge>
<edge target="-100" source="149392334"><data key="weight">97</data></edge>
<edge target="149348875" source="149392334"><data key="weight">196</data></edge>
<edge target="149377214" source="149392334"><data key="weight">191</data></edge>
<edge target="149359764" source="149392334"><data key="weight">194</data></edge>
<edge target="149439750" source="149392334"><data key="weight">188</data></edge>
<edge target="191556044" source="149392334"><data key="weight">190</data></edge>
<edge target="148880381" source="149392334"><data key="weight">90</data></edge>
<edge target="148880381" source="101221358"><data key="weight">100</data></edge>
<edge target="149303784" source="101221358"><data key="weight">199</data></edge>
<edge target="148886528" source="101221358"><data key="weight">193</data></edge>
<edge target="148891070" source="101221358"><data key="weight">97</data></edge>
<edge target="-100" source="101221358"><data key="weight">378</data></edge>
<edge target="149431854" source="101221358"><data key="weight">189</data></edge>
<edge target="149313503" source="101221358"><data key="weight">91</data></edge>
<edge target="149420887" source="149303784"><data key="weight">199</data></edge>
<edge target="149431854" source="149303784"><data key="weight">195</data></edge>
<edge target="-100" source="149303784"><data key="weight">190</data></edge>
<edge target="149443523" source="149303784"><data key="weight">191</data></edge>
<edge target="148886528" source="149303784"><data key="weight">188</data></edge>
<edge target="149313503" source="149303784"><data key="weight">181</data></edge>
<edge target="148891070" source="149303784"><data key="weight">87</data></edge>
<edge target="148891070" source="149420887"><data key="weight">99</data></edge>
<edge target="148880381" source="149420887"><data key="weight">98</data></edge>
<edge target="149431854" source="149420887"><data key="weight">97</data></edge>
<edge target="149443523" source="149420887"><data key="weight">96</data></edge>
<edge target="101221358" source="149420887"><data key="weight">95</data></edge>
<edge target="-100" source="149420887"><data key="weight">273</data></edge>
<edge target="149313503" source="149420887"><data key="weight">183</data></edge>
<edge target="149443523" source="149431854"><data key="weight">199</data></edge>
<edge target="148891070" source="149431854"><data key="weight">96</data></edge>
<edge target="148886528" source="149431854"><data key="weight">95</data></edge>
<edge target="-100" source="149431854"><data key="weight">269</data></edge>
<edge target="149313503" source="149431854"><data key="weight">176</data></edge>
<edge target="101221358" source="149443523"><data key="weight">97</data></edge>
<edge target="148891070" source="149443523"><data key="weight">96</data></edge>
<edge target="-100" source="149443523"><data key="weight">270</data></edge>
<edge target="148886528" source="149443523"><data key="weight">93</data></edge>
<edge target="149313503" source="149443523"><data key="weight">179</data></edge>
<edge target="149407151" source="36616284"><data key="weight">190</data></edge>
<edge target="149400662" source="36616284"><data key="weight">198</data></edge>
<edge target="149475705" source="36616284"><data key="weight">189</data></edge>
<edge target="149379814" source="36616284"><data key="weight">190</data></edge>
<edge target="-100" source="36616284"><data key="weight">187</data></edge>
<edge target="149338005" source="36616284"><data key="weight">93</data></edge>
<edge target="149341281" source="36616284"><data key="weight">91</data></edge>
<edge target="148891070" source="36616284"><data key="weight">90</data></edge>
<edge target="149400662" source="149329357"><data key="weight">100</data></edge>
<edge target="-100" source="149329357"><data key="weight">564</data></edge>
<edge target="149337208" source="149329357"><data key="weight">97</data></edge>
<edge target="148891070" source="149329357"><data key="weight">96</data></edge>
<edge target="149311538" source="149329357"><data key="weight">93</data></edge>
<edge target="149341281" source="149330391"><data key="weight">99</data></edge>
<edge target="-100" source="149330391"><data key="weight">569</data></edge>
<edge target="148891070" source="149330391"><data key="weight">92</data></edge>
<edge target="149407151" source="149330391"><data key="weight">90</data></edge>
<edge target="148891070" source="149338005"><data key="weight">99</data></edge>
<edge target="149341281" source="149338005"><data key="weight">192</data></edge>
<edge target="-100" source="149338005"><data key="weight">187</data></edge>
<edge target="149407151" source="149338005"><data key="weight">189</data></edge>
<edge target="149379814" source="149338005"><data key="weight">190</data></edge>
<edge target="149475705" source="149338005"><data key="weight">190</data></edge>
<edge target="149311538" source="149338005"><data key="weight">92</data></edge>
<edge target="357571688" source="149338005"><data key="weight">189</data></edge>
<edge target="149407151" source="149341281"><data key="weight">197</data></edge>
<edge target="148891070" source="149341281"><data key="weight">98</data></edge>
<edge target="149475705" source="149341281"><data key="weight">196</data></edge>
<edge target="-100" source="149341281"><data key="weight">282</data></edge>
<edge target="149400662" source="149341281"><data key="weight">93</data></edge>
<edge target="149379814" source="149341281"><data key="weight">187</data></edge>
<edge target="149400662" source="149379814"><data key="weight">193</data></edge>
<edge target="149330391" source="149379814"><data key="weight">98</data></edge>
<edge target="149407151" source="149379814"><data key="weight">192</data></edge>
<edge target="148891070" source="149379814"><data key="weight">93</data></edge>
<edge target="149311538" source="149379814"><data key="weight">92</data></edge>
<edge target="-100" source="149379814"><data key="weight">90</data></edge>
<edge target="148891070" source="149400662"><data key="weight">99</data></edge>
<edge target="-100" source="149400662"><data key="weight">193</data></edge>
<edge target="149311538" source="149400662"><data key="weight">97</data></edge>
<edge target="357571688" source="149400662"><data key="weight">93</data></edge>
<edge target="149407151" source="149400662"><data key="weight">184</data></edge>
<edge target="149338005" source="149400662"><data key="weight">91</data></edge>
<edge target="148891070" source="149407151"><data key="weight">100</data></edge>
<edge target="149475705" source="149407151"><data key="weight">195</data></edge>
<edge target="-100" source="149407151"><data key="weight">186</data></edge>
<edge target="149337208" source="149475705"><data key="weight">100</data></edge>
<edge target="149400662" source="149475705"><data key="weight">96</data></edge>
<edge target="149379814" source="149475705"><data key="weight">95</data></edge>
<edge target="149330391" source="149475705"><data key="weight">94</data></edge>
<edge target="357571688" source="149475705"><data key="weight">93</data></edge>
<edge target="148891070" source="149475705"><data key="weight">91</data></edge>
<edge target="149337208" source="357571688"><data key="weight">100</data></edge>
<edge target="36616284" source="357571688"><data key="weight">98</data></edge>
<edge target="149341281" source="357571688"><data key="weight">97</data></edge>
<edge target="148891070" source="357571688"><data key="weight">96</data></edge>
<edge target="148886528" source="357571688"><data key="weight">95</data></edge>
<edge target="149379814" source="357571688"><data key="weight">94</data></edge>
<edge target="149311538" source="357571688"><data key="weight">92</data></edge>
<edge target="-100" source="357571688"><data key="weight">91</data></edge>
<edge target="149407151" source="357571688"><data key="weight">90</data></edge>
<edge target="148891070" source="148886528"><data key="weight">100</data></edge>
<edge target="149313503" source="148886528"><data key="weight">197</data></edge>
<edge target="149311538" source="148886528"><data key="weight">96</data></edge>
<edge target="149337208" source="148886528"><data key="weight">94</data></edge>
<edge target="-100" source="148886528"><data key="weight">271</data></edge>
<edge target="149415275" source="149313503"><data key="weight">198</data></edge>
<edge target="148891070" source="149313503"><data key="weight">97</data></edge>
<edge target="149359973" source="149313503"><data key="weight">96</data></edge>
<edge target="148880381" source="149313503"><data key="weight">94</data></edge>
<edge target="-100" source="149313503"><data key="weight">87</data></edge>
<edge target="148886528" source="149415275"><data key="weight">100</data></edge>
<edge target="-100" source="149415275"><data key="weight">99</data></edge>
<edge target="149359973" source="149415275"><data key="weight">97</data></edge>
<edge target="148891070" source="149415275"><data key="weight">96</data></edge>
<edge target="149431854" source="149415275"><data key="weight">93</data></edge>
<edge target="149420887" source="149415275"><data key="weight">92</data></edge>
<edge target="149443523" source="149415275"><data key="weight">91</data></edge>
<edge target="149303784" source="149415275"><data key="weight">90</data></edge>
<edge target="149377214" source="107747799"><data key="weight">100</data></edge>
<edge target="191556044" source="107747799"><data key="weight">189</data></edge>
<edge target="149392334" source="107747799"><data key="weight">98</data></edge>
<edge target="148899628" source="107747799"><data key="weight">97</data></edge>
<edge target="149359764" source="107747799"><data key="weight">96</data></edge>
<edge target="149439750" source="107747799"><data key="weight">95</data></edge>
<edge target="149445243" source="107747799"><data key="weight">184</data></edge>
<edge target="-100" source="107747799"><data key="weight">93</data></edge>
<edge target="149348875" source="107747799"><data key="weight">91</data></edge>
<edge target="148899743" source="107747799"><data key="weight">90</data></edge>
<edge target="149372614" source="148899628"><data key="weight">196</data></edge>
<edge target="149377214" source="148899628"><data key="weight">191</data></edge>
<edge target="149359764" source="148899628"><data key="weight">193</data></edge>
<edge target="149439907" source="148899628"><data key="weight">189</data></edge>
<edge target="149439750" source="148899628"><data key="weight">189</data></edge>
<edge target="149445243" source="148899628"><data key="weight">186</data></edge>
<edge target="149348875" source="148899628"><data key="weight">189</data></edge>
<edge target="191556044" source="148899628"><data key="weight">185</data></edge>
<edge target="-100" source="148899628"><data key="weight">90</data></edge>
<edge target="240148476" source="148899743"><data key="weight">200</data></edge>
<edge target="148899628" source="148899743"><data key="weight">99</data></edge>
<edge target="149392334" source="148899743"><data key="weight">98</data></edge>
<edge target="149348875" source="148899743"><data key="weight">97</data></edge>
<edge target="149377214" source="148899743"><data key="weight">96</data></edge>
<edge target="191556044" source="148899743"><data key="weight">95</data></edge>
<edge target="-100" source="148899743"><data key="weight">94</data></edge>
<edge target="149303419" source="148899743"><data key="weight">193</data></edge>
<edge target="149450038" source="148899743"><data key="weight">191</data></edge>
<edge target="149300921" source="148899743"><data key="weight">190</data></edge>
<edge target="149450038" source="149300921"><data key="weight">200</data></edge>
<edge target="-100" source="149300921"><data key="weight">756</data></edge>
<edge target="149300921" source="149303419"><data key="weight">99</data></edge>
<edge target="240148476" source="149303419"><data key="weight">189</data></edge>
<edge target="149450038" source="149303419"><data key="weight">194</data></edge>
<edge target="149445243" source="149303419"><data key="weight">96</data></edge>
<edge target="107747799" source="149303419"><data key="weight">95</data></edge>
<edge target="191556044" source="149303419"><data key="weight">94</data></edge>
<edge target="-100" source="149303419"><data key="weight">93</data></edge>
<edge target="149372614" source="149303419"><data key="weight">92</data></edge>
<edge target="149348875" source="149303419"><data key="weight">91</data></edge>
<edge target="149372614" source="149348875"><data key="weight">192</data></edge>
<edge target="149445243" source="149348875"><data key="weight">190</data></edge>
<edge target="191556044" source="149348875"><data key="weight">191</data></edge>
<edge target="-100" source="149348875"><data key="weight">185</data></edge>
<edge target="149377214" source="149348875"><data key="weight">185</data></edge>
<edge target="149359764" source="149348875"><data key="weight">185</data></edge>
<edge target="149439750" source="149348875"><data key="weight">183</data></edge>
<edge target="149445243" source="149359764"><data key="weight">193</data></edge>
<edge target="-100" source="149359764"><data key="weight">98</data></edge>
<edge target="149377214" source="149359764"><data key="weight">191</data></edge>
<edge target="149372614" source="149359764"><data key="weight">187</data></edge>
<edge target="149439750" source="149359764"><data key="weight">186</data></edge>
<edge target="191556044" source="149359764"><data key="weight">184</data></edge>
<edge target="149363096" source="149359764"><data key="weight">189</data></edge>
<edge target="149377214" source="149363096"><data key="weight">100</data></edge>
<edge target="149372614" source="149363096"><data key="weight">98</data></edge>
<edge target="148899628" source="149363096"><data key="weight">97</data></edge>
<edge target="-100" source="149363096"><data key="weight">561</data></edge>
<edge target="149377214" source="149372614"><data key="weight">198</data></edge>
<edge target="149439750" source="149372614"><data key="weight">198</data></edge>
<edge target="-100" source="149372614"><data key="weight">186</data></edge>
<edge target="149445243" source="149372614"><data key="weight">193</data></edge>
<edge target="191556044" source="149372614"><data key="weight">182</data></edge>
<edge target="149439907" source="149377214"><data key="weight">200</data></edge>
<edge target="149439750" source="149377214"><data key="weight">195</data></edge>
<edge target="149445243" source="149377214"><data key="weight">190</data></edge>
<edge target="191556044" source="149377214"><data key="weight">184</data></edge>
<edge target="240148476" source="149377214"><data key="weight">188</data></edge>
<edge target="149439907" source="149439750"><data key="weight">198</data></edge>
<edge target="149445243" source="149439750"><data key="weight">193</data></edge>
<edge target="191556044" source="149439750"><data key="weight">192</data></edge>
<edge target="-100" source="149439750"><data key="weight">88</data></edge>
<edge target="-100" source="149439907"><data key="weight">98</data></edge>
<edge target="149372614" source="149439907"><data key="weight">97</data></edge>
<edge target="149445243" source="149439907"><data key="weight">96</data></edge>
<edge target="149392334" source="149439907"><data key="weight">95</data></edge>
<edge target="149359764" source="149439907"><data key="weight">94</data></edge>
<edge target="191556044" source="149439907"><data key="weight">190</data></edge>
<edge target="149348875" source="149439907"><data key="weight">91</data></edge>
<edge target="-100" source="149445243"><data key="weight">100</data></edge>
<edge target="191556044" source="149445243"><data key="weight">188</data></edge>
<edge target="240148476" source="149450038"><data key="weight">190</data></edge>
<edge target="-100" source="149450038"><data key="weight">96</data></edge>
<edge target="149372614" source="149450038"><data key="weight">95</data></edge>
<edge target="107747799" source="149450038"><data key="weight">94</data></edge>
<edge target="149363096" source="149450038"><data key="weight">93</data></edge>
<edge target="149445243" source="149450038"><data key="weight">92</data></edge>
<edge target="149377214" source="149450038"><data key="weight">91</data></edge>
<edge target="-100" source="240148476"><data key="weight">99</data></edge>
<edge target="149348875" source="240148476"><data key="weight">97</data></edge>
<edge target="191556044" source="240148476"><data key="weight">96</data></edge>
<edge target="148899628" source="240148476"><data key="weight">95</data></edge>
<edge target="149392334" source="240148476"><data key="weight">94</data></edge>
<edge target="149300921" source="240148476"><data key="weight">93</data></edge></graph></graphml>