﻿<?xml version="1.0" encoding="utf-8"?><graphml xmlns:xsi="http://www.w3.org/2001/XMLSchema-instance" xsi:schemaLocation="http://graphml.graphdrawing.org/xmlns http://graphml.graphdrawing.org/xmlns/1.0/graphml.xsd" xmlns="http://graphml.graphdrawing.org/xmlns"><key id="Title" for="node" attr.name="Title" attr.type="string"><default>unknown</default></key><key id="hrank" for="node" attr.name="hrank" attr.type="double"><default>0</default></key><key id="numDirects" for="node" attr.name="numDirects" attr.type="double"><default>0</default></key><key id="numCollegues" for="node" attr.name="numCollegues" attr.type="double"><default>0</default></key><key id="RecentlyModifiedCount" for="node" attr.name="RecentlyModifiedCount" attr.type="double"><default>0</default></key><key id="weight" for="edge" attr.name="weight" attr.type="double"><default>1</default></key><graph id="social_graph" edgedefault="undirected"><node id="149300651"><data key="Title">Sudheer Sirivara</data><data key="hrank">0</data><data key="numDirects">11</data><data key="RecentlyModifiedCount">1</data></node><node id="148883517"><data key="Title">Steven Goulet</data><data key="hrank">1</data><data key="numCollegues">11</data><data key="numDirects">0</data><data key="RecentlyModifiedCount">0</data></node><node id="148887952"><data key="Title">Vishal Sood</data><data key="hrank">1</data><data key="numCollegues">11</data><data key="numDirects">4</data><data key="RecentlyModifiedCount">2</data></node><node id="148891161"><data key="Title">Matt Gibbs</data><data key="hrank">1</data><data key="numCollegues">11</data><data key="numDirects">12</data><data key="RecentlyModifiedCount">5</data></node><node id="149300182"><data key="Title">Tom Gershaw</data><data key="hrank">1</data><data key="numCollegues">11</data><data key="numDirects">0</data><data key="RecentlyModifiedCount">1</data></node><node id="149300405"><data key="Title">Jason Suess</data><data key="hrank">1</data><data key="numCollegues">11</data><data key="numDirects">4</data><data key="RecentlyModifiedCount">4</data></node><node id="149306029"><data key="Title">Sam Geqiang Zhang</data><data key="hrank">1</data><data key="numCollegues">11</data><data key="numDirects">6</data><data key="RecentlyModifiedCount">6</data></node><node id="149362311"><data key="Title">Haris Majeed</data><data key="hrank">1</data><data key="numCollegues">11</data><data key="numDirects">0</data><data key="RecentlyModifiedCount">2</data></node><node id="149363556"><data key="Title">John Deutscher</data><data key="hrank">1</data><data key="numCollegues">11</data><data key="numDirects">3</data><data key="RecentlyModifiedCount">2</data></node><node id="149371467"><data key="Title">Martin Wahl</data><data key="hrank">1</data><data key="numCollegues">11</data><data key="numDirects">2</data><data key="RecentlyModifiedCount">2</data></node><node id="149397042"><data key="Title">Rajesh Hegde</data><data key="hrank">1</data><data key="numCollegues">11</data><data key="numDirects">4</data><data key="RecentlyModifiedCount">2</data></node><node id="287174274"><data key="Title">Laurent Lathieyre</data><data key="hrank">1</data><data key="numCollegues">11</data><data key="numDirects">5</data><data key="RecentlyModifiedCount">2</data></node><node id="149398876"><data key="Title">Ashish Chawla</data><data key="hrank">2</data><data key="numCollegues">4</data><data key="numDirects">0</data><data key="RecentlyModifiedCount">3</data></node><node id="149411864"><data key="Title">Mingfei Yan</data><data key="hrank">2</data><data key="numCollegues">4</data><data key="numDirects">0</data><data key="RecentlyModifiedCount">2</data></node><node id="246381952"><data key="Title">Amit Rajput</data><data key="hrank">2</data><data key="numCollegues">4</data><data key="numDirects">0</data><data key="RecentlyModifiedCount">3</data></node><node id="17592281045713"><data key="Title">Saili Raje</data><data key="hrank">2</data><data key="numCollegues">4</data><data key="numDirects">0</data><data key="RecentlyModifiedCount">4</data></node><node id="148886661"><data key="Title">Chaitanya Shete</data><data key="hrank">2</data><data key="numCollegues">12</data><data key="numDirects">0</data><data key="RecentlyModifiedCount">9</data></node><node id="148887658"><data key="Title">André Rodrigues</data><data key="hrank">2</data><data key="numCollegues">12</data><data key="numDirects">0</data><data key="RecentlyModifiedCount">9</data></node><node id="149325354"><data key="Title">Vidya Kukke</data><data key="hrank">2</data><data key="numCollegues">12</data><data key="numDirects">0</data><data key="RecentlyModifiedCount">6</data></node><node id="149327507"><data key="Title">Peter Shrosbree</data><data key="hrank">2</data><data key="numCollegues">12</data><data key="numDirects">0</data><data key="RecentlyModifiedCount">9</data></node><node id="149377688"><data key="Title">Mehrdad Mozafari</data><data key="hrank">2</data><data key="numCollegues">12</data><data key="numDirects">0</data><data key="RecentlyModifiedCount">5</data></node><node id="149454276"><data key="Title">Shantnu Gehlot</data><data key="hrank">2</data><data key="numCollegues">12</data><data key="numDirects">0</data><data key="RecentlyModifiedCount">2</data></node><node id="267403658"><data key="Title">Vincent Barat</data><data key="hrank">2</data><data key="numCollegues">12</data><data key="numDirects">0</data><data key="RecentlyModifiedCount">6</data></node><node id="267403670"><data key="Title">Guillaume Perrot</data><data key="hrank">2</data><data key="numCollegues">12</data><data key="numDirects">0</data><data key="RecentlyModifiedCount">13</data></node><node id="267403676"><data key="Title">Manuel de Ferran</data><data key="hrank">2</data><data key="numCollegues">12</data><data key="numDirects">0</data><data key="RecentlyModifiedCount">2</data></node><node id="267403677"><data key="Title">David Ammouial</data><data key="hrank">2</data><data key="numCollegues">12</data><data key="numDirects">0</data><data key="RecentlyModifiedCount">14</data></node><node id="267439460"><data key="Title">Clement Polet</data><data key="hrank">2</data><data key="numCollegues">12</data><data key="numDirects">0</data><data key="RecentlyModifiedCount">9</data></node><node id="267439468"><data key="Title">Yoann Chaudet</data><data key="hrank">2</data><data key="numCollegues">12</data><data key="numDirects">0</data><data key="RecentlyModifiedCount">10</data></node><node id="149389663"><data key="Title">Anton Kucer</data><data key="hrank">2</data><data key="numCollegues">4</data><data key="numDirects">0</data><data key="RecentlyModifiedCount">0</data></node><node id="149392113"><data key="Title">Cenk Dingiloglu</data><data key="hrank">2</data><data key="numCollegues">4</data><data key="numDirects">0</data><data key="RecentlyModifiedCount">11</data></node><node id="163296711"><data key="Title">Richard Li</data><data key="hrank">2</data><data key="numCollegues">4</data><data key="numDirects">0</data><data key="RecentlyModifiedCount">11</data></node><node id="242464182"><data key="Title">Manling Zhang</data><data key="hrank">2</data><data key="numCollegues">4</data><data key="numDirects">0</data><data key="RecentlyModifiedCount">3</data></node><node id="148881735"><data key="Title">Lin Liu (IIS)</data><data key="hrank">2</data><data key="numCollegues">6</data><data key="numDirects">6</data><data key="RecentlyModifiedCount">0</data></node><node id="148883242"><data key="Title">Bo Hong</data><data key="hrank">2</data><data key="numCollegues">6</data><data key="numDirects">4</data><data key="RecentlyModifiedCount">14</data></node><node id="148883243"><data key="Title">Yu Xiao</data><data key="hrank">2</data><data key="numCollegues">6</data><data key="numDirects">9</data><data key="RecentlyModifiedCount">10</data></node><node id="149329346"><data key="Title">Thomas Marquardt</data><data key="hrank">2</data><data key="numCollegues">6</data><data key="numDirects">6</data><data key="RecentlyModifiedCount">11</data></node><node id="149343437"><data key="Title">Steve Peterson</data><data key="hrank">2</data><data key="numCollegues">6</data><data key="numDirects">0</data><data key="RecentlyModifiedCount">13</data></node><node id="149396882"><data key="Title">Quintin Burns</data><data key="hrank">2</data><data key="numCollegues">6</data><data key="numDirects">0</data><data key="RecentlyModifiedCount">3</data></node><node id="9604659"><data key="Title">Jason Lee</data><data key="hrank">3</data><data key="numCollegues">6</data><data key="numDirects">0</data><data key="RecentlyModifiedCount">6</data></node><node id="124208865"><data key="Title">Jun Li</data><data key="hrank">3</data><data key="numCollegues">6</data><data key="numDirects">0</data><data key="RecentlyModifiedCount">1</data></node><node id="148879974"><data key="Title">Vishal Kalra</data><data key="hrank">3</data><data key="numCollegues">6</data><data key="numDirects">0</data><data key="RecentlyModifiedCount">5</data></node><node id="149333843"><data key="Title">George Trifonov</data><data key="hrank">3</data><data key="numCollegues">6</data><data key="numDirects">0</data><data key="RecentlyModifiedCount">0</data></node><node id="149343562"><data key="Title">Girish Akasapu</data><data key="hrank">3</data><data key="numCollegues">6</data><data key="numDirects">0</data><data key="RecentlyModifiedCount">2</data></node><node id="149435791"><data key="Title">Yuanliang Zhang</data><data key="hrank">3</data><data key="numCollegues">6</data><data key="numDirects">0</data><data key="RecentlyModifiedCount">4</data></node><node id="47222908"><data key="Title">Sam Ng</data><data key="hrank">3</data><data key="numCollegues">4</data><data key="numDirects">0</data><data key="RecentlyModifiedCount">4</data></node><node id="148888629"><data key="Title">Binoj Rajan</data><data key="hrank">3</data><data key="numCollegues">4</data><data key="numDirects">0</data><data key="RecentlyModifiedCount">9</data></node><node id="148894773"><data key="Title">Simon Ye</data><data key="hrank">3</data><data key="numCollegues">4</data><data key="numDirects">0</data><data key="RecentlyModifiedCount">2</data></node><node id="149412089"><data key="Title">Zhao Li (AZURE)</data><data key="hrank">3</data><data key="numCollegues">4</data><data key="numDirects">0</data><data key="RecentlyModifiedCount">3</data></node><node id="36676035"><data key="Title">Huimao Lu (Wicresoft)</data><data key="hrank">3</data><data key="numCollegues">9</data><data key="numDirects">0</data><data key="RecentlyModifiedCount">0</data></node><node id="149331384"><data key="Title">Silence He (Wicresoft)</data><data key="hrank">3</data><data key="numCollegues">9</data><data key="numDirects">0</data><data key="RecentlyModifiedCount">0</data></node><node id="149343934"><data key="Title">Hao Liang (Wicresoft)</data><data key="hrank">3</data><data key="numCollegues">9</data><data key="numDirects">0</data><data key="RecentlyModifiedCount">0</data></node><node id="149376093"><data key="Title">Jeffery Fan (Wicresoft)</data><data key="hrank">3</data><data key="numCollegues">9</data><data key="numDirects">1</data><data key="RecentlyModifiedCount">0</data></node><node id="180368272"><data key="Title">Andy Kong (Wicresoft)</data><data key="hrank">3</data><data key="numCollegues">9</data><data key="numDirects">0</data><data key="RecentlyModifiedCount">1</data></node><node id="186087004"><data key="Title">Kuang Mark (Shang Hai Wei Chuang Ruan Jian)</data><data key="hrank">3</data><data key="numCollegues">9</data><data key="numDirects">0</data><data key="RecentlyModifiedCount">0</data></node><node id="17592263255375"><data key="Title">Andy Zhang (Wicresoft)</data><data key="hrank">3</data><data key="numCollegues">9</data><data key="numDirects">0</data><data key="RecentlyModifiedCount">3</data></node><node id="17592358922817"><data key="Title">Zhichao Song (Wicresoft)</data><data key="hrank">3</data><data key="numCollegues">9</data><data key="numDirects">0</data><data key="RecentlyModifiedCount">0</data></node><node id="17592469962032"><data key="Title">Sally Li (Wicresoft)</data><data key="hrank">3</data><data key="numCollegues">9</data><data key="numDirects">0</data><data key="RecentlyModifiedCount">0</data></node><node id="173122700"><data key="Title">Tom Yang Yang (Wicresoft)</data><data key="hrank">4</data><data key="numCollegues">1</data><data key="numDirects">0</data><data key="RecentlyModifiedCount">0</data></node><node id="114311468"><data key="Title">Ram Ganapathy</data><data key="hrank">3</data><data key="numCollegues">6</data><data key="numDirects">0</data><data key="RecentlyModifiedCount">7</data></node><node id="148881054"><data key="Title">Ming Zheng</data><data key="hrank">3</data><data key="numCollegues">6</data><data key="numDirects">0</data><data key="RecentlyModifiedCount">5</data></node><node id="149300945"><data key="Title">Anirban Roy</data><data key="hrank">3</data><data key="numCollegues">6</data><data key="numDirects">0</data><data key="RecentlyModifiedCount">1</data></node><node id="149304260"><data key="Title">Aram Hakobyan</data><data key="hrank">3</data><data key="numCollegues">6</data><data key="numDirects">0</data><data key="RecentlyModifiedCount">7</data></node><node id="149365525"><data key="Title">WeiBing Zhan</data><data key="hrank">3</data><data key="numCollegues">6</data><data key="numDirects">0</data><data key="RecentlyModifiedCount">3</data></node><node id="149375926"><data key="Title">Eduardo Takahashi</data><data key="hrank">3</data><data key="numCollegues">6</data><data key="numDirects">0</data><data key="RecentlyModifiedCount">1</data></node><node id="149311941"><data key="Title">Anil Murching</data><data key="hrank">2</data><data key="numCollegues">3</data><data key="numDirects">2</data><data key="RecentlyModifiedCount">6</data></node><node id="149317883"><data key="Title">Milan Gada</data><data key="hrank">2</data><data key="numCollegues">3</data><data key="numDirects">0</data><data key="RecentlyModifiedCount">9</data></node><node id="149459809"><data key="Title">Adarsh Solanki</data><data key="hrank">2</data><data key="numCollegues">3</data><data key="numDirects">0</data><data key="RecentlyModifiedCount">3</data></node><node id="94092874"><data key="Title">Jeff Ferreira (iStreamPlanet)</data><data key="hrank">3</data><data key="numCollegues">2</data><data key="numDirects">0</data><data key="RecentlyModifiedCount">0</data></node><node id="310699533"><data key="Title">Nikhil Deore (iStreamPlanet)</data><data key="hrank">3</data><data key="numCollegues">2</data><data key="numDirects">0</data><data key="RecentlyModifiedCount">0</data></node><node id="149395409"><data key="Title">Xavier Pouyat</data><data key="hrank">2</data><data key="numCollegues">2</data><data key="numDirects">0</data><data key="RecentlyModifiedCount">5</data></node><node id="17592408591810"><data key="Title">Satish Annapureddy</data><data key="hrank">2</data><data key="numCollegues">2</data><data key="numDirects">0</data><data key="RecentlyModifiedCount">1</data></node><node id="146498445"><data key="Title">Qinyuan Wan</data><data key="hrank">2</data><data key="numCollegues">4</data><data key="numDirects">0</data><data key="RecentlyModifiedCount">0</data></node><node id="149386487"><data key="Title">Henry Wu</data><data key="hrank">2</data><data key="numCollegues">4</data><data key="numDirects">0</data><data key="RecentlyModifiedCount">3</data></node><node id="149412491"><data key="Title">Hui Cheng</data><data key="hrank">2</data><data key="numCollegues">4</data><data key="numDirects">0</data><data key="RecentlyModifiedCount">1</data></node><node id="149442383"><data key="Title">Ahmed Hamouda</data><data key="hrank">2</data><data key="numCollegues">4</data><data key="numDirects">0</data><data key="RecentlyModifiedCount">1</data></node><node id="148875891"><data key="Title">Piyush Joshi</data><data key="hrank">2</data><data key="numCollegues">5</data><data key="numDirects">1</data><data key="RecentlyModifiedCount">2</data></node><node id="149401652"><data key="Title">Jeff Marcoux</data><data key="hrank">2</data><data key="numCollegues">5</data><data key="numDirects">0</data><data key="RecentlyModifiedCount">0</data></node><node id="267403684"><data key="Title">Karl Piteira</data><data key="hrank">2</data><data key="numCollegues">5</data><data key="numDirects">1</data><data key="RecentlyModifiedCount">12</data></node><node id="267439469"><data key="Title">Youssef Faury</data><data key="hrank">2</data><data key="numCollegues">5</data><data key="numDirects">2</data><data key="RecentlyModifiedCount">2</data></node><node id="323636122"><data key="Title">Milouda Chibati</data><data key="hrank">2</data><data key="numCollegues">5</data><data key="numDirects">0</data><data key="RecentlyModifiedCount">1</data></node><node id="243892742"><data key="Title">Edouard Mercier (SMART&amp;SOFT)</data><data key="hrank">3</data><data key="numCollegues">1</data><data key="numDirects">0</data><data key="RecentlyModifiedCount">0</data></node><node id="267439471"><data key="Title">Julien Pelc</data><data key="hrank">3</data><data key="numCollegues">1</data><data key="numDirects">0</data><data key="RecentlyModifiedCount">5</data></node><node id="267439450"><data key="Title">Armand Barois</data><data key="hrank">3</data><data key="numCollegues">2</data><data key="numDirects">0</data><data key="RecentlyModifiedCount">1</data></node><node id="267439470"><data key="Title">Emmanuel Giubilato</data><data key="hrank">3</data><data key="numCollegues">2</data><data key="numDirects">0</data><data key="RecentlyModifiedCount">2</data></node><node id="-100"><data key="Title">OUTSIDE</data><data key="RecentlyModifiedCount">0</data></node>
<edge target="148887952" source="149300651"><data key="weight">195</data></edge>
<edge target="149306029" source="149300651"><data key="weight">196</data></edge>
<edge target="149362311" source="149300651"><data key="weight">198</data></edge>
<edge target="149300182" source="149300651"><data key="weight">197</data></edge>
<edge target="149317883" source="149300651"><data key="weight">194</data></edge>
<edge target="149397042" source="149300651"><data key="weight">186</data></edge>
<edge target="149300405" source="149300651"><data key="weight">188</data></edge>
<edge target="149363556" source="149300651"><data key="weight">93</data></edge>
<edge target="149371467" source="149300651"><data key="weight">191</data></edge>
<edge target="-100" source="149300651"><data key="weight">91</data></edge>
<edge target="149300405" source="148883517"><data key="weight">196</data></edge>
<edge target="149363556" source="148883517"><data key="weight">99</data></edge>
<edge target="149306029" source="148883517"><data key="weight">98</data></edge>
<edge target="149392113" source="148883517"><data key="weight">192</data></edge>
<edge target="-100" source="148883517"><data key="weight">279</data></edge>
<edge target="163296711" source="148883517"><data key="weight">95</data></edge>
<edge target="149395409" source="148883517"><data key="weight">189</data></edge>
<edge target="149300651" source="148883517"><data key="weight">93</data></edge>
<edge target="149398876" source="148887952"><data key="weight">200</data></edge>
<edge target="149363556" source="148887952"><data key="weight">197</data></edge>
<edge target="246381952" source="148887952"><data key="weight">197</data></edge>
<edge target="149411864" source="148887952"><data key="weight">197</data></edge>
<edge target="149362311" source="148887952"><data key="weight">194</data></edge>
<edge target="149306029" source="148887952"><data key="weight">186</data></edge>
<edge target="149343437" source="148887952"><data key="weight">186</data></edge>
<edge target="-100" source="148887952"><data key="weight">92</data></edge>
<edge target="149392113" source="148887952"><data key="weight">180</data></edge>
<edge target="-100" source="148891161"><data key="weight">194</data></edge>
<edge target="267403670" source="148891161"><data key="weight">196</data></edge>
<edge target="267403658" source="148891161"><data key="weight">195</data></edge>
<edge target="148887658" source="148891161"><data key="weight">197</data></edge>
<edge target="267403684" source="148891161"><data key="weight">189</data></edge>
<edge target="267439468" source="148891161"><data key="weight">194</data></edge>
<edge target="267403677" source="148891161"><data key="weight">193</data></edge>
<edge target="149325354" source="148891161"><data key="weight">188</data></edge>
<edge target="149377688" source="148891161"><data key="weight">188</data></edge>
<edge target="149300405" source="149300182"><data key="weight">196</data></edge>
<edge target="149362311" source="149300182"><data key="weight">192</data></edge>
<edge target="149363556" source="149300182"><data key="weight">97</data></edge>
<edge target="148887952" source="149300182"><data key="weight">96</data></edge>
<edge target="148883517" source="149300182"><data key="weight">95</data></edge>
<edge target="149389663" source="149300182"><data key="weight">94</data></edge>
<edge target="-100" source="149300182"><data key="weight">185</data></edge>
<edge target="149371467" source="149300182"><data key="weight">185</data></edge>
<edge target="149392113" source="149300405"><data key="weight">200</data></edge>
<edge target="163296711" source="149300405"><data key="weight">199</data></edge>
<edge target="149371467" source="149300405"><data key="weight">198</data></edge>
<edge target="149363556" source="149300405"><data key="weight">95</data></edge>
<edge target="149311941" source="149300405"><data key="weight">191</data></edge>
<edge target="148887952" source="149300405"><data key="weight">92</data></edge>
<edge target="149362311" source="149300405"><data key="weight">187</data></edge>
<edge target="148883242" source="149306029"><data key="weight">199</data></edge>
<edge target="-100" source="149306029"><data key="weight">99</data></edge>
<edge target="149397042" source="149306029"><data key="weight">195</data></edge>
<edge target="149363556" source="149306029"><data key="weight">192</data></edge>
<edge target="148883243" source="149306029"><data key="weight">193</data></edge>
<edge target="149396882" source="149306029"><data key="weight">185</data></edge>
<edge target="149392113" source="149306029"><data key="weight">183</data></edge>
<edge target="149362311" source="149306029"><data key="weight">189</data></edge>
<edge target="149363556" source="149362311"><data key="weight">97</data></edge>
<edge target="148883517" source="149362311"><data key="weight">95</data></edge>
<edge target="149371467" source="149362311"><data key="weight">188</data></edge>
<edge target="149311941" source="149362311"><data key="weight">92</data></edge>
<edge target="149389663" source="149362311"><data key="weight">181</data></edge>
<edge target="149311941" source="149363556"><data key="weight">200</data></edge>
<edge target="149317883" source="149363556"><data key="weight">199</data></edge>
<edge target="149459809" source="149363556"><data key="weight">196</data></edge>
<edge target="149392113" source="149363556"><data key="weight">193</data></edge>
<edge target="149395409" source="149363556"><data key="weight">194</data></edge>
<edge target="149411864" source="149363556"><data key="weight">190</data></edge>
<edge target="163296711" source="149363556"><data key="weight">188</data></edge>
<edge target="149398876" source="149363556"><data key="weight">184</data></edge>
<edge target="149363556" source="149371467"><data key="weight">98</data></edge>
<edge target="148887952" source="149371467"><data key="weight">97</data></edge>
<edge target="149395409" source="149371467"><data key="weight">96</data></edge>
<edge target="148883517" source="149371467"><data key="weight">93</data></edge>
<edge target="149311941" source="149371467"><data key="weight">186</data></edge>
<edge target="149392113" source="149371467"><data key="weight">91</data></edge>
<edge target="149442383" source="149397042"><data key="weight">200</data></edge>
<edge target="149412491" source="149397042"><data key="weight">198</data></edge>
<edge target="-100" source="149397042"><data key="weight">98</data></edge>
<edge target="149386487" source="149397042"><data key="weight">196</data></edge>
<edge target="149389663" source="149397042"><data key="weight">192</data></edge>
<edge target="242464182" source="149397042"><data key="weight">191</data></edge>
<edge target="148883242" source="149397042"><data key="weight">90</data></edge>
<edge target="148881735" source="149397042"><data key="weight">183</data></edge>
<edge target="267403684" source="287174274"><data key="weight">199</data></edge>
<edge target="267439469" source="287174274"><data key="weight">197</data></edge>
<edge target="148875891" source="287174274"><data key="weight">197</data></edge>
<edge target="149401652" source="287174274"><data key="weight">197</data></edge>
<edge target="267439471" source="287174274"><data key="weight">195</data></edge>
<edge target="148891161" source="287174274"><data key="weight">95</data></edge>
<edge target="323636122" source="287174274"><data key="weight">192</data></edge>
<edge target="149300651" source="287174274"><data key="weight">93</data></edge>
<edge target="267439470" source="287174274"><data key="weight">187</data></edge>
<edge target="267403658" source="287174274"><data key="weight">91</data></edge>
<edge target="149411864" source="149398876"><data key="weight">196</data></edge>
<edge target="-100" source="149398876"><data key="weight">286</data></edge>
<edge target="149343437" source="149398876"><data key="weight">190</data></edge>
<edge target="246381952" source="149398876"><data key="weight">192</data></edge>
<edge target="149311941" source="149398876"><data key="weight">93</data></edge>
<edge target="149317883" source="149398876"><data key="weight">182</data></edge>
<edge target="246381952" source="149411864"><data key="weight">197</data></edge>
<edge target="149395409" source="149411864"><data key="weight">190</data></edge>
<edge target="148881735" source="149411864"><data key="weight">192</data></edge>
<edge target="149343562" source="149411864"><data key="weight">184</data></edge>
<edge target="-100" source="149411864"><data key="weight">185</data></edge>
<edge target="149459809" source="149411864"><data key="weight">185</data></edge>
<edge target="17592281045713" source="246381952"><data key="weight">200</data></edge>
<edge target="149363556" source="246381952"><data key="weight">96</data></edge>
<edge target="149311941" source="246381952"><data key="weight">95</data></edge>
<edge target="149395409" source="246381952"><data key="weight">94</data></edge>
<edge target="149459809" source="246381952"><data key="weight">93</data></edge>
<edge target="149343437" source="246381952"><data key="weight">92</data></edge>
<edge target="149375926" source="246381952"><data key="weight">185</data></edge>
<edge target="149375926" source="17592281045713"><data key="weight">197</data></edge>
<edge target="-100" source="17592281045713"><data key="weight">98</data></edge>
<edge target="149304260" source="17592281045713"><data key="weight">193</data></edge>
<edge target="148887952" source="17592281045713"><data key="weight">96</data></edge>
<edge target="149329346" source="17592281045713"><data key="weight">95</data></edge>
<edge target="149411864" source="17592281045713"><data key="weight">94</data></edge>
<edge target="149398876" source="17592281045713"><data key="weight">92</data></edge>
<edge target="149363556" source="17592281045713"><data key="weight">91</data></edge>
<edge target="149311941" source="17592281045713"><data key="weight">90</data></edge>
<edge target="148891161" source="148886661"><data key="weight">100</data></edge>
<edge target="-100" source="148886661"><data key="weight">570</data></edge>
<edge target="267403677" source="148886661"><data key="weight">192</data></edge>
<edge target="148887658" source="148886661"><data key="weight">191</data></edge>
<edge target="149325354" source="148886661"><data key="weight">185</data></edge>
<edge target="149325354" source="148887658"><data key="weight">191</data></edge>
<edge target="149327507" source="148887658"><data key="weight">198</data></edge>
<edge target="149377688" source="148887658"><data key="weight">97</data></edge>
<edge target="-100" source="148887658"><data key="weight">190</data></edge>
<edge target="267403658" source="148887658"><data key="weight">186</data></edge>
<edge target="267439468" source="148887658"><data key="weight">185</data></edge>
<edge target="267403670" source="148887658"><data key="weight">90</data></edge>
<edge target="267403658" source="149325354"><data key="weight">195</data></edge>
<edge target="149327507" source="149325354"><data key="weight">196</data></edge>
<edge target="-100" source="149325354"><data key="weight">286</data></edge>
<edge target="267403684" source="149325354"><data key="weight">95</data></edge>
<edge target="267439468" source="149325354"><data key="weight">188</data></edge>
<edge target="-100" source="149327507"><data key="weight">190</data></edge>
<edge target="267403658" source="149327507"><data key="weight">191</data></edge>
<edge target="148891161" source="149327507"><data key="weight">96</data></edge>
<edge target="267403677" source="149327507"><data key="weight">190</data></edge>
<edge target="267439468" source="149327507"><data key="weight">184</data></edge>
<edge target="267403670" source="149327507"><data key="weight">93</data></edge>
<edge target="267403684" source="149327507"><data key="weight">92</data></edge>
<edge target="267403670" source="149377688"><data key="weight">198</data></edge>
<edge target="267439460" source="149377688"><data key="weight">198</data></edge>
<edge target="-100" source="149377688"><data key="weight">193</data></edge>
<edge target="149327507" source="149377688"><data key="weight">94</data></edge>
<edge target="267439468" source="149377688"><data key="weight">93</data></edge>
<edge target="149325354" source="149377688"><data key="weight">92</data></edge>
<edge target="267403677" source="149377688"><data key="weight">91</data></edge>
<edge target="267403684" source="149377688"><data key="weight">90</data></edge>
<edge target="267439460" source="149454276"><data key="weight">100</data></edge>
<edge target="-100" source="149454276"><data key="weight">99</data></edge>
<edge target="149325354" source="149454276"><data key="weight">98</data></edge>
<edge target="267439468" source="149454276"><data key="weight">96</data></edge>
<edge target="267403670" source="149454276"><data key="weight">95</data></edge>
<edge target="148886661" source="149454276"><data key="weight">94</data></edge>
<edge target="148891161" source="149454276"><data key="weight">93</data></edge>
<edge target="267403677" source="149454276"><data key="weight">92</data></edge>
<edge target="148887658" source="149454276"><data key="weight">91</data></edge>
<edge target="149377688" source="149454276"><data key="weight">90</data></edge>
<edge target="267403676" source="267403658"><data key="weight">196</data></edge>
<edge target="-100" source="267403658"><data key="weight">99</data></edge>
<edge target="267403670" source="267403658"><data key="weight">194</data></edge>
<edge target="267439468" source="267403658"><data key="weight">189</data></edge>
<edge target="267403677" source="267403658"><data key="weight">92</data></edge>
<edge target="267439460" source="267403658"><data key="weight">184</data></edge>
<edge target="267439468" source="267403670"><data key="weight">200</data></edge>
<edge target="267439460" source="267403670"><data key="weight">199</data></edge>
<edge target="-100" source="267403670"><data key="weight">188</data></edge>
<edge target="267403684" source="267403670"><data key="weight">94</data></edge>
<edge target="148875891" source="267403670"><data key="weight">188</data></edge>
<edge target="267403676" source="267403670"><data key="weight">190</data></edge>
<edge target="267403677" source="267403676"><data key="weight">199</data></edge>
<edge target="-100" source="267403676"><data key="weight">375</data></edge>
<edge target="267439468" source="267403676"><data key="weight">194</data></edge>
<edge target="323636122" source="267403676"><data key="weight">95</data></edge>
<edge target="267403684" source="267403676"><data key="weight">93</data></edge>
<edge target="267403670" source="267403677"><data key="weight">98</data></edge>
<edge target="148887658" source="267403677"><data key="weight">97</data></edge>
<edge target="-100" source="267403677"><data key="weight">187</data></edge>
<edge target="149325354" source="267403677"><data key="weight">93</data></edge>
<edge target="267439468" source="267403677"><data key="weight">183</data></edge>
<edge target="-100" source="267439460"><data key="weight">194</data></edge>
<edge target="148891161" source="267439460"><data key="weight">97</data></edge>
<edge target="267439468" source="267439460"><data key="weight">187</data></edge>
<edge target="267403677" source="267439460"><data key="weight">94</data></edge>
<edge target="267403676" source="267439460"><data key="weight">92</data></edge>
<edge target="148875891" source="267439460"><data key="weight">91</data></edge>
<edge target="-100" source="267439468"><data key="weight">98</data></edge>
<edge target="242464182" source="149389663"><data key="weight">200</data></edge>
<edge target="149412491" source="149389663"><data key="weight">192</data></edge>
<edge target="149442383" source="149389663"><data key="weight">191</data></edge>
<edge target="149300405" source="149389663"><data key="weight">96</data></edge>
<edge target="149392113" source="149389663"><data key="weight">95</data></edge>
<edge target="149306029" source="149389663"><data key="weight">94</data></edge>
<edge target="149300651" source="149389663"><data key="weight">93</data></edge>
<edge target="149363556" source="149389663"><data key="weight">92</data></edge>
<edge target="149311941" source="149392113"><data key="weight">198</data></edge>
<edge target="149329346" source="149392113"><data key="weight">184</data></edge>
<edge target="149395409" source="149392113"><data key="weight">191</data></edge>
<edge target="163296711" source="149392113"><data key="weight">190</data></edge>
<edge target="-100" source="149392113"><data key="weight">90</data></edge>
<edge target="149317883" source="163296711"><data key="weight">194</data></edge>
<edge target="149459809" source="163296711"><data key="weight">192</data></edge>
<edge target="149311941" source="163296711"><data key="weight">95</data></edge>
<edge target="149329346" source="163296711"><data key="weight">93</data></edge>
<edge target="-100" source="163296711"><data key="weight">181</data></edge>
<edge target="149395409" source="163296711"><data key="weight">89</data></edge>
<edge target="-100" source="242464182"><data key="weight">98</data></edge>
<edge target="149412491" source="242464182"><data key="weight">186</data></edge>
<edge target="148881735" source="242464182"><data key="weight">96</data></edge>
<edge target="149300405" source="242464182"><data key="weight">95</data></edge>
<edge target="149306029" source="242464182"><data key="weight">94</data></edge>
<edge target="149392113" source="242464182"><data key="weight">93</data></edge>
<edge target="149411864" source="242464182"><data key="weight">92</data></edge>
<edge target="149300651" source="242464182"><data key="weight">91</data></edge>
<edge target="148883242" source="148881735"><data key="weight">195</data></edge>
<edge target="149435791" source="148881735"><data key="weight">199</data></edge>
<edge target="-100" source="148881735"><data key="weight">98</data></edge>
<edge target="149343437" source="148881735"><data key="weight">195</data></edge>
<edge target="149317883" source="148881735"><data key="weight">188</data></edge>
<edge target="149333843" source="148881735"><data key="weight">193</data></edge>
<edge target="149306029" source="148881735"><data key="weight">92</data></edge>
<edge target="149459809" source="148881735"><data key="weight">91</data></edge>
<edge target="148888629" source="148883242"><data key="weight">200</data></edge>
<edge target="-100" source="148883242"><data key="weight">367</data></edge>
<edge target="47222908" source="148883242"><data key="weight">193</data></edge>
<edge target="149311941" source="148883242"><data key="weight">92</data></edge>
<edge target="149363556" source="148883242"><data key="weight">88</data></edge>
<edge target="148883242" source="148883243"><data key="weight">100</data></edge>
<edge target="149329346" source="148883243"><data key="weight">98</data></edge>
<edge target="149343437" source="148883243"><data key="weight">193</data></edge>
<edge target="149396882" source="148883243"><data key="weight">94</data></edge>
<edge target="149311941" source="148883243"><data key="weight">183</data></edge>
<edge target="149392113" source="148883243"><data key="weight">92</data></edge>
<edge target="149412089" source="148883243"><data key="weight">91</data></edge>
<edge target="-100" source="148883243"><data key="weight">179</data></edge>
<edge target="148883242" source="149329346"><data key="weight">100</data></edge>
<edge target="-100" source="149329346"><data key="weight">287</data></edge>
<edge target="149365525" source="149329346"><data key="weight">198</data></edge>
<edge target="149396882" source="149329346"><data key="weight">196</data></edge>
<edge target="149375926" source="149329346"><data key="weight">192</data></edge>
<edge target="114311468" source="149329346"><data key="weight">189</data></edge>
<edge target="149311941" source="149329346"><data key="weight">181</data></edge>
<edge target="-100" source="149343437"><data key="weight">280</data></edge>
<edge target="148883242" source="149343437"><data key="weight">96</data></edge>
<edge target="149317883" source="149343437"><data key="weight">184</data></edge>
<edge target="149363556" source="149343437"><data key="weight">90</data></edge>
<edge target="-100" source="149396882"><data key="weight">192</data></edge>
<edge target="149311941" source="149396882"><data key="weight">97</data></edge>
<edge target="149392113" source="149396882"><data key="weight">96</data></edge>
<edge target="149435791" source="149396882"><data key="weight">192</data></edge>
<edge target="149459809" source="149396882"><data key="weight">93</data></edge>
<edge target="149397042" source="149396882"><data key="weight">91</data></edge>
<edge target="148883242" source="149396882"><data key="weight">90</data></edge>
<edge target="-100" source="9604659"><data key="weight">195</data></edge>
<edge target="149343562" source="9604659"><data key="weight">198</data></edge>
<edge target="148881735" source="9604659"><data key="weight">98</data></edge>
<edge target="124208865" source="9604659"><data key="weight">194</data></edge>
<edge target="148883242" source="9604659"><data key="weight">94</data></edge>
<edge target="149411864" source="9604659"><data key="weight">93</data></edge>
<edge target="149333843" source="9604659"><data key="weight">92</data></edge>
<edge target="149306029" source="9604659"><data key="weight">91</data></edge>
<edge target="149343437" source="9604659"><data key="weight">90</data></edge>
<edge target="148881735" source="124208865"><data key="weight">100</data></edge>
<edge target="-100" source="124208865"><data key="weight">280</data></edge>
<edge target="149343562" source="124208865"><data key="weight">193</data></edge>
<edge target="149435791" source="124208865"><data key="weight">93</data></edge>
<edge target="149411864" source="124208865"><data key="weight">91</data></edge>
<edge target="149306029" source="124208865"><data key="weight">90</data></edge>
<edge target="149333843" source="124208865"><data key="weight">87</data></edge>
<edge target="-100" source="148879974"><data key="weight">190</data></edge>
<edge target="148881735" source="148879974"><data key="weight">99</data></edge>
<edge target="149343562" source="148879974"><data key="weight">196</data></edge>
<edge target="149333843" source="148879974"><data key="weight">196</data></edge>
<edge target="149343437" source="148879974"><data key="weight">96</data></edge>
<edge target="9604659" source="148879974"><data key="weight">95</data></edge>
<edge target="149411864" source="148879974"><data key="weight">94</data></edge>
<edge target="148883242" source="148879974"><data key="weight">93</data></edge>
<edge target="124208865" source="148879974"><data key="weight">92</data></edge>
<edge target="-100" source="149333843"><data key="weight">192</data></edge>
<edge target="149343562" source="149333843"><data key="weight">191</data></edge>
<edge target="149343437" source="149333843"><data key="weight">92</data></edge>
<edge target="149306029" source="149333843"><data key="weight">91</data></edge>
<edge target="149411864" source="149333843"><data key="weight">90</data></edge>
<edge target="149396882" source="149333843"><data key="weight">89</data></edge>
<edge target="149363556" source="149333843"><data key="weight">88</data></edge>
<edge target="148881735" source="149343562"><data key="weight">100</data></edge>
<edge target="-100" source="149343562"><data key="weight">96</data></edge>
<edge target="149306029" source="149343562"><data key="weight">95</data></edge>
<edge target="149343437" source="149343562"><data key="weight">92</data></edge>
<edge target="148883242" source="149343562"><data key="weight">91</data></edge>
<edge target="-100" source="149435791"><data key="weight">191</data></edge>
<edge target="148883242" source="149435791"><data key="weight">98</data></edge>
<edge target="149329346" source="149435791"><data key="weight">96</data></edge>
<edge target="149306029" source="149435791"><data key="weight">95</data></edge>
<edge target="149311941" source="149435791"><data key="weight">94</data></edge>
<edge target="148888629" source="149435791"><data key="weight">93</data></edge>
<edge target="149412089" source="149435791"><data key="weight">183</data></edge>
<edge target="148888629" source="47222908"><data key="weight">99</data></edge>
<edge target="149311941" source="47222908"><data key="weight">98</data></edge>
<edge target="-100" source="47222908"><data key="weight">286</data></edge>
<edge target="149329346" source="47222908"><data key="weight">96</data></edge>
<edge target="149459809" source="47222908"><data key="weight">183</data></edge>
<edge target="149306029" source="47222908"><data key="weight">90</data></edge>
<edge target="149343437" source="47222908"><data key="weight">88</data></edge>
<edge target="149412089" source="148888629"><data key="weight">198</data></edge>
<edge target="-100" source="148888629"><data key="weight">570</data></edge>
<edge target="149306029" source="148888629"><data key="weight">92</data></edge>
<edge target="148883243" source="148888629"><data key="weight">90</data></edge>
<edge target="-100" source="148894773"><data key="weight">932</data></edge>
<edge target="148883242" source="149412089"><data key="weight">100</data></edge>
<edge target="149397042" source="149412089"><data key="weight">98</data></edge>
<edge target="-100" source="149412089"><data key="weight">193</data></edge>
<edge target="149442383" source="149412089"><data key="weight">182</data></edge>
<edge target="149412491" source="149412089"><data key="weight">181</data></edge>
<edge target="149365525" source="149412089"><data key="weight">173</data></edge>
<edge target="148881054" source="149412089"><data key="weight">87</data></edge>
<edge target="-100" source="36676035"><data key="weight">197</data></edge>
<edge target="148883243" source="36676035"><data key="weight">96</data></edge>
<edge target="148883242" source="36676035"><data key="weight">95</data></edge>
<edge target="149329346" source="36676035"><data key="weight">94</data></edge>
<edge target="149306029" source="36676035"><data key="weight">93</data></edge>
<edge target="149300405" source="36676035"><data key="weight">92</data></edge>
<edge target="149311941" source="36676035"><data key="weight">90</data></edge>
<edge target="149392113" source="36676035"><data key="weight">87</data></edge>
<edge target="186087004" source="36676035"><data key="weight">86</data></edge>
<edge target="186087004" source="149331384"><data key="weight">199</data></edge>
<edge target="180368272" source="149331384"><data key="weight">99</data></edge>
<edge target="-100" source="149331384"><data key="weight">278</data></edge>
<edge target="149376093" source="149331384"><data key="weight">180</data></edge>
<edge target="17592263255375" source="149331384"><data key="weight">91</data></edge>
<edge target="17592358922817" source="149331384"><data key="weight">173</data></edge>
<edge target="148883243" source="149331384"><data key="weight">87</data></edge>
<edge target="17592469962032" source="149331384"><data key="weight">170</data></edge>
<edge target="-100" source="149343934"><data key="weight">284</data></edge>
<edge target="149306029" source="149343934"><data key="weight">96</data></edge>
<edge target="148883243" source="149343934"><data key="weight">95</data></edge>
<edge target="17592358922817" source="149343934"><data key="weight">93</data></edge>
<edge target="149329346" source="149343934"><data key="weight">92</data></edge>
<edge target="148883517" source="149343934"><data key="weight">91</data></edge>
<edge target="148883242" source="149343934"><data key="weight">90</data></edge>
<edge target="149300945" source="149343934"><data key="weight">88</data></edge>
<edge target="-100" source="149376093"><data key="weight">195</data></edge>
<edge target="149343934" source="149376093"><data key="weight">98</data></edge>
<edge target="17592469962032" source="149376093"><data key="weight">184</data></edge>
<edge target="17592358922817" source="149376093"><data key="weight">181</data></edge>
<edge target="173122700" source="149376093"><data key="weight">188</data></edge>
<edge target="186087004" source="149376093"><data key="weight">179</data></edge>
<edge target="17592263255375" source="149376093"><data key="weight">86</data></edge>
<edge target="148883243" source="149376093"><data key="weight">84</data></edge>
<edge target="-100" source="180368272"><data key="weight">575</data></edge>
<edge target="149376093" source="180368272"><data key="weight">98</data></edge>
<edge target="17592358922817" source="180368272"><data key="weight">96</data></edge>
<edge target="17592469962032" source="180368272"><data key="weight">91</data></edge>
<edge target="148883243" source="180368272"><data key="weight">86</data></edge>
<edge target="-100" source="186087004"><data key="weight">100</data></edge>
<edge target="17592469962032" source="186087004"><data key="weight">182</data></edge>
<edge target="17592263255375" source="186087004"><data key="weight">95</data></edge>
<edge target="149343934" source="186087004"><data key="weight">90</data></edge>
<edge target="180368272" source="186087004"><data key="weight">89</data></edge>
<edge target="17592358922817" source="186087004"><data key="weight">171</data></edge>
<edge target="148883243" source="186087004"><data key="weight">86</data></edge>
<edge target="-100" source="17592263255375"><data key="weight">768</data></edge>
<edge target="149343934" source="17592263255375"><data key="weight">92</data></edge>
<edge target="17592358922817" source="17592263255375"><data key="weight">179</data></edge>
<edge target="-100" source="17592358922817"><data key="weight">372</data></edge>
<edge target="17592469962032" source="17592358922817"><data key="weight">194</data></edge>
<edge target="148883243" source="17592358922817"><data key="weight">87</data></edge>
<edge target="-100" source="17592469962032"><data key="weight">192</data></edge>
<edge target="149343934" source="17592469962032"><data key="weight">98</data></edge>
<edge target="148883243" source="17592469962032"><data key="weight">88</data></edge>
<edge target="17592263255375" source="17592469962032"><data key="weight">87</data></edge>
<edge target="149329346" source="17592469962032"><data key="weight">83</data></edge>
<edge target="149300945" source="114311468"><data key="weight">197</data></edge>
<edge target="-100" source="114311468"><data key="weight">279</data></edge>
<edge target="149365525" source="114311468"><data key="weight">96</data></edge>
<edge target="149363556" source="114311468"><data key="weight">93</data></edge>
<edge target="148883242" source="114311468"><data key="weight">92</data></edge>
<edge target="149396882" source="114311468"><data key="weight">90</data></edge>
<edge target="149435791" source="114311468"><data key="weight">88</data></edge>
<edge target="149329346" source="148881054"><data key="weight">100</data></edge>
<edge target="149365525" source="148881054"><data key="weight">99</data></edge>
<edge target="-100" source="148881054"><data key="weight">290</data></edge>
<edge target="149392113" source="148881054"><data key="weight">96</data></edge>
<edge target="148883242" source="148881054"><data key="weight">93</data></edge>
<edge target="149396882" source="148881054"><data key="weight">92</data></edge>
<edge target="149306029" source="148881054"><data key="weight">89</data></edge>
<edge target="149311941" source="148881054"><data key="weight">88</data></edge>
<edge target="-100" source="149300945"><data key="weight">100</data></edge>
<edge target="149329346" source="149300945"><data key="weight">99</data></edge>
<edge target="149365525" source="149300945"><data key="weight">96</data></edge>
<edge target="149395409" source="149300945"><data key="weight">187</data></edge>
<edge target="149304260" source="149300945"><data key="weight">94</data></edge>
<edge target="149311941" source="149300945"><data key="weight">92</data></edge>
<edge target="149306029" source="149300945"><data key="weight">90</data></edge>
<edge target="149375926" source="149300945"><data key="weight">182</data></edge>
<edge target="148881735" source="149300945"><data key="weight">88</data></edge>
<edge target="149329346" source="149304260"><data key="weight">100</data></edge>
<edge target="149375926" source="149304260"><data key="weight">198</data></edge>
<edge target="-100" source="149304260"><data key="weight">98</data></edge>
<edge target="148881735" source="149304260"><data key="weight">95</data></edge>
<edge target="148888629" source="149304260"><data key="weight">94</data></edge>
<edge target="148883242" source="149304260"><data key="weight">93</data></edge>
<edge target="149365525" source="149304260"><data key="weight">92</data></edge>
<edge target="149343437" source="149304260"><data key="weight">91</data></edge>
<edge target="114311468" source="149304260"><data key="weight">89</data></edge>
<edge target="-100" source="149365525"><data key="weight">475</data></edge>
<edge target="149392113" source="149365525"><data key="weight">96</data></edge>
<edge target="149311941" source="149365525"><data key="weight">91</data></edge>
<edge target="148883242" source="149365525"><data key="weight">86</data></edge>
<edge target="-100" source="149375926"><data key="weight">192</data></edge>
<edge target="149392113" source="149375926"><data key="weight">91</data></edge>
<edge target="148887952" source="149375926"><data key="weight">89</data></edge>
<edge target="148883242" source="149375926"><data key="weight">87</data></edge>
<edge target="149395409" source="149311941"><data key="weight">195</data></edge>
<edge target="-100" source="149311941"><data key="weight">93</data></edge>
<edge target="149459809" source="149311941"><data key="weight">190</data></edge>
<edge target="148887952" source="149311941"><data key="weight">91</data></edge>
<edge target="149459809" source="149317883"><data key="weight">199</data></edge>
<edge target="149392113" source="149317883"><data key="weight">97</data></edge>
<edge target="-100" source="149317883"><data key="weight">95</data></edge>
<edge target="148883242" source="149317883"><data key="weight">91</data></edge>
<edge target="149329346" source="149459809"><data key="weight">97</data></edge>
<edge target="148887952" source="149459809"><data key="weight">95</data></edge>
<edge target="149395409" source="149459809"><data key="weight">93</data></edge>
<edge target="149392113" source="149459809"><data key="weight">91</data></edge>
<edge target="149311941" source="94092874"><data key="weight">100</data></edge>
<edge target="-100" source="94092874"><data key="weight">99</data></edge>
<edge target="310699533" source="94092874"><data key="weight">196</data></edge>
<edge target="149311941" source="310699533"><data key="weight">100</data></edge>
<edge target="149389663" source="149395409"><data key="weight">97</data></edge>
<edge target="149329346" source="149395409"><data key="weight">96</data></edge>
<edge target="148881735" source="149395409"><data key="weight">93</data></edge>
<edge target="-100" source="149395409"><data key="weight">91</data></edge>
<edge target="149371467" source="17592408591810"><data key="weight">100</data></edge>
<edge target="149395409" source="17592408591810"><data key="weight">99</data></edge>
<edge target="149300405" source="17592408591810"><data key="weight">98</data></edge>
<edge target="149300651" source="17592408591810"><data key="weight">97</data></edge>
<edge target="149363556" source="17592408591810"><data key="weight">96</data></edge>
<edge target="149411864" source="17592408591810"><data key="weight">95</data></edge>
<edge target="148887952" source="17592408591810"><data key="weight">94</data></edge>
<edge target="149311941" source="17592408591810"><data key="weight">93</data></edge>
<edge target="149392113" source="17592408591810"><data key="weight">92</data></edge>
<edge target="149317883" source="17592408591810"><data key="weight">91</data></edge>
<edge target="149412491" source="146498445"><data key="weight">100</data></edge>
<edge target="149397042" source="146498445"><data key="weight">99</data></edge>
<edge target="149442383" source="146498445"><data key="weight">98</data></edge>
<edge target="-100" source="146498445"><data key="weight">97</data></edge>
<edge target="149386487" source="146498445"><data key="weight">95</data></edge>
<edge target="242464182" source="146498445"><data key="weight">94</data></edge>
<edge target="149389663" source="146498445"><data key="weight">93</data></edge>
<edge target="148883242" source="146498445"><data key="weight">92</data></edge>
<edge target="148881054" source="146498445"><data key="weight">84</data></edge>
<edge target="149435791" source="146498445"><data key="weight">83</data></edge>
<edge target="149442383" source="149386487"><data key="weight">196</data></edge>
<edge target="149412491" source="149386487"><data key="weight">196</data></edge>
<edge target="-100" source="149386487"><data key="weight">97</data></edge>
<edge target="148883242" source="149386487"><data key="weight">96</data></edge>
<edge target="148888629" source="149386487"><data key="weight">95</data></edge>
<edge target="149412089" source="149386487"><data key="weight">92</data></edge>
<edge target="242464182" source="149386487"><data key="weight">91</data></edge>
<edge target="149435791" source="149386487"><data key="weight">90</data></edge>
<edge target="149389663" source="149386487"><data key="weight">89</data></edge>
<edge target="149442383" source="149412491"><data key="weight">199</data></edge>
<edge target="-100" source="149412491"><data key="weight">190</data></edge>
<edge target="149306029" source="149412491"><data key="weight">95</data></edge>
<edge target="148883242" source="149412491"><data key="weight">92</data></edge>
<edge target="-100" source="149442383"><data key="weight">188</data></edge>
<edge target="242464182" source="149442383"><data key="weight">93</data></edge>
<edge target="148883242" source="149442383"><data key="weight">92</data></edge>
<edge target="149306029" source="149442383"><data key="weight">88</data></edge>
<edge target="267403684" source="148875891"><data key="weight">197</data></edge>
<edge target="267439469" source="148875891"><data key="weight">195</data></edge>
<edge target="149401652" source="148875891"><data key="weight">195</data></edge>
<edge target="267439468" source="148875891"><data key="weight">95</data></edge>
<edge target="-100" source="148875891"><data key="weight">94</data></edge>
<edge target="267403658" source="148875891"><data key="weight">93</data></edge>
<edge target="148891161" source="148875891"><data key="weight">92</data></edge>
<edge target="267439471" source="148875891"><data key="weight">185</data></edge>
<edge target="267439469" source="149401652"><data key="weight">193</data></edge>
<edge target="267403684" source="149401652"><data key="weight">97</data></edge>
<edge target="-100" source="149401652"><data key="weight">561</data></edge>
<edge target="267439471" source="267403684"><data key="weight">200</data></edge>
<edge target="267439469" source="267403684"><data key="weight">197</data></edge>
<edge target="323636122" source="267403684"><data key="weight">195</data></edge>
<edge target="267439470" source="267403684"><data key="weight">191</data></edge>
<edge target="267403658" source="267403684"><data key="weight">94</data></edge>
<edge target="-100" source="267403684"><data key="weight">92</data></edge>
<edge target="267439450" source="267403684"><data key="weight">188</data></edge>
<edge target="267439470" source="267439469"><data key="weight">200</data></edge>
<edge target="267439450" source="267439469"><data key="weight">196</data></edge>
<edge target="323636122" source="267439469"><data key="weight">195</data></edge>
<edge target="267439471" source="267439469"><data key="weight">191</data></edge>
<edge target="148891161" source="267439469"><data key="weight">92</data></edge>
<edge target="267439468" source="267439469"><data key="weight">91</data></edge>
<edge target="267439470" source="323636122"><data key="weight">194</data></edge>
<edge target="267439471" source="323636122"><data key="weight">191</data></edge>
<edge target="148875891" source="323636122"><data key="weight">95</data></edge>
<edge target="267439450" source="323636122"><data key="weight">190</data></edge>
<edge target="267439468" source="323636122"><data key="weight">92</data></edge>
<edge target="267403658" source="323636122"><data key="weight">91</data></edge>
<edge target="267403677" source="323636122"><data key="weight">90</data></edge>
<edge target="148875891" source="243892742"><data key="weight">100</data></edge>
<edge target="267439470" source="267439471"><data key="weight">195</data></edge>
<edge target="267439450" source="267439471"><data key="weight">194</data></edge>
<edge target="267403658" source="267439471"><data key="weight">93</data></edge>
<edge target="267403670" source="267439471"><data key="weight">92</data></edge>
<edge target="267439468" source="267439471"><data key="weight">91</data></edge>
<edge target="267439470" source="267439450"><data key="weight">198</data></edge>
<edge target="287174274" source="267439450"><data key="weight">95</data></edge>
<edge target="267403658" source="267439450"><data key="weight">94</data></edge>
<edge target="267403670" source="267439450"><data key="weight">92</data></edge>
<edge target="267439460" source="267439450"><data key="weight">91</data></edge>
<edge target="267439468" source="267439450"><data key="weight">90</data></edge>
<edge target="148875891" source="267439470"><data key="weight">94</data></edge>
<edge target="267439468" source="267439470"><data key="weight">93</data></edge>
<edge target="148891161" source="267439470"><data key="weight">92</data></edge>
<edge target="267403676" source="267439470"><data key="weight">91</data></edge></graph></graphml>