<?xml version="1.0" encoding="UTF-8"?>
<graphml xmlns="http://graphml.graphdrawing.org/xmlns"
         xmlns:xsi="http://www.w3.org/2001/XMLSchema-instance"
         xsi:schemaLocation="http://graphml.graphdrawing.org/xmlns
         http://graphml.graphdrawing.org/xmlns/1.0/graphml.xsd">
<!-- Created by igraph -->
  <key id="v_Title" for="node" attr.name="Title" attr.type="string"/>
  <key id="v_hrank" for="node" attr.name="hrank" attr.type="double"/>
  <key id="v_numDirects" for="node" attr.name="numDirects" attr.type="double"/>
  <key id="v_numCollegues" for="node" attr.name="numCollegues" attr.type="double"/>
  <key id="v_RecentlyModifiedCount" for="node" attr.name="RecentlyModifiedCount" attr.type="double"/>
  <key id="v_ModifiedTitles" for="node" attr.name="ModifiedTitles" attr.type="string"/>
  <key id="v_TrendingTitles" for="node" attr.name="TrendingTitles" attr.type="string"/>
  <key id="v_id" for="node" attr.name="id" attr.type="string"/>
  <key id="e_weight" for="edge" attr.name="weight" attr.type="double"/>
  <graph id="G" edgedefault="undirected">
    <node id="n0">
      <data key="v_Title">Oren Winter</data>
      <data key="v_hrank">0</data>
      <data key="v_numDirects">10</data>
      <data key="v_numCollegues">0</data>
      <data key="v_RecentlyModifiedCount">10</data>
      <data key="v_ModifiedTitles"> ; Engineering ; Mobile BI ; Production Status ; Power BI PR All March 23.pptx ; James Product review April 2016.pptx ; Getting Started ; Power BI Desktop ; Mobile BI ; TSGs ; Yitzhak&apos;s Team</data>
      <data key="v_TrendingTitles"> ; Mobile reports review April 2016.pptx ; 16.5.1 - Release meta data.pptx ; James Product review April 2016.pptx ; TSGs ; Training ; Get Engaged 4MAY2016.pptx ; Vendor Ops ; 16.4.2 - Release meta data.pptx ; 16.5.2 - Release meta data.pptx ; Business Day ; Power BI Mobile release (4.1 + 4.2)  ; Planning ; Power BI Desktop ; Microsoft confidential ; Power BI Shared Services  ; Mobile apps dashboard refresh functionality ; Sela registration June 2016 ; App Model ; Power BI PaaS Team Strategy &amp; Execution Plan ; Telemetry Requirements for Unified Notifications</data>
      <data key="v_id">149396250</data>
    </node>
    <node id="n1">
      <data key="v_Title">Roy Gal</data>
      <data key="v_hrank">1</data>
      <data key="v_numDirects">0</data>
      <data key="v_numCollegues">10</data>
      <data key="v_RecentlyModifiedCount">10</data>
      <data key="v_ModifiedTitles"> ; Mobile reports review April 2016.pptx ; General Information ; Mobile Reports ; Product review FEB 2016.pptx ; Product review March 2016.pptx ; Get Engaged 2MAR2016.pptx ; Get Engaged 13April2016.pptx ; 16.3.2 - Release meta data.pptx ; Get Engaged 24FEB2016.pptx ; SaaS mobile alignment feb 2016</data>
      <data key="v_TrendingTitles"> ; Mobile reports review April 2016.pptx ; James Product review April 2016.pptx ; 16.5.1 - Release meta data.pptx ; Engineering ; Planning ; Power BI Desktop ; Power BI Mobile release (4.1 + 4.2)  ; 16.5.2 - Release meta data.pptx ; 16.4.2 - Release meta data.pptx ; Reports and dashboards ; Get Engaged 4MAY2016.pptx ; Microsoft confidential ; Business Day ; Vendor Ops ; Sela registration June 2016 ; Mobile BI ; 16.4.1 - Release meta data.pptx ; Telemetry Requirements for Unified Notifications ; Mobile apps dashboard refresh functionality ; Using Excel Reports in Power BI is Easier Than Ever with Local Files Support</data>
      <data key="v_id">41753016</data>
    </node>
    <node id="n2">
      <data key="v_Title">Ella Ben-Tov</data>
      <data key="v_hrank">1</data>
      <data key="v_numDirects">0</data>
      <data key="v_numCollegues">10</data>
      <data key="v_RecentlyModifiedCount">10</data>
      <data key="v_ModifiedTitles"> ; PBI for Surface hub ; Pordcut feature roadmap March 2016.pptx ; Usage survey ; Demo&apos;s ; 16.2.1 + 16.2.2 - Release meta data.pptx ; Product review March 2016.pptx ; Surface hub broadcast scenario ; 16.4.1 - Release meta data.pptx ; 16.4.2 - Release meta data.pptx ; Visual Awesomeness Unlocked - KPI</data>
      <data key="v_TrendingTitles"> ; James Product review April 2016.pptx ; Mobile reports review April 2016.pptx ; 16.5.1 - Release meta data.pptx ; Microsoft confidential ; Vendor Ops ; Get Engaged 4MAY2016.pptx ; TSGs ; Planning ; 16.5.2 - Release meta data.pptx ; Training ; Business Day ; 16.4.2 - Release meta data.pptx ; Power BI Mobile release (4.1 + 4.2)  ; OneNote_DeletedPages ; Sela registration June 2016 ; Mobile BI ; Mobile apps dashboard refresh functionality ; Telemetry Requirements for Unified Notifications ; 16.4.1 - Release meta data.pptx ; Office Cohesion  Competitive Landscape and Opportunities for  - collaboration - sharing - cross app user experience</data>
      <data key="v_id">105611773</data>
    </node>
    <node id="n3">
      <data key="v_Title">Hila Yehuda</data>
      <data key="v_hrank">1</data>
      <data key="v_numDirects">5</data>
      <data key="v_numCollegues">10</data>
      <data key="v_RecentlyModifiedCount">5</data>
      <data key="v_ModifiedTitles"> ; Microsoft confidential ; Microsoft confidential ; James Product review April 2016.pptx ; Business Day ; Stores Submission</data>
      <data key="v_TrendingTitles"> ; Mobile reports review April 2016.pptx ; 16.5.1 - Release meta data.pptx ; James Product review April 2016.pptx ; Microsoft confidential ; Current Specs ; Engineering ; Get Engaged 4MAY2016.pptx ; 16.4.2 - Release meta data.pptx ; Vendor Ops ; 16.5.2 - Release meta data.pptx ; TSGs ; Sela registration June 2016 ; Training ; Business Day ; Power BI Mobile release (4.1 + 4.2)  ; Telemetry Requirements for Unified Notifications ; Mobile BI ; Mobile apps dashboard refresh functionality ; Power BI Desktop ; Power BI PR - PaaS May 9.pptx</data>
      <data key="v_id">149305457</data>
    </node>
    <node id="n4">
      <data key="v_Title">Ron Gilad</data>
      <data key="v_hrank">1</data>
      <data key="v_numDirects">8</data>
      <data key="v_numCollegues">10</data>
      <data key="v_RecentlyModifiedCount">10</data>
      <data key="v_ModifiedTitles"> ; PALS and Telemetry ; Demo&apos;s ; James Product review April 2016.pptx ; Process ; Product review March 2016.pptx ; Microsoft confidential ; Product review April 2016_V1.pptx ; Mobile Dashboards Architecture ; Stores Submission ; Business Day</data>
      <data key="v_TrendingTitles"> ; 16.5.1 - Release meta data.pptx ; James Product review April 2016.pptx ; Training ; Mobile reports review April 2016.pptx ; TSGs ; Vendor Ops ; Microsoft confidential ; Get Engaged 4MAY2016.pptx ; 16.4.2 - Release meta data.pptx ; Power BI Mobile release (4.1 + 4.2)  ; 16.5.2 - Release meta data.pptx ; Planning ; Power BI Shared Services  ; Engineering ; Sela registration June 2016 ; Business Day ; Mobile BI ; Power BI PR - PaaS May 9.pptx ; Mobile apps dashboard refresh functionality ; Telemetry Requirements for Unified Notifications</data>
      <data key="v_id">149343873</data>
    </node>
    <node id="n5">
      <data key="v_Title">Shahar Prish</data>
      <data key="v_hrank">1</data>
      <data key="v_numDirects">0</data>
      <data key="v_numCollegues">10</data>
      <data key="v_RecentlyModifiedCount">4</data>
      <data key="v_ModifiedTitles"> ; Windows ; Engineering ; Mobile Dashboards Architecture ; Community Assets</data>
      <data key="v_TrendingTitles"> ; James Product review April 2016.pptx ; 16.5.1 - Release meta data.pptx ; Mobile reports review April 2016.pptx ; Planning ; Sela registration June 2016 ; Engineering ; Get Engaged 4MAY2016.pptx ; Vendor Ops ; 16.4.2 - Release meta data.pptx ; 16.5.2 - Release meta data.pptx ; TSGs ; Business Day ; Power BI Mobile release (4.1 + 4.2)  ; Telemetry Requirements for Unified Notifications ; Mobile BI ; Mobile apps dashboard refresh functionality ; Microsoft confidential ; 16.4.1 - Release meta data.pptx ; MD-DesignReview-14.4 ; internal-scanner-BC.8.5.16</data>
      <data key="v_id">149371614</data>
    </node>
    <node id="n6">
      <data key="v_Title">Yaron Canari</data>
      <data key="v_hrank">1</data>
      <data key="v_numDirects">0</data>
      <data key="v_numCollegues">10</data>
      <data key="v_RecentlyModifiedCount">10</data>
      <data key="v_ModifiedTitles"> ; Stores Submission ; SaaS mobile alignment feb 2016 ; DesignReviews_3.2 ; Mobile apps dashboard refresh functionality ; PowerBI mobile feature heat map definition ; Pordcut feature roadmap March 2016.pptx ; MobileDashboards.pptx ; Demo&apos;s ; 16.2.1 + 16.2.2 - Release meta data.pptx ; 16.4.1 - Release meta data.pptx</data>
      <data key="v_TrendingTitles"> ; James Product review April 2016.pptx ; Mobile reports review April 2016.pptx ; 16.5.1 - Release meta data.pptx ; Planning ; Engineering ; Sela registration June 2016 ; Power BI Mobile release (4.1 + 4.2)  ; 16.4.2 - Release meta data.pptx ; Get Engaged 4MAY2016.pptx ; Microsoft confidential ; OneNote_DeletedPages ; Dashboards and Reports ; Vendor Ops ; Business Day ; Mobile BI ; 16.4.1 - Release meta data.pptx ; 16.5.2 - Release meta data.pptx ; Mobile apps dashboard refresh functionality ; Using Excel Reports in Power BI is Easier Than Ever with Local Files Support ; Telemetries Definition for FFXL</data>
      <data key="v_id">149405896</data>
    </node>
    <node id="n7">
      <data key="v_Title">Romi Koifman</data>
      <data key="v_hrank">1</data>
      <data key="v_numDirects">0</data>
      <data key="v_numCollegues">10</data>
      <data key="v_RecentlyModifiedCount">10</data>
      <data key="v_ModifiedTitles"> ; Customers ; Power BI Data summit ; Mobile Marketing ; QR initial.pptx ; Events ; Mobile ; Power BI Mobile March release (2.2)  ; Process ; Product review FEB 2016.pptx ; Mobile BI</data>
      <data key="v_TrendingTitles"> ; James Product review April 2016.pptx ; Mobile reports review April 2016.pptx ; 16.5.1 - Release meta data.pptx ; Vendor Ops ; TSGs ; Microsoft confidential ; Training ; Power BI Mobile release (4.1 + 4.2)  ; Get Engaged 4MAY2016.pptx ; Business Day ; 16.4.2 - Release meta data.pptx ; Raw Data Access ; Engineering ; Mobile BI ; Mobile apps dashboard refresh functionality ; Power BI PR - PaaS May 9.pptx ; 16.5.2 - Release meta data.pptx ; Telemetry Requirements for Unified Notifications ; 16.4.1 - Release meta data.pptx ; Using Excel Reports in Power BI is Easier Than Ever with Local Files Support</data>
      <data key="v_id">149420218</data>
    </node>
    <node id="n8">
      <data key="v_Title">Gabi Lehner</data>
      <data key="v_hrank">1</data>
      <data key="v_numDirects">0</data>
      <data key="v_numCollegues">10</data>
      <data key="v_RecentlyModifiedCount">10</data>
      <data key="v_ModifiedTitles"> ; General Information ; Demo&apos;s ; MobileDashboards_V3.pptx ; Geo filtering SPEC.pptx ; Mobile reports review April 2016.pptx ; Product review March 2016.pptx ; Product review April 2016_V1.pptx ; Planning ; OneNote_DeletedPages ; 16.3.2 - Release meta data.pptx</data>
      <data key="v_TrendingTitles"> ; James Product review April 2016.pptx ; Mobile reports review April 2016.pptx ; 16.5.1 - Release meta data.pptx ; Get Engaged 4MAY2016.pptx ; Engineering ; 16.5.2 - Release meta data.pptx ; TSGs ; Planning ; Vendor Ops ; Training ; Power BI Mobile release (4.1 + 4.2)  ; 16.4.2 - Release meta data.pptx ; Sela registration June 2016 ; Power BI Desktop ; Microsoft confidential ; Business Day ; Mobile BI ; Mobile apps dashboard refresh functionality ; Telemetry Requirements for Unified Notifications ; 16.4.1 - Release meta data.pptx</data>
      <data key="v_id">149422381</data>
    </node>
    <node id="n9">
      <data key="v_Title">Yitzhak Kesselman</data>
      <data key="v_hrank">1</data>
      <data key="v_numDirects">8</data>
      <data key="v_numCollegues">10</data>
      <data key="v_RecentlyModifiedCount">10</data>
      <data key="v_ModifiedTitles"> ; PBI for Surface hub ; General Information ; Planning ; OneNote_DeletedPages ; PBI Apps for SQL16 ; Demo&apos;s ; Mobile Reports ; Microsoft confidential ; Mobile reports review April 2016.pptx ; Power BI Data summit</data>
      <data key="v_TrendingTitles"> ; James Product review April 2016.pptx ; 16.5.1 - Release meta data.pptx ; Planning ; Mobile reports review April 2016.pptx ; TSGs ; Sela registration June 2016 ; Engineering ; Get Engaged 4MAY2016.pptx ; Vendor Ops ; 16.4.2 - Release meta data.pptx ; Microsoft confidential ; 16.5.2 - Release meta data.pptx ; Training ; Power BI Mobile release (4.1 + 4.2)  ; Business Day ; Mobile BI ; Power BI PR - PaaS May 9.pptx ; MobileDashboardsPersistancyChanges ; Mobile Dashboards Architecture ; Telemetry Requirements for Unified Notifications</data>
      <data key="v_id">149471825</data>
    </node>
    <node id="n10">
      <data key="v_Title">Guy Shalev</data>
      <data key="v_hrank">1</data>
      <data key="v_numDirects">0</data>
      <data key="v_numCollegues">10</data>
      <data key="v_RecentlyModifiedCount">3</data>
      <data key="v_ModifiedTitles"> ; PBI for Surface hub ; Pordcut feature roadmap March 2016.pptx ; Power BI touch SPEC.pptx</data>
      <data key="v_TrendingTitles"> ; Mobile reports review April 2016.pptx ; James Product review April 2016.pptx ; 16.5.1 - Release meta data.pptx ; Get Engaged 4MAY2016.pptx ; 16.5.2 - Release meta data.pptx ; 16.4.2 - Release meta data.pptx ; Planning ; Business Day ; Power BI Mobile release (4.1 + 4.2)  ; Microsoft confidential ; Engineering ; Mobile BI ; Sela registration June 2016 ; Telemetry Requirements for Unified Notifications ; Mobile apps dashboard refresh functionality ; 16.4.1 - Release meta data.pptx ; Using Excel Reports in Power BI is Easier Than Ever with Local Files Support ; Power BI Desktop ; Telemetries Definition for FFXL ; Measuring PBIO Workloads Business Success</data>
      <data key="v_id">203120894</data>
    </node>
    <node id="n11">
      <data key="v_Title">Artem Atriaskin</data>
      <data key="v_hrank">2</data>
      <data key="v_numDirects">0</data>
      <data key="v_numCollegues">5</data>
      <data key="v_RecentlyModifiedCount">0</data>
      <data key="v_ModifiedTitles">unknown</data>
      <data key="v_TrendingTitles"> ; James Product review April 2016.pptx ; 16.5.1 - Release meta data.pptx ; Mobile reports review April 2016.pptx ; Sela registration June 2016 ; Engineering ; Planning ; Get Engaged 4MAY2016.pptx ; Power BI Mobile release (4.1 + 4.2)  ; 16.4.2 - Release meta data.pptx ; Business Day ; 16.5.2 - Release meta data.pptx ; Vendor Ops ; OneNote_DeletedPages ; Microsoft confidential ; Telemetry Requirements for Unified Notifications ; Mobile BI ; Mobile apps dashboard refresh functionality ; 16.4.1 - Release meta data.pptx ; internal-scanner-BC.8.5.16 ; MD-DesignReview-14.4</data>
      <data key="v_id">20942962</data>
    </node>
    <node id="n12">
      <data key="v_Title">Gil Cooperman</data>
      <data key="v_hrank">2</data>
      <data key="v_numDirects">0</data>
      <data key="v_numCollegues">5</data>
      <data key="v_RecentlyModifiedCount">6</data>
      <data key="v_ModifiedTitles"> ; Stores Submission ; Windows ; Vendor Ops ; TSGs ; Alerting and Notifications ; Daily Live Site</data>
      <data key="v_TrendingTitles"> ; James Product review April 2016.pptx ; Planning ; TSGs ; 16.5.1 - Release meta data.pptx ; Vendor Ops ; Mobile reports review April 2016.pptx ; Training ; Engineering ; Microsoft confidential ; Business Day ; Sela registration June 2016 ; 16.4.2 - Release meta data.pptx ; Get Engaged 4MAY2016.pptx ; Mobile BI ; Power BI Mobile release (4.1 + 4.2)  ; 16.5.2 - Release meta data.pptx ; Telemetry Requirements for Unified Notifications ; Power BI PR - PaaS May 9.pptx ; App Model ; 16.4.1 - Release meta data.pptx</data>
      <data key="v_id">149328095</data>
    </node>
    <node id="n13">
      <data key="v_Title">Erez Goldshide</data>
      <data key="v_hrank">2</data>
      <data key="v_numDirects">0</data>
      <data key="v_numCollegues">5</data>
      <data key="v_RecentlyModifiedCount">3</data>
      <data key="v_ModifiedTitles"> ; Stores Submission ; Objects ; Engineering</data>
      <data key="v_TrendingTitles"> ; James Product review April 2016.pptx ; 16.5.1 - Release meta data.pptx ; Mobile reports review April 2016.pptx ; Sela registration June 2016 ; Engineering ; Planning ; Get Engaged 4MAY2016.pptx ; Vendor Ops ; 16.4.2 - Release meta data.pptx ; 16.5.2 - Release meta data.pptx ; OneNote_DeletedPages ; Business Day ; Microsoft confidential ; Telemetry Requirements for Unified Notifications ; Power BI Mobile release (4.1 + 4.2)  ; Mobile BI ; Mobile apps dashboard refresh functionality ; 16.4.1 - Release meta data.pptx ; Telemetries Definition for FFXL ; Measuring PBIO Workloads Business Success</data>
      <data key="v_id">149437492</data>
    </node>
    <node id="n14">
      <data key="v_Title">Alexandr Gavrishev</data>
      <data key="v_hrank">2</data>
      <data key="v_numDirects">0</data>
      <data key="v_numCollegues">5</data>
      <data key="v_RecentlyModifiedCount">6</data>
      <data key="v_ModifiedTitles"> ; QuickAccess ; Stores Submission ; Location Updates ; Notifications ; Engineering ; Demo&apos;s</data>
      <data key="v_TrendingTitles"> ; James Product review April 2016.pptx ; 16.5.1 - Release meta data.pptx ; Sela registration June 2016 ; Planning ; Engineering ; Mobile reports review April 2016.pptx ; Vendor Ops ; TSGs ; 16.4.2 - Release meta data.pptx ; 16.5.2 - Release meta data.pptx ; Business Day ; Get Engaged 4MAY2016.pptx ; Telemetry Requirements for Unified Notifications ; Power BI Mobile release (4.1 + 4.2)  ; Microsoft confidential ; Mobile BI ; Mobile apps dashboard refresh functionality ; 16.4.1 - Release meta data.pptx ; Mobile Dashboards Architecture ; Power BI Shared Services </data>
      <data key="v_id">340284315</data>
    </node>
    <node id="n15">
      <data key="v_Title">Asaf Isser</data>
      <data key="v_hrank">2</data>
      <data key="v_numDirects">0</data>
      <data key="v_numCollegues">5</data>
      <data key="v_RecentlyModifiedCount">4</data>
      <data key="v_ModifiedTitles"> ; Engineering ; Engineering ; Stores Submission ; PBI for Surface hub</data>
      <data key="v_TrendingTitles"> ; James Product review April 2016.pptx ; Planning ; Mobile reports review April 2016.pptx ; 16.5.1 - Release meta data.pptx ; Sela registration June 2016 ; Engineering ; Get Engaged 4MAY2016.pptx ; Business Day ; 16.4.2 - Release meta data.pptx ; OneNote_DeletedPages ; 16.5.2 - Release meta data.pptx ; Telemetry Requirements for Unified Notifications ; Vendor Ops ; Microsoft confidential ; Training ; Mobile apps dashboard refresh functionality ; Power BI Mobile release (4.1 + 4.2)  ; Mobile BI ; 16.4.1 - Release meta data.pptx ; MD-DesignReview-14.4</data>
      <data key="v_id">17592431467863</data>
    </node>
    <node id="n16">
      <data key="v_Title">Haim Sabo</data>
      <data key="v_hrank">2</data>
      <data key="v_numDirects">0</data>
      <data key="v_numCollegues">8</data>
      <data key="v_RecentlyModifiedCount">5</data>
      <data key="v_ModifiedTitles"> ; Mobile Dashboard and Reports tasks ; Mobile Dashboards Architecture ; ES Admin ; New Section 1 ; Daily Live Site</data>
      <data key="v_TrendingTitles"> ; Planning ; Sela registration June 2016 ; TSGs ; Engineering ; Vendor Ops ; James Product review April 2016.pptx ; Training ; Microsoft confidential ; Power BI Shared Services  ; Mobile reports review April 2016.pptx ; 16.5.1 - Release meta data.pptx ; Mobile BI ; MobileDashboardsPersistancyChanges ; Get Engaged 4MAY2016.pptx ; Mobile Dashboards Architecture ; Mobile Reports Design ; internal-scanner-BC.8.5.16 ; MD-DesignReview-14.4 ; Business Day ; Mobile apps dashboard refresh functionality</data>
      <data key="v_id">24786230</data>
    </node>
    <node id="n17">
      <data key="v_Title">Sruly Taber</data>
      <data key="v_hrank">2</data>
      <data key="v_numDirects">0</data>
      <data key="v_numCollegues">8</data>
      <data key="v_RecentlyModifiedCount">2</data>
      <data key="v_ModifiedTitles"> ; Windows ; Stores Submission</data>
      <data key="v_TrendingTitles"> ; Planning ; James Product review April 2016.pptx ; 16.5.1 - Release meta data.pptx ; Mobile reports review April 2016.pptx ; Sela registration June 2016 ; Engineering ; 16.5.2 - Release meta data.pptx ; Business Day ; Get Engaged 4MAY2016.pptx ; Vendor Ops ; OneNote_DeletedPages ; OneNote_DeletedPages ; 16.4.2 - Release meta data.pptx ; Mobile BI ; Power BI Mobile release (4.1 + 4.2)  ; Microsoft confidential ; Telemetry Requirements for Unified Notifications ; Mobile apps dashboard refresh functionality ; MobileDashboardsPersistancyChanges ; Mobile Dashboards Architecture</data>
      <data key="v_id">31093401</data>
    </node>
    <node id="n18">
      <data key="v_Title">Inbar Ron</data>
      <data key="v_hrank">2</data>
      <data key="v_numDirects">0</data>
      <data key="v_numCollegues">8</data>
      <data key="v_RecentlyModifiedCount">1</data>
      <data key="v_ModifiedTitles"> ; PALS and Telemetry</data>
      <data key="v_TrendingTitles"> ; James Product review April 2016.pptx ; Mobile reports review April 2016.pptx ; 16.5.1 - Release meta data.pptx ; Planning ; Engineering ; Sela registration June 2016 ; Microsoft confidential ; Get Engaged 4MAY2016.pptx ; Business Day ; OneNote_DeletedPages ; Vendor Ops ; 16.4.2 - Release meta data.pptx ; 16.5.2 - Release meta data.pptx ; Telemetry Requirements for Unified Notifications ; Mobile apps dashboard refresh functionality ; Mobile BI ; Using Excel Reports in Power BI is Easier Than Ever with Local Files Support ; Mobile Dashboards Architecture ; Telemetries Definition for FFXL ; Measuring PBIO Workloads Business Success</data>
      <data key="v_id">148888952</data>
    </node>
    <node id="n19">
      <data key="v_Title">Yonatan Appel</data>
      <data key="v_hrank">2</data>
      <data key="v_numDirects">0</data>
      <data key="v_numCollegues">8</data>
      <data key="v_RecentlyModifiedCount">0</data>
      <data key="v_ModifiedTitles">unknown</data>
      <data key="v_TrendingTitles"> ; Planning ; James Product review April 2016.pptx ; Mobile reports review April 2016.pptx ; 16.5.1 - Release meta data.pptx ; Engineering ; Sela registration June 2016 ; Vendor Ops ; Business Day ; Get Engaged 4MAY2016.pptx ; Microsoft confidential ; OneNote_DeletedPages ; Mobile BI ; 16.4.2 - Release meta data.pptx ; 16.5.2 - Release meta data.pptx ; Training ; Mobile apps dashboard refresh functionality ; Telemetry Requirements for Unified Notifications ; Power BI Mobile release (4.1 + 4.2)  ; 16.4.1 - Release meta data.pptx ; Power BI Shared Services </data>
      <data key="v_id">149317946</data>
    </node>
    <node id="n20">
      <data key="v_Title">Guy Arad</data>
      <data key="v_hrank">2</data>
      <data key="v_numDirects">0</data>
      <data key="v_numCollegues">8</data>
      <data key="v_RecentlyModifiedCount">10</data>
      <data key="v_ModifiedTitles"> ; Engineering ; Kusto ; PALS and Telemetry ; Windows 10 ; Vendor Ops ; OneNote_DeletedPages ; Engineering ; TSG ; Daily Live Site ; Common Data Sets</data>
      <data key="v_TrendingTitles"> ; Planning ; Vendor Ops ; Mobile reports review April 2016.pptx ; James Product review April 2016.pptx ; 16.5.1 - Release meta data.pptx ; TSGs ; Training ; Sela registration June 2016 ; Microsoft confidential ; Engineering ; Get Engaged 4MAY2016.pptx ; Business Day ; Telemetry Requirements for Unified Notifications ; 16.4.2 - Release meta data.pptx ; 16.5.2 - Release meta data.pptx ; Mobile apps dashboard refresh functionality ; MobileDashboardsPersistancyChanges ; Mobile Dashboards Architecture ; 16.4.1 - Release meta data.pptx ; Test Coverage &amp; Unicorns</data>
      <data key="v_id">149373676</data>
    </node>
    <node id="n21">
      <data key="v_Title">Yaniv Kravitz</data>
      <data key="v_hrank">2</data>
      <data key="v_numDirects">0</data>
      <data key="v_numCollegues">8</data>
      <data key="v_RecentlyModifiedCount">10</data>
      <data key="v_ModifiedTitles"> ; Demo&apos;s ; Weekly Execution Review ; General ; Demodata ; OneNote_DeletedPages ; Power BI Data summit ; Excet demo ; Mobile BI ; Exec Retreat DemoFest ; ILDC Drivers</data>
      <data key="v_TrendingTitles"> ; James Product review April 2016.pptx ; 16.5.1 - Release meta data.pptx ; Mobile reports review April 2016.pptx ; Planning ; Engineering ; Get Engaged 4MAY2016.pptx ; Vendor Ops ; TSGs ; Training ; Microsoft confidential ; 16.5.2 - Release meta data.pptx ; 16.4.2 - Release meta data.pptx ; Power BI Mobile release (4.1 + 4.2)  ; Business Day ; Mobile apps dashboard refresh functionality ; Power BI PR - PaaS May 9.pptx ; Mobile BI ; Telemetry Requirements for Unified Notifications ; Sela registration June 2016 ; 16.4.1 - Release meta data.pptx</data>
      <data key="v_id">149395605</data>
    </node>
    <node id="n22">
      <data key="v_Title">Yehonatan Ginzberg</data>
      <data key="v_hrank">2</data>
      <data key="v_numDirects">0</data>
      <data key="v_numCollegues">8</data>
      <data key="v_RecentlyModifiedCount">6</data>
      <data key="v_ModifiedTitles"> ; Core Team ; Fundamentals - Certification ; Mobile apps dashboard refresh functionality ; Training ; Engineering ; OneNote_DeletedPages</data>
      <data key="v_TrendingTitles"> ; James Product review April 2016.pptx ; 16.5.1 - Release meta data.pptx ; Mobile reports review April 2016.pptx ; Engineering ; Sela registration June 2016 ; Planning ; Get Engaged 4MAY2016.pptx ; TSGs ; Vendor Ops ; Microsoft confidential ; 16.4.2 - Release meta data.pptx ; 16.5.2 - Release meta data.pptx ; Training ; Business Day ; Power BI Mobile release (4.1 + 4.2)  ; Mobile BI ; Telemetry Requirements for Unified Notifications ; Mobile apps dashboard refresh functionality ; 16.4.1 - Release meta data.pptx ; App Model</data>
      <data key="v_id">149469572</data>
    </node>
    <node id="n23">
      <data key="v_Title">Adam Yaari</data>
      <data key="v_hrank">2</data>
      <data key="v_numDirects">0</data>
      <data key="v_numCollegues">8</data>
      <data key="v_RecentlyModifiedCount">2</data>
      <data key="v_ModifiedTitles"> ; ES Admin ; Windows 10</data>
      <data key="v_TrendingTitles"> ; Planning ; Engineering ; Sela registration June 2016 ; Mobile reports review April 2016.pptx ; James Product review April 2016.pptx ; Microsoft confidential ; OneNote_DeletedPages ; Training ; Business Day ; Microsoft confidential ; Mobile BI ; Get Engaged 4MAY2016.pptx ; internal-scanner-BC.8.5.16 ; Mobile apps dashboard refresh functionality ; Mobile Dashboards Architecture ; Telemetry Requirements for Unified Notifications ; 16.5.1 - Release meta data.pptx ; MD-DesignReview-14.4 ; Microsoft confidential ; PBI service Loc engineering improvements</data>
      <data key="v_id">187825319</data>
    </node>
    <node id="n24">
      <data key="v_Title">Shay Peled</data>
      <data key="v_hrank">2</data>
      <data key="v_numDirects">0</data>
      <data key="v_numCollegues">8</data>
      <data key="v_RecentlyModifiedCount">3</data>
      <data key="v_ModifiedTitles"> ; General Information ; Engineering ; Fundamentals - Certification</data>
      <data key="v_TrendingTitles"> ; James Product review April 2016.pptx ; 16.5.1 - Release meta data.pptx ; Planning ; Mobile reports review April 2016.pptx ; Engineering ; Microsoft confidential ; Vendor Ops ; OneNote_DeletedPages ; TSGs ; Sela registration June 2016 ; Get Engaged 4MAY2016.pptx ; 16.4.2 - Release meta data.pptx ; Business Day ; Using Excel Reports in Power BI is Easier Than Ever with Local Files Support ; Mobile Dashboards Architecture ; Telemetries Definition for FFXL ; Measuring PBIO Workloads Business Success ; Power BI Mobile release (4.1 + 4.2)  ; Mobile BI ; 16.5.2 - Release meta data.pptx</data>
      <data key="v_id">107195219</data>
    </node>
    <node id="n25">
      <data key="v_Title">Ronit Ravitz Fried</data>
      <data key="v_hrank">2</data>
      <data key="v_numDirects">0</data>
      <data key="v_numCollegues">8</data>
      <data key="v_RecentlyModifiedCount">2</data>
      <data key="v_ModifiedTitles"> ; Fundamentals - Certification ; General Information</data>
      <data key="v_TrendingTitles"> ; Planning ; Mobile reports review April 2016.pptx ; Sela registration June 2016 ; James Product review April 2016.pptx ; Engineering ; 16.5.1 - Release meta data.pptx ; OneNote_DeletedPages ; PBI for Surface hub ; Training ; Business Day ; 16.4.2 - Release meta data.pptx ; Microsoft confidential ; MobileDashboardsPersistancyChanges ; Get Engaged 4MAY2016.pptx ; internal-scanner-BC.8.5.16 ; Power BI Mobile release (4.1 + 4.2)  ; Mobile Dashboards Architecture ; Mobile Reports Design ; Mobile apps dashboard refresh functionality ; MD-DesignReview-14.4</data>
      <data key="v_id">120999129</data>
    </node>
    <node id="n26">
      <data key="v_Title">Ayesh Qumhieh (ASAL Technologies Ltd)</data>
      <data key="v_hrank">2</data>
      <data key="v_numDirects">0</data>
      <data key="v_numCollegues">8</data>
      <data key="v_RecentlyModifiedCount">2</data>
      <data key="v_ModifiedTitles"> ; Engineering ; General Information</data>
      <data key="v_TrendingTitles"> ; James Product review April 2016.pptx ; 16.5.1 - Release meta data.pptx ; Planning ; Mobile reports review April 2016.pptx ; Sela registration June 2016 ; Engineering ; Get Engaged 4MAY2016.pptx ; 16.4.2 - Release meta data.pptx ; 16.5.2 - Release meta data.pptx ; Business Day ; OneNote_DeletedPages ; Microsoft confidential ; Telemetry Requirements for Unified Notifications ; Power BI Mobile release (4.1 + 4.2)  ; PBI for Surface hub ; Mobile apps dashboard refresh functionality ; Mobile BI ; 16.4.1 - Release meta data.pptx ; internal-scanner-BC.8.5.16 ; MobileDashboardsPersistancyChanges</data>
      <data key="v_id">138941587</data>
    </node>
    <node id="n27">
      <data key="v_Title">David Bahat</data>
      <data key="v_hrank">2</data>
      <data key="v_numDirects">0</data>
      <data key="v_numCollegues">8</data>
      <data key="v_RecentlyModifiedCount">10</data>
      <data key="v_ModifiedTitles"> ; Planning ; PBI Apps for SQL16 ; Engineering ; Backlog ; OneNote_DeletedPages ; Test ; Upgrades ; General Information ; Engineering ; Learning</data>
      <data key="v_TrendingTitles"> ; Mobile reports review April 2016.pptx ; Planning ; James Product review April 2016.pptx ; Sela registration June 2016 ; 16.5.1 - Release meta data.pptx ; Engineering ; TSGs ; Training ; Microsoft confidential ; Vendor Ops ; Business Day ; Get Engaged 4MAY2016.pptx ; 16.4.2 - Release meta data.pptx ; MobileDashboardsPersistancyChanges ; Mobile apps dashboard refresh functionality ; Power BI PR - PaaS May 9.pptx ; Power BI Mobile release (4.1 + 4.2)  ; Mobile Dashboards Architecture ; internal-scanner-BC.8.5.16 ; 16.4.1 - Release meta data.pptx</data>
      <data key="v_id">149308727</data>
    </node>
    <node id="n28">
      <data key="v_Title">Merav Bercovitz</data>
      <data key="v_hrank">2</data>
      <data key="v_numDirects">0</data>
      <data key="v_numCollegues">8</data>
      <data key="v_RecentlyModifiedCount">3</data>
      <data key="v_ModifiedTitles"> ; Mobile Dashboard and Reports tasks ; Mobile Reports Design ; General Information</data>
      <data key="v_TrendingTitles"> ; James Product review April 2016.pptx ; Planning ; Engineering ; Mobile reports review April 2016.pptx ; Sela registration June 2016 ; Dashboards and Reports ; 16.5.1 - Release meta data.pptx ; Vendor Ops ; Microsoft confidential ; Get Engaged 4MAY2016.pptx ; MobileDashboardsPersistancyChanges ; Mobile Dashboards Architecture ; Business Day ; 16.4.2 - Release meta data.pptx ; Mobile BI ; MR-DesignReview-desktop-20.4 ; Mobile apps dashboard refresh functionality ; MD-DesignReview-14.4 ; internal-scanner-BC.8.5.16 ; Power BI Mobile release (4.1 + 4.2) </data>
      <data key="v_id">149410377</data>
    </node>
    <node id="n29">
      <data key="v_Title">Igor Celik</data>
      <data key="v_hrank">2</data>
      <data key="v_numDirects">0</data>
      <data key="v_numCollegues">8</data>
      <data key="v_RecentlyModifiedCount">7</data>
      <data key="v_ModifiedTitles"> ; Planning ; General Information ; Fundamentals - Certification ; Windows 10 ; Engineering ; Fundamentals - Certification ; Test</data>
      <data key="v_TrendingTitles"> ; Planning ; James Product review April 2016.pptx ; Mobile reports review April 2016.pptx ; Sela registration June 2016 ; Engineering ; 16.5.1 - Release meta data.pptx ; Training ; OneNote_DeletedPages ; OneNote_DeletedPages ; Business Day ; Mobile BI ; Get Engaged 4MAY2016.pptx ; 16.4.2 - Release meta data.pptx ; Mobile apps dashboard refresh functionality ; Telemetry Requirements for Unified Notifications ; Microsoft confidential ; MobileDashboardsPersistancyChanges ; Power BI Mobile release (4.1 + 4.2)  ; Mobile Dashboards Architecture ; Mobile Reports Design</data>
      <data key="v_id">340284375</data>
    </node>
    <node id="n30">
      <data key="v_Title">Milana Raiter (Matchpoint IT Ltd)</data>
      <data key="v_hrank">2</data>
      <data key="v_numDirects">0</data>
      <data key="v_numCollegues">8</data>
      <data key="v_RecentlyModifiedCount">3</data>
      <data key="v_ModifiedTitles"> ; Stores Submission ; General Information ; Test</data>
      <data key="v_TrendingTitles"> ; Planning ; Mobile reports review April 2016.pptx ; 16.5.1 - Release meta data.pptx ; James Product review April 2016.pptx ; Sela registration June 2016 ; Engineering ; Business Day ; Get Engaged 4MAY2016.pptx ; Microsoft confidential ; Telemetry Requirements for Unified Notifications ; OneNote_DeletedPages ; 16.4.2 - Release meta data.pptx ; PBI for Surface hub ; Mobile apps dashboard refresh functionality ; Vendor Ops ; 16.5.2 - Release meta data.pptx ; Power BI Mobile release (4.1 + 4.2)  ; Using Excel Reports in Power BI is Easier Than Ever with Local Files Support ; Telemetries Definition for FFXL ; Measuring PBIO Workloads Business Success</data>
      <data key="v_id">17592242903527</data>
    </node>
    <node id="n31">
      <data key="v_Title">Daniel Blinick</data>
      <data key="v_hrank">2</data>
      <data key="v_numDirects">0</data>
      <data key="v_numCollegues">8</data>
      <data key="v_RecentlyModifiedCount">2</data>
      <data key="v_ModifiedTitles"> ; General Information ; Engineering</data>
      <data key="v_TrendingTitles"> ; Planning ; James Product review April 2016.pptx ; Sela registration June 2016 ; Mobile reports review April 2016.pptx ; 16.5.1 - Release meta data.pptx ; Engineering ; OneNote_DeletedPages ; Business Day ; Get Engaged 4MAY2016.pptx ; OneNote_DeletedPages ; Telemetry Requirements for Unified Notifications ; PBI for Surface hub ; Mobile apps dashboard refresh functionality ; 16.4.2 - Release meta data.pptx ; 16.5.2 - Release meta data.pptx ; Microsoft confidential ; Mobile BI ; Power BI Mobile release (4.1 + 4.2)  ; MobileDashboardsPersistancyChanges ; Mobile Reports Design</data>
      <data key="v_id">17592400497457</data>
    </node>
    <node id="n32">
      <data key="v_Title">OUTSIDE</data>
      <data key="v_hrank">0</data>
      <data key="v_numDirects">0</data>
      <data key="v_numCollegues">0</data>
      <data key="v_RecentlyModifiedCount">0</data>
      <data key="v_ModifiedTitles">unknown</data>
      <data key="v_TrendingTitles">unknown</data>
      <data key="v_id">-100</data>
    </node>
    <edge source="n0" target="n1">
      <data key="e_weight">91</data>
    </edge>
    <edge source="n0" target="n2">
      <data key="e_weight">190</data>
    </edge>
    <edge source="n0" target="n3">
      <data key="e_weight">196</data>
    </edge>
    <edge source="n0" target="n4">
      <data key="e_weight">187</data>
    </edge>
    <edge source="n0" target="n5">
      <data key="e_weight">190</data>
    </edge>
    <edge source="n0" target="n6">
      <data key="e_weight">92</data>
    </edge>
    <edge source="n0" target="n7">
      <data key="e_weight">92</data>
    </edge>
    <edge source="n0" target="n8">
      <data key="e_weight">92</data>
    </edge>
    <edge source="n0" target="n9">
      <data key="e_weight">181</data>
    </edge>
    <edge source="n0" target="n10">
      <data key="e_weight">96</data>
    </edge>
    <edge source="n0" target="n11">
      <data key="e_weight">84</data>
    </edge>
    <edge source="n0" target="n12">
      <data key="e_weight">81</data>
    </edge>
    <edge source="n0" target="n14">
      <data key="e_weight">92</data>
    </edge>
    <edge source="n0" target="n16">
      <data key="e_weight">94</data>
    </edge>
    <edge source="n0" target="n17">
      <data key="e_weight">86</data>
    </edge>
    <edge source="n0" target="n19">
      <data key="e_weight">91</data>
    </edge>
    <edge source="n0" target="n21">
      <data key="e_weight">89</data>
    </edge>
    <edge source="n0" target="n24">
      <data key="e_weight">79</data>
    </edge>
    <edge source="n0" target="n29">
      <data key="e_weight">87</data>
    </edge>
    <edge source="n0" target="n32">
      <data key="e_weight">1242</data>
    </edge>
    <edge source="n1" target="n2">
      <data key="e_weight">198</data>
    </edge>
    <edge source="n1" target="n3">
      <data key="e_weight">99</data>
    </edge>
    <edge source="n1" target="n4">
      <data key="e_weight">100</data>
    </edge>
    <edge source="n1" target="n6">
      <data key="e_weight">189</data>
    </edge>
    <edge source="n1" target="n7">
      <data key="e_weight">196</data>
    </edge>
    <edge source="n1" target="n8">
      <data key="e_weight">191</data>
    </edge>
    <edge source="n1" target="n9">
      <data key="e_weight">191</data>
    </edge>
    <edge source="n1" target="n10">
      <data key="e_weight">97</data>
    </edge>
    <edge source="n1" target="n21">
      <data key="e_weight">96</data>
    </edge>
    <edge source="n1" target="n32">
      <data key="e_weight">189</data>
    </edge>
    <edge source="n2" target="n3">
      <data key="e_weight">99</data>
    </edge>
    <edge source="n2" target="n4">
      <data key="e_weight">98</data>
    </edge>
    <edge source="n2" target="n5">
      <data key="e_weight">92</data>
    </edge>
    <edge source="n2" target="n6">
      <data key="e_weight">191</data>
    </edge>
    <edge source="n2" target="n7">
      <data key="e_weight">194</data>
    </edge>
    <edge source="n2" target="n8">
      <data key="e_weight">195</data>
    </edge>
    <edge source="n2" target="n9">
      <data key="e_weight">195</data>
    </edge>
    <edge source="n2" target="n10">
      <data key="e_weight">184</data>
    </edge>
    <edge source="n2" target="n21">
      <data key="e_weight">97</data>
    </edge>
    <edge source="n3" target="n4">
      <data key="e_weight">198</data>
    </edge>
    <edge source="n3" target="n5">
      <data key="e_weight">190</data>
    </edge>
    <edge source="n3" target="n6">
      <data key="e_weight">94</data>
    </edge>
    <edge source="n3" target="n7">
      <data key="e_weight">192</data>
    </edge>
    <edge source="n3" target="n8">
      <data key="e_weight">97</data>
    </edge>
    <edge source="n3" target="n9">
      <data key="e_weight">198</data>
    </edge>
    <edge source="n3" target="n12">
      <data key="e_weight">191</data>
    </edge>
    <edge source="n3" target="n13">
      <data key="e_weight">196</data>
    </edge>
    <edge source="n3" target="n14">
      <data key="e_weight">190</data>
    </edge>
    <edge source="n3" target="n15">
      <data key="e_weight">100</data>
    </edge>
    <edge source="n3" target="n21">
      <data key="e_weight">191</data>
    </edge>
    <edge source="n3" target="n22">
      <data key="e_weight">99</data>
    </edge>
    <edge source="n3" target="n26">
      <data key="e_weight">81</data>
    </edge>
    <edge source="n3" target="n30">
      <data key="e_weight">86</data>
    </edge>
    <edge source="n3" target="n32">
      <data key="e_weight">377</data>
    </edge>
    <edge source="n4" target="n5">
      <data key="e_weight">199</data>
    </edge>
    <edge source="n4" target="n6">
      <data key="e_weight">189</data>
    </edge>
    <edge source="n4" target="n7">
      <data key="e_weight">93</data>
    </edge>
    <edge source="n4" target="n8">
      <data key="e_weight">100</data>
    </edge>
    <edge source="n4" target="n9">
      <data key="e_weight">182</data>
    </edge>
    <edge source="n4" target="n10">
      <data key="e_weight">95</data>
    </edge>
    <edge source="n4" target="n11">
      <data key="e_weight">87</data>
    </edge>
    <edge source="n4" target="n12">
      <data key="e_weight">83</data>
    </edge>
    <edge source="n4" target="n13">
      <data key="e_weight">97</data>
    </edge>
    <edge source="n4" target="n15">
      <data key="e_weight">94</data>
    </edge>
    <edge source="n4" target="n16">
      <data key="e_weight">100</data>
    </edge>
    <edge source="n4" target="n17">
      <data key="e_weight">192</data>
    </edge>
    <edge source="n4" target="n18">
      <data key="e_weight">100</data>
    </edge>
    <edge source="n4" target="n19">
      <data key="e_weight">99</data>
    </edge>
    <edge source="n4" target="n20">
      <data key="e_weight">92</data>
    </edge>
    <edge source="n4" target="n21">
      <data key="e_weight">184</data>
    </edge>
    <edge source="n4" target="n22">
      <data key="e_weight">96</data>
    </edge>
    <edge source="n4" target="n23">
      <data key="e_weight">96</data>
    </edge>
    <edge source="n4" target="n24">
      <data key="e_weight">88</data>
    </edge>
    <edge source="n4" target="n25">
      <data key="e_weight">87</data>
    </edge>
    <edge source="n4" target="n27">
      <data key="e_weight">85</data>
    </edge>
    <edge source="n4" target="n28">
      <data key="e_weight">98</data>
    </edge>
    <edge source="n4" target="n30">
      <data key="e_weight">93</data>
    </edge>
    <edge source="n4" target="n31">
      <data key="e_weight">89</data>
    </edge>
    <edge source="n4" target="n32">
      <data key="e_weight">762</data>
    </edge>
    <edge source="n5" target="n6">
      <data key="e_weight">192</data>
    </edge>
    <edge source="n5" target="n7">
      <data key="e_weight">94</data>
    </edge>
    <edge source="n5" target="n8">
      <data key="e_weight">95</data>
    </edge>
    <edge source="n5" target="n9">
      <data key="e_weight">99</data>
    </edge>
    <edge source="n5" target="n10">
      <data key="e_weight">92</data>
    </edge>
    <edge source="n5" target="n11">
      <data key="e_weight">89</data>
    </edge>
    <edge source="n5" target="n12">
      <data key="e_weight">92</data>
    </edge>
    <edge source="n5" target="n13">
      <data key="e_weight">89</data>
    </edge>
    <edge source="n5" target="n14">
      <data key="e_weight">94</data>
    </edge>
    <edge source="n5" target="n17">
      <data key="e_weight">93</data>
    </edge>
    <edge source="n5" target="n20">
      <data key="e_weight">83</data>
    </edge>
    <edge source="n5" target="n24">
      <data key="e_weight">91</data>
    </edge>
    <edge source="n5" target="n32">
      <data key="e_weight">839</data>
    </edge>
    <edge source="n6" target="n7">
      <data key="e_weight">195</data>
    </edge>
    <edge source="n6" target="n8">
      <data key="e_weight">191</data>
    </edge>
    <edge source="n6" target="n9">
      <data key="e_weight">93</data>
    </edge>
    <edge source="n6" target="n10">
      <data key="e_weight">94</data>
    </edge>
    <edge source="n6" target="n17">
      <data key="e_weight">93</data>
    </edge>
    <edge source="n6" target="n18">
      <data key="e_weight">88</data>
    </edge>
    <edge source="n6" target="n19">
      <data key="e_weight">93</data>
    </edge>
    <edge source="n6" target="n30">
      <data key="e_weight">90</data>
    </edge>
    <edge source="n6" target="n32">
      <data key="e_weight">375</data>
    </edge>
    <edge source="n7" target="n8">
      <data key="e_weight">185</data>
    </edge>
    <edge source="n7" target="n9">
      <data key="e_weight">91</data>
    </edge>
    <edge source="n7" target="n10">
      <data key="e_weight">98</data>
    </edge>
    <edge source="n7" target="n21">
      <data key="e_weight">90</data>
    </edge>
    <edge source="n7" target="n32">
      <data key="e_weight">283</data>
    </edge>
    <edge source="n8" target="n9">
      <data key="e_weight">184</data>
    </edge>
    <edge source="n8" target="n10">
      <data key="e_weight">190</data>
    </edge>
    <edge source="n8" target="n24">
      <data key="e_weight">81</data>
    </edge>
    <edge source="n8" target="n25">
      <data key="e_weight">81</data>
    </edge>
    <edge source="n8" target="n26">
      <data key="e_weight">90</data>
    </edge>
    <edge source="n8" target="n27">
      <data key="e_weight">179</data>
    </edge>
    <edge source="n8" target="n29">
      <data key="e_weight">89</data>
    </edge>
    <edge source="n8" target="n30">
      <data key="e_weight">83</data>
    </edge>
    <edge source="n9" target="n10">
      <data key="e_weight">99</data>
    </edge>
    <edge source="n9" target="n13">
      <data key="e_weight">91</data>
    </edge>
    <edge source="n9" target="n15">
      <data key="e_weight">83</data>
    </edge>
    <edge source="n9" target="n16">
      <data key="e_weight">84</data>
    </edge>
    <edge source="n9" target="n18">
      <data key="e_weight">96</data>
    </edge>
    <edge source="n9" target="n19">
      <data key="e_weight">88</data>
    </edge>
    <edge source="n9" target="n20">
      <data key="e_weight">84</data>
    </edge>
    <edge source="n9" target="n21">
      <data key="e_weight">88</data>
    </edge>
    <edge source="n9" target="n22">
      <data key="e_weight">88</data>
    </edge>
    <edge source="n9" target="n23">
      <data key="e_weight">94</data>
    </edge>
    <edge source="n9" target="n24">
      <data key="e_weight">93</data>
    </edge>
    <edge source="n9" target="n25">
      <data key="e_weight">195</data>
    </edge>
    <edge source="n9" target="n26">
      <data key="e_weight">197</data>
    </edge>
    <edge source="n9" target="n27">
      <data key="e_weight">195</data>
    </edge>
    <edge source="n9" target="n28">
      <data key="e_weight">92</data>
    </edge>
    <edge source="n9" target="n29">
      <data key="e_weight">99</data>
    </edge>
    <edge source="n9" target="n30">
      <data key="e_weight">100</data>
    </edge>
    <edge source="n9" target="n31">
      <data key="e_weight">100</data>
    </edge>
    <edge source="n9" target="n32">
      <data key="e_weight">467</data>
    </edge>
    <edge source="n10" target="n32">
      <data key="e_weight">91</data>
    </edge>
    <edge source="n11" target="n12">
      <data key="e_weight">95</data>
    </edge>
    <edge source="n11" target="n13">
      <data key="e_weight">198</data>
    </edge>
    <edge source="n11" target="n14">
      <data key="e_weight">98</data>
    </edge>
    <edge source="n11" target="n26">
      <data key="e_weight">88</data>
    </edge>
    <edge source="n11" target="n32">
      <data key="e_weight">554</data>
    </edge>
    <edge source="n12" target="n13">
      <data key="e_weight">90</data>
    </edge>
    <edge source="n12" target="n17">
      <data key="e_weight">99</data>
    </edge>
    <edge source="n12" target="n30">
      <data key="e_weight">79</data>
    </edge>
    <edge source="n12" target="n31">
      <data key="e_weight">178</data>
    </edge>
    <edge source="n12" target="n32">
      <data key="e_weight">390</data>
    </edge>
    <edge source="n13" target="n14">
      <data key="e_weight">85</data>
    </edge>
    <edge source="n13" target="n15">
      <data key="e_weight">191</data>
    </edge>
    <edge source="n13" target="n22">
      <data key="e_weight">80</data>
    </edge>
    <edge source="n13" target="n27">
      <data key="e_weight">94</data>
    </edge>
    <edge source="n13" target="n28">
      <data key="e_weight">86</data>
    </edge>
    <edge source="n13" target="n30">
      <data key="e_weight">84</data>
    </edge>
    <edge source="n13" target="n32">
      <data key="e_weight">188</data>
    </edge>
    <edge source="n14" target="n15">
      <data key="e_weight">177</data>
    </edge>
    <edge source="n14" target="n22">
      <data key="e_weight">81</data>
    </edge>
    <edge source="n14" target="n27">
      <data key="e_weight">90</data>
    </edge>
    <edge source="n14" target="n29">
      <data key="e_weight">84</data>
    </edge>
    <edge source="n14" target="n32">
      <data key="e_weight">372</data>
    </edge>
    <edge source="n15" target="n20">
      <data key="e_weight">89</data>
    </edge>
    <edge source="n15" target="n22">
      <data key="e_weight">95</data>
    </edge>
    <edge source="n15" target="n23">
      <data key="e_weight">84</data>
    </edge>
    <edge source="n15" target="n31">
      <data key="e_weight">84</data>
    </edge>
    <edge source="n15" target="n32">
      <data key="e_weight">466</data>
    </edge>
    <edge source="n16" target="n17">
      <data key="e_weight">185</data>
    </edge>
    <edge source="n16" target="n20">
      <data key="e_weight">193</data>
    </edge>
    <edge source="n16" target="n22">
      <data key="e_weight">98</data>
    </edge>
    <edge source="n16" target="n28">
      <data key="e_weight">93</data>
    </edge>
    <edge source="n16" target="n32">
      <data key="e_weight">569</data>
    </edge>
    <edge source="n17" target="n19">
      <data key="e_weight">189</data>
    </edge>
    <edge source="n17" target="n20">
      <data key="e_weight">195</data>
    </edge>
    <edge source="n17" target="n21">
      <data key="e_weight">96</data>
    </edge>
    <edge source="n17" target="n22">
      <data key="e_weight">97</data>
    </edge>
    <edge source="n17" target="n23">
      <data key="e_weight">85</data>
    </edge>
    <edge source="n17" target="n29">
      <data key="e_weight">85</data>
    </edge>
    <edge source="n17" target="n30">
      <data key="e_weight">87</data>
    </edge>
    <edge source="n17" target="n31">
      <data key="e_weight">94</data>
    </edge>
    <edge source="n17" target="n32">
      <data key="e_weight">463</data>
    </edge>
    <edge source="n18" target="n20">
      <data key="e_weight">198</data>
    </edge>
    <edge source="n18" target="n21">
      <data key="e_weight">93</data>
    </edge>
    <edge source="n18" target="n22">
      <data key="e_weight">197</data>
    </edge>
    <edge source="n18" target="n28">
      <data key="e_weight">89</data>
    </edge>
    <edge source="n18" target="n32">
      <data key="e_weight">481</data>
    </edge>
    <edge source="n19" target="n20">
      <data key="e_weight">192</data>
    </edge>
    <edge source="n19" target="n21">
      <data key="e_weight">97</data>
    </edge>
    <edge source="n19" target="n32">
      <data key="e_weight">559</data>
    </edge>
    <edge source="n20" target="n21">
      <data key="e_weight">86</data>
    </edge>
    <edge source="n20" target="n22">
      <data key="e_weight">182</data>
    </edge>
    <edge source="n20" target="n23">
      <data key="e_weight">98</data>
    </edge>
    <edge source="n20" target="n25">
      <data key="e_weight">84</data>
    </edge>
    <edge source="n20" target="n26">
      <data key="e_weight">83</data>
    </edge>
    <edge source="n20" target="n28">
      <data key="e_weight">94</data>
    </edge>
    <edge source="n20" target="n31">
      <data key="e_weight">92</data>
    </edge>
    <edge source="n20" target="n32">
      <data key="e_weight">188</data>
    </edge>
    <edge source="n21" target="n22">
      <data key="e_weight">89</data>
    </edge>
    <edge source="n21" target="n23">
      <data key="e_weight">76</data>
    </edge>
    <edge source="n21" target="n26">
      <data key="e_weight">80</data>
    </edge>
    <edge source="n21" target="n32">
      <data key="e_weight">574</data>
    </edge>
    <edge source="n22" target="n23">
      <data key="e_weight">93</data>
    </edge>
    <edge source="n22" target="n28">
      <data key="e_weight">87</data>
    </edge>
    <edge source="n22" target="n32">
      <data key="e_weight">271</data>
    </edge>
    <edge source="n23" target="n25">
      <data key="e_weight">80</data>
    </edge>
    <edge source="n23" target="n26">
      <data key="e_weight">81</data>
    </edge>
    <edge source="n23" target="n32">
      <data key="e_weight">398</data>
    </edge>
    <edge source="n24" target="n25">
      <data key="e_weight">99</data>
    </edge>
    <edge source="n24" target="n26">
      <data key="e_weight">86</data>
    </edge>
    <edge source="n24" target="n27">
      <data key="e_weight">98</data>
    </edge>
    <edge source="n24" target="n28">
      <data key="e_weight">189</data>
    </edge>
    <edge source="n24" target="n31">
      <data key="e_weight">98</data>
    </edge>
    <edge source="n24" target="n32">
      <data key="e_weight">295</data>
    </edge>
    <edge source="n25" target="n27">
      <data key="e_weight">198</data>
    </edge>
    <edge source="n25" target="n29">
      <data key="e_weight">184</data>
    </edge>
    <edge source="n25" target="n30">
      <data key="e_weight">180</data>
    </edge>
    <edge source="n25" target="n32">
      <data key="e_weight">284</data>
    </edge>
    <edge source="n26" target="n27">
      <data key="e_weight">196</data>
    </edge>
    <edge source="n26" target="n28">
      <data key="e_weight">79</data>
    </edge>
    <edge source="n26" target="n30">
      <data key="e_weight">95</data>
    </edge>
    <edge source="n26" target="n31">
      <data key="e_weight">83</data>
    </edge>
    <edge source="n26" target="n32">
      <data key="e_weight">468</data>
    </edge>
    <edge source="n27" target="n29">
      <data key="e_weight">189</data>
    </edge>
    <edge source="n27" target="n30">
      <data key="e_weight">188</data>
    </edge>
    <edge source="n27" target="n32">
      <data key="e_weight">585</data>
    </edge>
    <edge source="n28" target="n31">
      <data key="e_weight">82</data>
    </edge>
    <edge source="n28" target="n32">
      <data key="e_weight">370</data>
    </edge>
    <edge source="n29" target="n30">
      <data key="e_weight">97</data>
    </edge>
    <edge source="n29" target="n31">
      <data key="e_weight">169</data>
    </edge>
    <edge source="n29" target="n32">
      <data key="e_weight">449</data>
    </edge>
    <edge source="n30" target="n31">
      <data key="e_weight">97</data>
    </edge>
    <edge source="n30" target="n32">
      <data key="e_weight">290</data>
    </edge>
    <edge source="n31" target="n32">
      <data key="e_weight">198</data>
    </edge>
  </graph>
</graphml>
