,x,anonym
1,OREN WINTER ,PUM
2,Yoav Yassour,EM1
3,Hila Yehuda,EM2
4,Gennady Pats,EM3
5,Ron Gilad,EM4
6,Adi Regev,EM5
7,Shahar Prish,ARCHI
8,Yitzhak Kesselman,EM7
9,Guy Shalev,GPM
10,Artem Atriaskin,DEV1
11,Dor Goldbaum,DEV2
12,Merav Bercovitz,DEV3
13,Erez Goldshide,DEV4
14,Uriel Moshe Hai,DEV5
15,Khalid Awwad,DEV6
16,Gal Vanunu,DEV7
17,Ligal Tuval,DEV8
18,Alexandr Gavrishev,DEV9
19,Haim Sabo,DEV10
20,Inbar Ron,DEV11
21,Guy Arad,DEV12
22,Yaniv Kravitz,DEV13
23,Ohad Schneider,DEV14
24,Yehonatan Ginzberg,DEV15
25,Adam Yaari,DEV16
26,Asaf Isser,DEV17
27,Sruly Taber,DEV18
28,Ali Mostafa,DEV19
29,Yonatan Appel,DEV20
30,Gitit Grohar,DEV21
31,Idan Sheinberg,DEV22
32,Guy Fliess,DEV23
33,Bat-chen Haviv,DEV24
34,Daniel Blinick,DEV25
35,Ronit Ravitz Fried,DEV26
36,Ayesh Qumhieh (ASAL Technologies Ltd),DEV27
37,Amit Ishai,DEV28
38,David Bahat,DEV29
39,Galia Weber,DEV30
40,Igor Celik,DEV31
41,Milana Raiter (Matchpoint IT Ltd),DEV32
42,Assaf Shemesh,DEV33
43,Roy Gal,PM1
44,Ella Ben-Tov,PM2
45,Sharon Laivand,PM3
46,Yaron Canari,PM4
47,Romi Koifman,PM5
48,Gabi Lehner,PM6
49,Meital Taran- Gutman,PM7
50,OUTSIDE,OUTSIDE
