"","x"
"1","Oren Winter"
"2","Roy Gal"
"3","Ella Ben-Tov"
"4","Hila Yehuda"
"5","Ron Gilad"
"6","Shahar Prish"
"7","Yaron Canari"
"8","Romi Koifman"
"9","Gabi Lehner"
"10","Yitzhak Kesselman"
"11","Guy Shalev"
"12","Artem Atriaskin"
"13","Gil Cooperman"
"14","Erez Goldshide"
"15","Alexandr Gavrishev"
"16","Asaf Isser"
"17","Haim Sabo"
"18","Sruly Taber"
"19","Inbar Ron"
"20","Yonatan Appel"
"21","Guy Arad"
"22","Yaniv Kravitz"
"23","Yehonatan Ginzberg"
"24","Adam Yaari"
"25","Shay Peled"
"26","Ronit Ravitz Fried"
"27","Ayesh Qumhieh (ASAL Technologies Ltd)"
"28","David Bahat"
"29","Merav Bercovitz"
"30","Igor Celik"
"31","Milana Raiter (Matchpoint IT Ltd)"
"32","Daniel Blinick"
"33","OUTSIDE"
