﻿<?xml version="1.0" encoding="utf-8"?><graphml xmlns:xsi="http://www.w3.org/2001/XMLSchema-instance" xsi:schemaLocation="http://graphml.graphdrawing.org/xmlns http://graphml.graphdrawing.org/xmlns/1.0/graphml.xsd" xmlns="http://graphml.graphdrawing.org/xmlns"><key id="Title" for="node" attr.name="Title" attr.type="string"><default>unknown</default></key><key id="hrank" for="node" attr.name="hrank" attr.type="double"><default>0</default></key><key id="numDirects" for="node" attr.name="numDirects" attr.type="double"><default>0</default></key><key id="numCollegues" for="node" attr.name="numCollegues" attr.type="double"><default>0</default></key><key id="RecentlyModifiedCount" for="node" attr.name="RecentlyModifiedCount" attr.type="double"><default>0</default></key><key id="weight" for="edge" attr.name="weight" attr.type="double"><default>1</default></key><graph id="social_graph" edgedefault="undirected"><node id="148875125"><data key="Title">SHARATH UDUPA </data><data key="hrank">0</data><data key="numDirects">8</data><data key="RecentlyModifiedCount">7</data></node><node id="31502939"><data key="Title">Sonia Dhir (MINDTREE LIMITED)</data><data key="hrank">1</data><data key="numCollegues">8</data><data key="numDirects">0</data><data key="RecentlyModifiedCount">1</data></node><node id="148886704"><data key="Title">Anand Mariappan</data><data key="hrank">1</data><data key="numCollegues">8</data><data key="numDirects">11</data><data key="RecentlyModifiedCount">10</data></node><node id="149336575"><data key="Title">James Wu</data><data key="hrank">1</data><data key="numCollegues">8</data><data key="numDirects">0</data><data key="RecentlyModifiedCount">6</data></node><node id="149368334"><data key="Title">Saliha Azzam</data><data key="hrank">1</data><data key="numCollegues">8</data><data key="numDirects">9</data><data key="RecentlyModifiedCount">4</data></node><node id="149394061"><data key="Title">Tyler Peelen</data><data key="hrank">1</data><data key="numCollegues">8</data><data key="numDirects">7</data><data key="RecentlyModifiedCount">1</data></node><node id="149418005"><data key="Title">Hao Xu</data><data key="hrank">1</data><data key="numCollegues">8</data><data key="numDirects">0</data><data key="RecentlyModifiedCount">3</data></node><node id="149444663"><data key="Title">Abdulfatai Popoola</data><data key="hrank">1</data><data key="numCollegues">8</data><data key="numDirects">0</data><data key="RecentlyModifiedCount">3</data></node><node id="194144064"><data key="Title">Hima Vasam (Mindtree)</data><data key="hrank">1</data><data key="numCollegues">8</data><data key="numDirects">0</data><data key="RecentlyModifiedCount">4</data></node><node id="17847274"><data key="Title">Chuanqi Sun</data><data key="hrank">2</data><data key="numCollegues">11</data><data key="numDirects">0</data><data key="RecentlyModifiedCount">4</data></node><node id="103550087"><data key="Title">Akash Agrawal (Wicresoft)</data><data key="hrank">2</data><data key="numCollegues">11</data><data key="numDirects">0</data><data key="RecentlyModifiedCount">1</data></node><node id="107462001"><data key="Title">Kevin Shah</data><data key="hrank">2</data><data key="numCollegues">11</data><data key="numDirects">0</data><data key="RecentlyModifiedCount">5</data></node><node id="145277603"><data key="Title">Nan Zhao</data><data key="hrank">2</data><data key="numCollegues">11</data><data key="numDirects">0</data><data key="RecentlyModifiedCount">1</data></node><node id="148884817"><data key="Title">Dina Kawakami</data><data key="hrank">2</data><data key="numCollegues">11</data><data key="numDirects">0</data><data key="RecentlyModifiedCount">3</data></node><node id="148891163"><data key="Title">Orion Lee</data><data key="hrank">2</data><data key="numCollegues">11</data><data key="numDirects">0</data><data key="RecentlyModifiedCount">10</data></node><node id="149343296"><data key="Title">Soumya Shree Das</data><data key="hrank">2</data><data key="numCollegues">11</data><data key="numDirects">0</data><data key="RecentlyModifiedCount">6</data></node><node id="149388175"><data key="Title">Alexander Angriawan</data><data key="hrank">2</data><data key="numCollegues">11</data><data key="numDirects">0</data><data key="RecentlyModifiedCount">5</data></node><node id="149419209"><data key="Title">Akilesh Ganesan</data><data key="hrank">2</data><data key="numCollegues">11</data><data key="numDirects">0</data><data key="RecentlyModifiedCount">5</data></node><node id="149420818"><data key="Title">Luke Whitestone</data><data key="hrank">2</data><data key="numCollegues">11</data><data key="numDirects">0</data><data key="RecentlyModifiedCount">2</data></node><node id="149495056"><data key="Title">John Emau</data><data key="hrank">2</data><data key="numCollegues">11</data><data key="numDirects">0</data><data key="RecentlyModifiedCount">4</data></node><node id="86661831"><data key="Title">Tuan Pham</data><data key="hrank">2</data><data key="numCollegues">9</data><data key="numDirects">0</data><data key="RecentlyModifiedCount">0</data></node><node id="138540056"><data key="Title">Celine Bressler (The Lingua Team LLC)</data><data key="hrank">2</data><data key="numCollegues">9</data><data key="numDirects">0</data><data key="RecentlyModifiedCount">0</data></node><node id="148890950"><data key="Title">Ankur Sharma (PBI)</data><data key="hrank">2</data><data key="numCollegues">9</data><data key="numDirects">0</data><data key="RecentlyModifiedCount">4</data></node><node id="149308627"><data key="Title">Sean He</data><data key="hrank">2</data><data key="numCollegues">9</data><data key="numDirects">0</data><data key="RecentlyModifiedCount">1</data></node><node id="149421008"><data key="Title">Vikram Rajasekaran</data><data key="hrank">2</data><data key="numCollegues">9</data><data key="numDirects">0</data><data key="RecentlyModifiedCount">4</data></node><node id="149428327"><data key="Title">Eeshan Shah</data><data key="hrank">2</data><data key="numCollegues">9</data><data key="numDirects">0</data><data key="RecentlyModifiedCount">6</data></node><node id="149467121"><data key="Title">Youssef El Fassy Fihry</data><data key="hrank">2</data><data key="numCollegues">9</data><data key="numDirects">0</data><data key="RecentlyModifiedCount">5</data></node><node id="17592261266866"><data key="Title">Manal Alassaf</data><data key="hrank">2</data><data key="numCollegues">9</data><data key="numDirects">0</data><data key="RecentlyModifiedCount">5</data></node><node id="149462816"><data key="Title">Yuva Priya Manoharan</data><data key="hrank">2</data><data key="numCollegues">9</data><data key="numDirects">0</data><data key="RecentlyModifiedCount">0</data></node><node id="28444040"><data key="Title">Olivia Waring</data><data key="hrank">2</data><data key="numCollegues">7</data><data key="numDirects">0</data><data key="RecentlyModifiedCount">1</data></node><node id="92251778"><data key="Title">Manav Fogla</data><data key="hrank">2</data><data key="numCollegues">7</data><data key="numDirects">0</data><data key="RecentlyModifiedCount">2</data></node><node id="148892480"><data key="Title">Chris Chua</data><data key="hrank">2</data><data key="numCollegues">7</data><data key="numDirects">0</data><data key="RecentlyModifiedCount">9</data></node><node id="149308341"><data key="Title">Tu Phan</data><data key="hrank">2</data><data key="numCollegues">7</data><data key="numDirects">0</data><data key="RecentlyModifiedCount">0</data></node><node id="149329198"><data key="Title">Michel Abd Elmalik</data><data key="hrank">2</data><data key="numCollegues">7</data><data key="numDirects">0</data><data key="RecentlyModifiedCount">0</data></node><node id="149347034"><data key="Title">Rob Knuth</data><data key="hrank">2</data><data key="numCollegues">7</data><data key="numDirects">0</data><data key="RecentlyModifiedCount">3</data></node><node id="149374221"><data key="Title">Patrick O'Brien (ICE)</data><data key="hrank">2</data><data key="numCollegues">7</data><data key="numDirects">0</data><data key="RecentlyModifiedCount">2</data></node><node id="149393701"><data key="Title">SHAY GURMAN </data><data key="hrank">0</data><data key="numDirects">5</data><data key="RecentlyModifiedCount">4</data></node><node id="148884247"><data key="Title">Fred Garcia</data><data key="hrank">1</data><data key="numDirects">3</data><data key="RecentlyModifiedCount">5</data></node><node id="149314692"><data key="Title">Irina Gorbach</data><data key="hrank">1</data><data key="numDirects">5</data><data key="RecentlyModifiedCount">2</data></node><node id="149382088"><data key="Title">Jon Gallant</data><data key="hrank">1</data><data key="numDirects">17</data><data key="RecentlyModifiedCount">3</data></node><node id="149405311"><data key="Title">Tony Bencic</data><data key="hrank">1</data><data key="numDirects">0</data><data key="RecentlyModifiedCount">11</data></node><node id="17592360484015"><data key="Title">Kalavathi Pappuru (MINDTREE LIMITED)</data><data key="hrank">1</data><data key="numDirects">0</data><data key="RecentlyModifiedCount">3</data></node><node id="149330980"><data key="Title">Bashir Souid</data><data key="hrank">2</data><data key="numDirects">0</data><data key="RecentlyModifiedCount">1</data></node><node id="219614112"><data key="Title">Lenny Urbanowski</data><data key="hrank">2</data><data key="numDirects">0</data><data key="RecentlyModifiedCount">1</data></node><node id="321232892"><data key="Title">Jiadong Jin</data><data key="hrank">2</data><data key="numDirects">0</data><data key="RecentlyModifiedCount">4</data></node><node id="84307044"><data key="Title">Pawel Kwiecien</data><data key="hrank">2</data><data key="numDirects">0</data><data key="RecentlyModifiedCount">3</data></node><node id="149300579"><data key="Title">Chandrakumar Bhumireddy</data><data key="hrank">2</data><data key="numDirects">0</data><data key="RecentlyModifiedCount">8</data></node><node id="149384862"><data key="Title">Courtney O'Keefe</data><data key="hrank">2</data><data key="numDirects">0</data><data key="RecentlyModifiedCount">4</data></node><node id="149406086"><data key="Title">Dejun Zhou</data><data key="hrank">2</data><data key="numDirects">0</data><data key="RecentlyModifiedCount">0</data></node><node id="149407101"><data key="Title">Joey Wang</data><data key="hrank">2</data><data key="numDirects">0</data><data key="RecentlyModifiedCount">11</data></node><node id="29313967"><data key="Title">Wesley Yao</data><data key="hrank">2</data><data key="numDirects">0</data><data key="RecentlyModifiedCount">1</data></node><node id="107287106"><data key="Title">Ignat Vilesov (Akvelon)</data><data key="hrank">2</data><data key="numDirects">0</data><data key="RecentlyModifiedCount">1</data></node><node id="107287107"><data key="Title">Aleksei Tkach (Akvelon)</data><data key="hrank">2</data><data key="numDirects">0</data><data key="RecentlyModifiedCount">0</data></node><node id="107461984"><data key="Title">Nikita Grachev (Akvelon)</data><data key="hrank">2</data><data key="numDirects">0</data><data key="RecentlyModifiedCount">0</data></node><node id="148880505"><data key="Title">Russell West</data><data key="hrank">2</data><data key="numDirects">0</data><data key="RecentlyModifiedCount">3</data></node><node id="149332803"><data key="Title">Craig Boucher</data><data key="hrank">2</data><data key="numDirects">0</data><data key="RecentlyModifiedCount">0</data></node><node id="149379237"><data key="Title">Tony Ferrell</data><data key="hrank">2</data><data key="numDirects">0</data><data key="RecentlyModifiedCount">1</data></node><node id="149420430"><data key="Title">John Kurlak</data><data key="hrank">2</data><data key="numDirects">0</data><data key="RecentlyModifiedCount">3</data></node><node id="149432910"><data key="Title">Andy Luong</data><data key="hrank">2</data><data key="numDirects">0</data><data key="RecentlyModifiedCount">3</data></node><node id="149439718"><data key="Title">Will Anderson</data><data key="hrank">2</data><data key="numDirects">0</data><data key="RecentlyModifiedCount">1</data></node><node id="149442513"><data key="Title">Vishnuvardhan Vaidhyanathan</data><data key="hrank">2</data><data key="numDirects">0</data><data key="RecentlyModifiedCount">5</data></node><node id="293461384"><data key="Title">Dmitriy Tarasov (Akvelon)</data><data key="hrank">2</data><data key="numDirects">0</data><data key="RecentlyModifiedCount">1</data></node><node id="313143155"><data key="Title">Kamil Zakiev (Akvelon)</data><data key="hrank">2</data><data key="numDirects">0</data><data key="RecentlyModifiedCount">1</data></node><node id="354005826"><data key="Title">Michael Goldsberry (Akvelon)</data><data key="hrank">2</data><data key="numDirects">0</data><data key="RecentlyModifiedCount">0</data></node><node id="17592414746873"><data key="Title">Denis Kudelin (Akvelon)</data><data key="hrank">2</data><data key="numDirects">0</data><data key="RecentlyModifiedCount">0</data></node><node id="17592486242689"><data key="Title">Sidorenko Mikhail (Akvelon)</data><data key="hrank">2</data><data key="numDirects">0</data><data key="RecentlyModifiedCount">0</data></node><node id="17592501359581"><data key="Title">Dmitry Kurkin (Akvelon)</data><data key="hrank">2</data><data key="numDirects">0</data><data key="RecentlyModifiedCount">0</data></node><node id="-100"><data key="Title">OUTSIDE</data><data key="RecentlyModifiedCount">0</data></node>
<edge target="148886704" source="148875125"><data key="weight">200</data></edge>
<edge target="148892480" source="148875125"><data key="weight">199</data></edge>
<edge target="149347034" source="148875125"><data key="weight">197</data></edge>
<edge target="149368334" source="148875125"><data key="weight">197</data></edge>
<edge target="-100" source="148875125"><data key="weight">467</data></edge>
<edge target="148891163" source="148875125"><data key="weight">193</data></edge>
<edge target="194144064" source="31502939"><data key="weight">100</data></edge>
<edge target="-100" source="31502939"><data key="weight">194</data></edge>
<edge target="148886704" source="31502939"><data key="weight">98</data></edge>
<edge target="148875125" source="31502939"><data key="weight">97</data></edge>
<edge target="149394061" source="31502939"><data key="weight">96</data></edge>
<edge target="103550087" source="31502939"><data key="weight">191</data></edge>
<edge target="149336575" source="31502939"><data key="weight">93</data></edge>
<edge target="149418005" source="31502939"><data key="weight">92</data></edge>
<edge target="149444663" source="31502939"><data key="weight">91</data></edge>
<edge target="148891163" source="148886704"><data key="weight">199</data></edge>
<edge target="148892480" source="148886704"><data key="weight">197</data></edge>
<edge target="103550087" source="148886704"><data key="weight">197</data></edge>
<edge target="-100" source="148886704"><data key="weight">282</data></edge>
<edge target="148884247" source="148886704"><data key="weight">194</data></edge>
<edge target="107462001" source="148886704"><data key="weight">192</data></edge>
<edge target="149419209" source="148886704"><data key="weight">191</data></edge>
<edge target="148886704" source="149336575"><data key="weight">100</data></edge>
<edge target="148875125" source="149336575"><data key="weight">99</data></edge>
<edge target="-100" source="149336575"><data key="weight">376</data></edge>
<edge target="149308341" source="149336575"><data key="weight">97</data></edge>
<edge target="148891163" source="149336575"><data key="weight">187</data></edge>
<edge target="148892480" source="149336575"><data key="weight">94</data></edge>
<edge target="149394061" source="149336575"><data key="weight">93</data></edge>
<edge target="148890950" source="149368334"><data key="weight">195</data></edge>
<edge target="148886704" source="149368334"><data key="weight">98</data></edge>
<edge target="149308627" source="149368334"><data key="weight">197</data></edge>
<edge target="-100" source="149368334"><data key="weight">375</data></edge>
<edge target="149467121" source="149368334"><data key="weight">189</data></edge>
<edge target="149428327" source="149368334"><data key="weight">190</data></edge>
<edge target="148875125" source="149394061"><data key="weight">100</data></edge>
<edge target="148886704" source="149394061"><data key="weight">99</data></edge>
<edge target="149374221" source="149394061"><data key="weight">192</data></edge>
<edge target="148892480" source="149394061"><data key="weight">185</data></edge>
<edge target="149388175" source="149394061"><data key="weight">185</data></edge>
<edge target="-100" source="149394061"><data key="weight">185</data></edge>
<edge target="149368334" source="149394061"><data key="weight">90</data></edge>
<edge target="149308341" source="149394061"><data key="weight">89</data></edge>
<edge target="28444040" source="149394061"><data key="weight">187</data></edge>
<edge target="148886704" source="149418005"><data key="weight">100</data></edge>
<edge target="148875125" source="149418005"><data key="weight">99</data></edge>
<edge target="148892480" source="149418005"><data key="weight">98</data></edge>
<edge target="149347034" source="149418005"><data key="weight">190</data></edge>
<edge target="149336575" source="149418005"><data key="weight">96</data></edge>
<edge target="-100" source="149418005"><data key="weight">186</data></edge>
<edge target="148884817" source="149418005"><data key="weight">94</data></edge>
<edge target="149388175" source="149418005"><data key="weight">93</data></edge>
<edge target="149444663" source="149418005"><data key="weight">92</data></edge>
<edge target="148875125" source="149444663"><data key="weight">100</data></edge>
<edge target="148886704" source="149444663"><data key="weight">99</data></edge>
<edge target="148892480" source="149444663"><data key="weight">98</data></edge>
<edge target="149388175" source="149444663"><data key="weight">97</data></edge>
<edge target="149347034" source="149444663"><data key="weight">192</data></edge>
<edge target="-100" source="149444663"><data key="weight">187</data></edge>
<edge target="149394061" source="149444663"><data key="weight">92</data></edge>
<edge target="148891163" source="149444663"><data key="weight">90</data></edge>
<edge target="148884817" source="149444663"><data key="weight">182</data></edge>
<edge target="-100" source="194144064"><data key="weight">376</data></edge>
<edge target="148892480" source="194144064"><data key="weight">98</data></edge>
<edge target="148875125" source="194144064"><data key="weight">97</data></edge>
<edge target="148886704" source="194144064"><data key="weight">96</data></edge>
<edge target="149394061" source="194144064"><data key="weight">95</data></edge>
<edge target="149418005" source="194144064"><data key="weight">94</data></edge>
<edge target="149347034" source="194144064"><data key="weight">90</data></edge>
<edge target="148886704" source="17847274"><data key="weight">100</data></edge>
<edge target="-100" source="17847274"><data key="weight">574</data></edge>
<edge target="149419209" source="17847274"><data key="weight">95</data></edge>
<edge target="149393701" source="17847274"><data key="weight">87</data></edge>
<edge target="149314692" source="17847274"><data key="weight">84</data></edge>
<edge target="149419209" source="103550087"><data key="weight">197</data></edge>
<edge target="-100" source="103550087"><data key="weight">284</data></edge>
<edge target="194144064" source="103550087"><data key="weight">94</data></edge>
<edge target="148891163" source="103550087"><data key="weight">93</data></edge>
<edge target="107462001" source="103550087"><data key="weight">92</data></edge>
<edge target="149420818" source="103550087"><data key="weight">90</data></edge>
<edge target="148891163" source="107462001"><data key="weight">100</data></edge>
<edge target="-100" source="107462001"><data key="weight">191</data></edge>
<edge target="148875125" source="107462001"><data key="weight">97</data></edge>
<edge target="92251778" source="107462001"><data key="weight">188</data></edge>
<edge target="148892480" source="107462001"><data key="weight">95</data></edge>
<edge target="149347034" source="107462001"><data key="weight">94</data></edge>
<edge target="149343296" source="107462001"><data key="weight">187</data></edge>
<edge target="149419209" source="107462001"><data key="weight">179</data></edge>
<edge target="148886704" source="145277603"><data key="weight">100</data></edge>
<edge target="-100" source="145277603"><data key="weight">672</data></edge>
<edge target="149343296" source="145277603"><data key="weight">183</data></edge>
<edge target="149419209" source="145277603"><data key="weight">91</data></edge>
<edge target="149388175" source="148884817"><data key="weight">199</data></edge>
<edge target="148886704" source="148884817"><data key="weight">99</data></edge>
<edge target="149419209" source="148884817"><data key="weight">97</data></edge>
<edge target="148892480" source="148884817"><data key="weight">95</data></edge>
<edge target="148884247" source="148884817"><data key="weight">93</data></edge>
<edge target="148875125" source="148884817"><data key="weight">92</data></edge>
<edge target="-100" source="148884817"><data key="weight">91</data></edge>
<edge target="149432910" source="148884817"><data key="weight">89</data></edge>
<edge target="148891163" source="148884817"><data key="weight">88</data></edge>
<edge target="149314692" source="148891163"><data key="weight">196</data></edge>
<edge target="148892480" source="148891163"><data key="weight">194</data></edge>
<edge target="-100" source="148891163"><data key="weight">366</data></edge>
<edge target="148884247" source="148891163"><data key="weight">95</data></edge>
<edge target="148886704" source="149343296"><data key="weight">100</data></edge>
<edge target="149420818" source="149343296"><data key="weight">198</data></edge>
<edge target="-100" source="149343296"><data key="weight">379</data></edge>
<edge target="149419209" source="149343296"><data key="weight">185</data></edge>
<edge target="149388175" source="149343296"><data key="weight">92</data></edge>
<edge target="148886704" source="149388175"><data key="weight">100</data></edge>
<edge target="148891163" source="149388175"><data key="weight">98</data></edge>
<edge target="148875125" source="149388175"><data key="weight">97</data></edge>
<edge target="148892480" source="149388175"><data key="weight">96</data></edge>
<edge target="-100" source="149388175"><data key="weight">184</data></edge>
<edge target="149314692" source="149388175"><data key="weight">94</data></edge>
<edge target="149419209" source="149388175"><data key="weight">93</data></edge>
<edge target="148891163" source="149419209"><data key="weight">99</data></edge>
<edge target="-100" source="149419209"><data key="weight">285</data></edge>
<edge target="148884247" source="149419209"><data key="weight">95</data></edge>
<edge target="148890950" source="149419209"><data key="weight">186</data></edge>
<edge target="148886704" source="149420818"><data key="weight">100</data></edge>
<edge target="-100" source="149420818"><data key="weight">477</data></edge>
<edge target="149444663" source="149420818"><data key="weight">94</data></edge>
<edge target="148891163" source="149420818"><data key="weight">93</data></edge>
<edge target="107462001" source="149420818"><data key="weight">92</data></edge>
<edge target="-100" source="149495056"><data key="weight">290</data></edge>
<edge target="149343296" source="149495056"><data key="weight">98</data></edge>
<edge target="148886704" source="149495056"><data key="weight">96</data></edge>
<edge target="148891163" source="149495056"><data key="weight">95</data></edge>
<edge target="149388175" source="149495056"><data key="weight">94</data></edge>
<edge target="149419209" source="149495056"><data key="weight">90</data></edge>
<edge target="149420818" source="149495056"><data key="weight">89</data></edge>
<edge target="107462001" source="149495056"><data key="weight">88</data></edge>
<edge target="149368334" source="86661831"><data key="weight">100</data></edge>
<edge target="-100" source="86661831"><data key="weight">846</data></edge>
<edge target="149368334" source="138540056"><data key="weight">100</data></edge>
<edge target="149467121" source="138540056"><data key="weight">99</data></edge>
<edge target="17592261266866" source="138540056"><data key="weight">98</data></edge>
<edge target="149428327" source="138540056"><data key="weight">97</data></edge>
<edge target="149421008" source="138540056"><data key="weight">96</data></edge>
<edge target="149308627" source="138540056"><data key="weight">95</data></edge>
<edge target="148890950" source="138540056"><data key="weight">94</data></edge>
<edge target="-100" source="138540056"><data key="weight">276</data></edge>
<edge target="148886704" source="148890950"><data key="weight">100</data></edge>
<edge target="-100" source="148890950"><data key="weight">389</data></edge>
<edge target="149467121" source="148890950"><data key="weight">190</data></edge>
<edge target="149421008" source="148890950"><data key="weight">189</data></edge>
<edge target="149308627" source="148890950"><data key="weight">90</data></edge>
<edge target="149467121" source="149308627"><data key="weight">199</data></edge>
<edge target="-100" source="149308627"><data key="weight">662</data></edge>
<edge target="149428327" source="149308627"><data key="weight">94</data></edge>
<edge target="149428327" source="149421008"><data key="weight">196</data></edge>
<edge target="149368334" source="149421008"><data key="weight">99</data></edge>
<edge target="-100" source="149421008"><data key="weight">377</data></edge>
<edge target="149467121" source="149421008"><data key="weight">187</data></edge>
<edge target="17592261266866" source="149421008"><data key="weight">193</data></edge>
<edge target="149308627" source="149421008"><data key="weight">92</data></edge>
<edge target="148875125" source="149428327"><data key="weight">100</data></edge>
<edge target="-100" source="149428327"><data key="weight">99</data></edge>
<edge target="149467121" source="149428327"><data key="weight">191</data></edge>
<edge target="148886704" source="149428327"><data key="weight">95</data></edge>
<edge target="148891163" source="149428327"><data key="weight">94</data></edge>
<edge target="148892480" source="149428327"><data key="weight">93</data></edge>
<edge target="17592261266866" source="149428327"><data key="weight">190</data></edge>
<edge target="148890950" source="149428327"><data key="weight">91</data></edge>
<edge target="-100" source="149467121"><data key="weight">197</data></edge>
<edge target="148886704" source="149467121"><data key="weight">96</data></edge>
<edge target="148892480" source="149467121"><data key="weight">93</data></edge>
<edge target="17592261266866" source="149467121"><data key="weight">183</data></edge>
<edge target="149368334" source="17592261266866"><data key="weight">100</data></edge>
<edge target="149308627" source="17592261266866"><data key="weight">97</data></edge>
<edge target="-100" source="17592261266866"><data key="weight">283</data></edge>
<edge target="148890950" source="17592261266866"><data key="weight">95</data></edge>
<edge target="92251778" source="17592261266866"><data key="weight">91</data></edge>
<edge target="-100" source="28444040"><data key="weight">575</data></edge>
<edge target="149374221" source="28444040"><data key="weight">185</data></edge>
<edge target="92251778" source="28444040"><data key="weight">93</data></edge>
<edge target="149308341" source="28444040"><data key="weight">188</data></edge>
<edge target="-100" source="92251778"><data key="weight">191</data></edge>
<edge target="149374221" source="92251778"><data key="weight">194</data></edge>
<edge target="148892480" source="92251778"><data key="weight">97</data></edge>
<edge target="149368334" source="92251778"><data key="weight">96</data></edge>
<edge target="149308341" source="92251778"><data key="weight">192</data></edge>
<edge target="149394061" source="92251778"><data key="weight">94</data></edge>
<edge target="148886704" source="92251778"><data key="weight">93</data></edge>
<edge target="149421008" source="92251778"><data key="weight">90</data></edge>
<edge target="-100" source="148892480"><data key="weight">288</data></edge>
<edge target="149314692" source="148892480"><data key="weight">187</data></edge>
<edge target="149347034" source="148892480"><data key="weight">193</data></edge>
<edge target="148884247" source="148892480"><data key="weight">92</data></edge>
<edge target="-100" source="149308341"><data key="weight">278</data></edge>
<edge target="149374221" source="149308341"><data key="weight">196</data></edge>
<edge target="148892480" source="149308341"><data key="weight">95</data></edge>
<edge target="148875125" source="149308341"><data key="weight">94</data></edge>
<edge target="149467121" source="149308341"><data key="weight">92</data></edge>
<edge target="148891163" source="149308341"><data key="weight">88</data></edge>
<edge target="149308341" source="149329198"><data key="weight">100</data></edge>
<edge target="-100" source="149329198"><data key="weight">473</data></edge>
<edge target="149374221" source="149329198"><data key="weight">98</data></edge>
<edge target="149394061" source="149329198"><data key="weight">96</data></edge>
<edge target="149368334" source="149329198"><data key="weight">95</data></edge>
<edge target="28444040" source="149329198"><data key="weight">90</data></edge>
<edge target="-100" source="149347034"><data key="weight">377</data></edge>
<edge target="148886704" source="149347034"><data key="weight">95</data></edge>
<edge target="148891163" source="149347034"><data key="weight">94</data></edge>
<edge target="-100" source="149374221"><data key="weight">381</data></edge>
<edge target="149336575" source="149374221"><data key="weight">99</data></edge>
<edge target="149368334" source="149374221"><data key="weight">90</data></edge>
<edge target="-100" source="149393701"><data key="weight">576</data></edge>
<edge target="17592360484015" source="149393701"><data key="weight">199</data></edge>
<edge target="149314692" source="149393701"><data key="weight">185</data></edge>
<edge target="148875125" source="149393701"><data key="weight">91</data></edge>
<edge target="148884247" source="149393701"><data key="weight">182</data></edge>
<edge target="-100" source="148884247"><data key="weight">284</data></edge>
<edge target="148875125" source="148884247"><data key="weight">98</data></edge>
<edge target="29313967" source="148884247"><data key="weight">195</data></edge>
<edge target="149382088" source="148884247"><data key="weight">196</data></edge>
<edge target="321232892" source="148884247"><data key="weight">195</data></edge>
<edge target="149314692" source="148884247"><data key="weight">190</data></edge>
<edge target="-100" source="149314692"><data key="weight">478</data></edge>
<edge target="148886704" source="149314692"><data key="weight">96</data></edge>
<edge target="148880505" source="149382088"><data key="weight">199</data></edge>
<edge target="-100" source="149382088"><data key="weight">98</data></edge>
<edge target="149314692" source="149382088"><data key="weight">97</data></edge>
<edge target="29313967" source="149382088"><data key="weight">195</data></edge>
<edge target="149332803" source="149382088"><data key="weight">194</data></edge>
<edge target="148886704" source="149382088"><data key="weight">94</data></edge>
<edge target="149439718" source="149382088"><data key="weight">183</data></edge>
<edge target="149432910" source="149382088"><data key="weight">188</data></edge>
<edge target="149379237" source="149382088"><data key="weight">189</data></edge>
<edge target="149314692" source="149405311"><data key="weight">100</data></edge>
<edge target="-100" source="149405311"><data key="weight">567</data></edge>
<edge target="148891163" source="149405311"><data key="weight">97</data></edge>
<edge target="149393701" source="149405311"><data key="weight">92</data></edge>
<edge target="148892480" source="149405311"><data key="weight">91</data></edge>
<edge target="-100" source="17592360484015"><data key="weight">665</data></edge>
<edge target="149405311" source="17592360484015"><data key="weight">94</data></edge>
<edge target="17847274" source="17592360484015"><data key="weight">90</data></edge>
<edge target="148884247" source="149330980"><data key="weight">100</data></edge>
<edge target="219614112" source="149330980"><data key="weight">197</data></edge>
<edge target="-100" source="149330980"><data key="weight">376</data></edge>
<edge target="149382088" source="149330980"><data key="weight">97</data></edge>
<edge target="321232892" source="149330980"><data key="weight">95</data></edge>
<edge target="149300579" source="149330980"><data key="weight">94</data></edge>
<edge target="29313967" source="149330980"><data key="weight">93</data></edge>
<edge target="148884247" source="219614112"><data key="weight">100</data></edge>
<edge target="-100" source="219614112"><data key="weight">380</data></edge>
<edge target="29313967" source="219614112"><data key="weight">97</data></edge>
<edge target="149382088" source="219614112"><data key="weight">95</data></edge>
<edge target="321232892" source="219614112"><data key="weight">94</data></edge>
<edge target="354005826" source="219614112"><data key="weight">91</data></edge>
<edge target="-100" source="321232892"><data key="weight">571</data></edge>
<edge target="29313967" source="321232892"><data key="weight">188</data></edge>
<edge target="149382088" source="321232892"><data key="weight">92</data></edge>
<edge target="149300579" source="321232892"><data key="weight">91</data></edge>
<edge target="-100" source="84307044"><data key="weight">848</data></edge>
<edge target="149300579" source="84307044"><data key="weight">99</data></edge>
<edge target="-100" source="149300579"><data key="weight">659</data></edge>
<edge target="148891163" source="149300579"><data key="weight">98</data></edge>
<edge target="149393701" source="149300579"><data key="weight">95</data></edge>
<edge target="149407101" source="149300579"><data key="weight">194</data></edge>
<edge target="149314692" source="149384862"><data key="weight">100</data></edge>
<edge target="149300579" source="149384862"><data key="weight">99</data></edge>
<edge target="-100" source="149384862"><data key="weight">279</data></edge>
<edge target="148886704" source="149384862"><data key="weight">97</data></edge>
<edge target="148892480" source="149384862"><data key="weight">96</data></edge>
<edge target="148875125" source="149384862"><data key="weight">95</data></edge>
<edge target="84307044" source="149384862"><data key="weight">94</data></edge>
<edge target="148891163" source="149384862"><data key="weight">91</data></edge>
<edge target="149384862" source="149406086"><data key="weight">100</data></edge>
<edge target="149314692" source="149406086"><data key="weight">99</data></edge>
<edge target="-100" source="149406086"><data key="weight">737</data></edge>
<edge target="149384862" source="149407101"><data key="weight">99</data></edge>
<edge target="-100" source="149407101"><data key="weight">649</data></edge>
<edge target="148886704" source="149407101"><data key="weight">89</data></edge>
<edge target="-100" source="29313967"><data key="weight">472</data></edge>
<edge target="149432910" source="29313967"><data key="weight">97</data></edge>
<edge target="149420430" source="29313967"><data key="weight">178</data></edge>
<edge target="313143155" source="107287106"><data key="weight">198</data></edge>
<edge target="293461384" source="107287106"><data key="weight">194</data></edge>
<edge target="-100" source="107287106"><data key="weight">366</data></edge>
<edge target="107287107" source="107287106"><data key="weight">195</data></edge>
<edge target="107461984" source="107287106"><data key="weight">190</data></edge>
<edge target="17592414746873" source="107287106"><data key="weight">185</data></edge>
<edge target="149382088" source="107287106"><data key="weight">90</data></edge>
<edge target="313143155" source="107287107"><data key="weight">100</data></edge>
<edge target="293461384" source="107287107"><data key="weight">192</data></edge>
<edge target="107461984" source="107287107"><data key="weight">196</data></edge>
<edge target="-100" source="107287107"><data key="weight">371</data></edge>
<edge target="17592414746873" source="107287107"><data key="weight">94</data></edge>
<edge target="149382088" source="107287107"><data key="weight">91</data></edge>
<edge target="313143155" source="107461984"><data key="weight">196</data></edge>
<edge target="17592414746873" source="107461984"><data key="weight">189</data></edge>
<edge target="-100" source="107461984"><data key="weight">278</data></edge>
<edge target="149382088" source="107461984"><data key="weight">92</data></edge>
<edge target="354005826" source="107461984"><data key="weight">183</data></edge>
<edge target="293461384" source="107461984"><data key="weight">185</data></edge>
<edge target="149379237" source="148880505"><data key="weight">196</data></edge>
<edge target="-100" source="148880505"><data key="weight">370</data></edge>
<edge target="149439718" source="148880505"><data key="weight">196</data></edge>
<edge target="149420430" source="148880505"><data key="weight">195</data></edge>
<edge target="149432910" source="148880505"><data key="weight">91</data></edge>
<edge target="29313967" source="148880505"><data key="weight">88</data></edge>
<edge target="149379237" source="149332803"><data key="weight">198</data></edge>
<edge target="-100" source="149332803"><data key="weight">474</data></edge>
<edge target="149439718" source="149332803"><data key="weight">97</data></edge>
<edge target="149432910" source="149332803"><data key="weight">93</data></edge>
<edge target="149420430" source="149332803"><data key="weight">92</data></edge>
<edge target="149439718" source="149379237"><data key="weight">190</data></edge>
<edge target="149432910" source="149379237"><data key="weight">191</data></edge>
<edge target="149420430" source="149379237"><data key="weight">193</data></edge>
<edge target="-100" source="149379237"><data key="weight">186</data></edge>
<edge target="149442513" source="149379237"><data key="weight">90</data></edge>
<edge target="29313967" source="149379237"><data key="weight">86</data></edge>
<edge target="149382088" source="149420430"><data key="weight">99</data></edge>
<edge target="149432910" source="149420430"><data key="weight">194</data></edge>
<edge target="149439718" source="149420430"><data key="weight">96</data></edge>
<edge target="-100" source="149420430"><data key="weight">280</data></edge>
<edge target="149442513" source="149420430"><data key="weight">94</data></edge>
<edge target="148884247" source="149432910"><data key="weight">100</data></edge>
<edge target="148892480" source="149432910"><data key="weight">99</data></edge>
<edge target="149439718" source="149432910"><data key="weight">186</data></edge>
<edge target="-100" source="149432910"><data key="weight">276</data></edge>
<edge target="149394061" source="149432910"><data key="weight">93</data></edge>
<edge target="-100" source="149439718"><data key="weight">387</data></edge>
<edge target="148884247" source="149439718"><data key="weight">95</data></edge>
<edge target="149300579" source="149439718"><data key="weight">93</data></edge>
<edge target="-100" source="149442513"><data key="weight">669</data></edge>
<edge target="149382088" source="149442513"><data key="weight">99</data></edge>
<edge target="148880505" source="149442513"><data key="weight">94</data></edge>
<edge target="29313967" source="149442513"><data key="weight">93</data></edge>
<edge target="313143155" source="293461384"><data key="weight">193</data></edge>
<edge target="-100" source="293461384"><data key="weight">283</data></edge>
<edge target="17592414746873" source="293461384"><data key="weight">197</data></edge>
<edge target="149382088" source="293461384"><data key="weight">92</data></edge>
<edge target="148884247" source="293461384"><data key="weight">85</data></edge>
<edge target="-100" source="313143155"><data key="weight">288</data></edge>
<edge target="17592414746873" source="313143155"><data key="weight">194</data></edge>
<edge target="354005826" source="313143155"><data key="weight">192</data></edge>
<edge target="148884247" source="313143155"><data key="weight">90</data></edge>
<edge target="149382088" source="313143155"><data key="weight">89</data></edge>
<edge target="-100" source="354005826"><data key="weight">195</data></edge>
<edge target="293461384" source="354005826"><data key="weight">97</data></edge>
<edge target="148884247" source="354005826"><data key="weight">95</data></edge>
<edge target="149382088" source="354005826"><data key="weight">94</data></edge>
<edge target="17592414746873" source="354005826"><data key="weight">92</data></edge>
<edge target="107287106" source="354005826"><data key="weight">91</data></edge>
<edge target="29313967" source="354005826"><data key="weight">90</data></edge>
<edge target="-100" source="17592414746873"><data key="weight">291</data></edge>
<edge target="149382088" source="17592414746873"><data key="weight">91</data></edge>
<edge target="148884247" source="17592414746873"><data key="weight">90</data></edge>
<edge target="149379237" source="17592414746873"><data key="weight">89</data></edge>
<edge target="354005826" source="17592486242689"><data key="weight">100</data></edge>
<edge target="149332803" source="17592486242689"><data key="weight">99</data></edge>
<edge target="107461984" source="17592486242689"><data key="weight">98</data></edge>
<edge target="149382088" source="17592486242689"><data key="weight">97</data></edge>
<edge target="148880505" source="17592486242689"><data key="weight">96</data></edge>
<edge target="-100" source="17592486242689"><data key="weight">95</data></edge>
<edge target="293461384" source="17592486242689"><data key="weight">93</data></edge>
<edge target="149432910" source="17592486242689"><data key="weight">91</data></edge>
<edge target="149439718" source="17592486242689"><data key="weight">90</data></edge>
<edge target="149420430" source="17592486242689"><data key="weight">89</data></edge>
<edge target="149442513" source="17592501359581"><data key="weight">100</data></edge>
<edge target="-100" source="17592501359581"><data key="weight">99</data></edge>
<edge target="149382088" source="17592501359581"><data key="weight">98</data></edge>
<edge target="107287107" source="17592501359581"><data key="weight">97</data></edge>
<edge target="149439718" source="17592501359581"><data key="weight">95</data></edge>
<edge target="313143155" source="17592501359581"><data key="weight">94</data></edge>
<edge target="17592414746873" source="17592501359581"><data key="weight">93</data></edge>
<edge target="149379237" source="17592501359581"><data key="weight">91</data></edge>
<edge target="149420430" source="17592501359581"><data key="weight">90</data></edge>
<edge target="148880505" source="17592501359581"><data key="weight">89</data></edge></graph></graphml>