<?xml version="1.0" encoding="UTF-8"?>
<graphml xmlns="http://graphml.graphdrawing.org/xmlns"
         xmlns:xsi="http://www.w3.org/2001/XMLSchema-instance"
         xsi:schemaLocation="http://graphml.graphdrawing.org/xmlns
         http://graphml.graphdrawing.org/xmlns/1.0/graphml.xsd">
<!-- Created by igraph -->
  <key id="v_Title" for="node" attr.name="Title" attr.type="string"/>
  <key id="v_hrank" for="node" attr.name="hrank" attr.type="double"/>
  <key id="v_numDirects" for="node" attr.name="numDirects" attr.type="double"/>
  <key id="v_numCollegues" for="node" attr.name="numCollegues" attr.type="double"/>
  <key id="v_id" for="node" attr.name="id" attr.type="string"/>
  <key id="e_weight" for="edge" attr.name="weight" attr.type="double"/>
  <graph id="G" edgedefault="directed">
    <node id="n0">
      <data key="v_Title">Yitzhak Kesselman</data>
      <data key="v_hrank">0</data>
      <data key="v_numDirects">8</data>
      <data key="v_numCollegues">0</data>
      <data key="v_id">149471825</data>
    </node>
    <node id="n1">
      <data key="v_Title">Shay Peled</data>
      <data key="v_hrank">1</data>
      <data key="v_numDirects">0</data>
      <data key="v_numCollegues">8</data>
      <data key="v_id">107195219</data>
    </node>
    <node id="n2">
      <data key="v_Title">Ronit Ravitz Fried</data>
      <data key="v_hrank">1</data>
      <data key="v_numDirects">0</data>
      <data key="v_numCollegues">8</data>
      <data key="v_id">120999129</data>
    </node>
    <node id="n3">
      <data key="v_Title">Ayesh Qumhieh (ASAL Technologies Ltd)</data>
      <data key="v_hrank">1</data>
      <data key="v_numDirects">0</data>
      <data key="v_numCollegues">8</data>
      <data key="v_id">138941587</data>
    </node>
    <node id="n4">
      <data key="v_Title">David Bahat</data>
      <data key="v_hrank">1</data>
      <data key="v_numDirects">0</data>
      <data key="v_numCollegues">8</data>
      <data key="v_id">149308727</data>
    </node>
    <node id="n5">
      <data key="v_Title">Merav Bercovitz</data>
      <data key="v_hrank">1</data>
      <data key="v_numDirects">0</data>
      <data key="v_numCollegues">8</data>
      <data key="v_id">149410377</data>
    </node>
    <node id="n6">
      <data key="v_Title">Igor Celik</data>
      <data key="v_hrank">1</data>
      <data key="v_numDirects">0</data>
      <data key="v_numCollegues">8</data>
      <data key="v_id">340284375</data>
    </node>
    <node id="n7">
      <data key="v_Title">Milana Raiter (Matchpoint IT Ltd)</data>
      <data key="v_hrank">1</data>
      <data key="v_numDirects">0</data>
      <data key="v_numCollegues">8</data>
      <data key="v_id">17592242903527</data>
    </node>
    <node id="n8">
      <data key="v_Title">Daniel Blinick</data>
      <data key="v_hrank">1</data>
      <data key="v_numDirects">0</data>
      <data key="v_numCollegues">8</data>
      <data key="v_id">17592400497457</data>
    </node>
    <node id="n9">
      <data key="v_Title">OUTSIDE</data>
      <data key="v_hrank">0</data>
      <data key="v_numDirects">0</data>
      <data key="v_numCollegues">0</data>
      <data key="v_id">-100</data>
    </node>
    <edge source="n0" target="n1">
      <data key="e_weight">1</data>
    </edge>
    <edge source="n0" target="n2">
      <data key="e_weight">1</data>
    </edge>
    <edge source="n0" target="n3">
      <data key="e_weight">1</data>
    </edge>
    <edge source="n0" target="n4">
      <data key="e_weight">1</data>
    </edge>
    <edge source="n0" target="n5">
      <data key="e_weight">1</data>
    </edge>
    <edge source="n0" target="n6">
      <data key="e_weight">1</data>
    </edge>
    <edge source="n0" target="n7">
      <data key="e_weight">1</data>
    </edge>
    <edge source="n0" target="n8">
      <data key="e_weight">1</data>
    </edge>
  </graph>
</graphml>
