<?xml version="1.0" encoding="UTF-8"?>
<graphml xmlns="http://graphml.graphdrawing.org/xmlns"
         xmlns:xsi="http://www.w3.org/2001/XMLSchema-instance"
         xsi:schemaLocation="http://graphml.graphdrawing.org/xmlns
         http://graphml.graphdrawing.org/xmlns/1.0/graphml.xsd">
<!-- Created by igraph -->
  <key id="v_Title" for="node" attr.name="Title" attr.type="string"/>
  <key id="v_hrank" for="node" attr.name="hrank" attr.type="double"/>
  <key id="v_numDirects" for="node" attr.name="numDirects" attr.type="double"/>
  <key id="v_numCollegues" for="node" attr.name="numCollegues" attr.type="double"/>
  <key id="v_RecentlyModifiedCount" for="node" attr.name="RecentlyModifiedCount" attr.type="double"/>
  <key id="v_ModifiedTitles" for="node" attr.name="ModifiedTitles" attr.type="string"/>
  <key id="v_TrendingTitles" for="node" attr.name="TrendingTitles" attr.type="string"/>
  <key id="v_id" for="node" attr.name="id" attr.type="string"/>
  <key id="e_weight" for="edge" attr.name="weight" attr.type="double"/>
  <graph id="G" edgedefault="undirected">
    <node id="n0">
      <data key="v_Title">Yitzhak Kesselman</data>
      <data key="v_hrank">0</data>
      <data key="v_numDirects">8</data>
      <data key="v_numCollegues">0</data>
      <data key="v_RecentlyModifiedCount">10</data>
      <data key="v_ModifiedTitles"> ; PBI for Surface hub ; General Information ; Planning ; OneNote_DeletedPages ; PBI Apps for SQL16 ; Demo&apos;s ; Mobile Reports ; Microsoft confidential ; Mobile reports review April 2016.pptx ; Power BI Data summit</data>
      <data key="v_TrendingTitles"> ; James Product review April 2016.pptx ; 16.5.1 - Release meta data.pptx ; Planning ; Mobile reports review April 2016.pptx ; TSGs ; Sela registration June 2016 ; Engineering ; Get Engaged 4MAY2016.pptx ; Vendor Ops ; 16.4.2 - Release meta data.pptx ; Microsoft confidential ; 16.5.2 - Release meta data.pptx ; Training ; Power BI Mobile release (4.1 + 4.2)  ; Business Day ; Mobile BI ; Power BI PR - PaaS May 9.pptx ; MobileDashboardsPersistancyChanges ; Mobile Dashboards Architecture ; Telemetry Requirements for Unified Notifications</data>
      <data key="v_id">149471825</data>
    </node>
    <node id="n1">
      <data key="v_Title">Shay Peled</data>
      <data key="v_hrank">1</data>
      <data key="v_numDirects">0</data>
      <data key="v_numCollegues">8</data>
      <data key="v_RecentlyModifiedCount">3</data>
      <data key="v_ModifiedTitles"> ; General Information ; Engineering ; Fundamentals - Certification</data>
      <data key="v_TrendingTitles"> ; James Product review April 2016.pptx ; 16.5.1 - Release meta data.pptx ; Planning ; Mobile reports review April 2016.pptx ; Engineering ; Microsoft confidential ; Vendor Ops ; OneNote_DeletedPages ; TSGs ; Sela registration June 2016 ; Get Engaged 4MAY2016.pptx ; 16.4.2 - Release meta data.pptx ; Business Day ; Using Excel Reports in Power BI is Easier Than Ever with Local Files Support ; Mobile Dashboards Architecture ; Telemetries Definition for FFXL ; Measuring PBIO Workloads Business Success ; Power BI Mobile release (4.1 + 4.2)  ; Mobile BI ; 16.5.2 - Release meta data.pptx</data>
      <data key="v_id">107195219</data>
    </node>
    <node id="n2">
      <data key="v_Title">Ronit Ravitz Fried</data>
      <data key="v_hrank">1</data>
      <data key="v_numDirects">0</data>
      <data key="v_numCollegues">8</data>
      <data key="v_RecentlyModifiedCount">2</data>
      <data key="v_ModifiedTitles"> ; Fundamentals - Certification ; General Information</data>
      <data key="v_TrendingTitles"> ; Planning ; Mobile reports review April 2016.pptx ; Sela registration June 2016 ; James Product review April 2016.pptx ; Engineering ; 16.5.1 - Release meta data.pptx ; OneNote_DeletedPages ; PBI for Surface hub ; Training ; Business Day ; 16.4.2 - Release meta data.pptx ; Microsoft confidential ; MobileDashboardsPersistancyChanges ; Get Engaged 4MAY2016.pptx ; internal-scanner-BC.8.5.16 ; Power BI Mobile release (4.1 + 4.2)  ; Mobile Dashboards Architecture ; Mobile Reports Design ; Mobile apps dashboard refresh functionality ; MD-DesignReview-14.4</data>
      <data key="v_id">120999129</data>
    </node>
    <node id="n3">
      <data key="v_Title">Ayesh Qumhieh (ASAL Technologies Ltd)</data>
      <data key="v_hrank">1</data>
      <data key="v_numDirects">0</data>
      <data key="v_numCollegues">8</data>
      <data key="v_RecentlyModifiedCount">2</data>
      <data key="v_ModifiedTitles"> ; Engineering ; General Information</data>
      <data key="v_TrendingTitles"> ; James Product review April 2016.pptx ; 16.5.1 - Release meta data.pptx ; Planning ; Mobile reports review April 2016.pptx ; Sela registration June 2016 ; Engineering ; Get Engaged 4MAY2016.pptx ; 16.4.2 - Release meta data.pptx ; 16.5.2 - Release meta data.pptx ; Business Day ; OneNote_DeletedPages ; Microsoft confidential ; Telemetry Requirements for Unified Notifications ; Power BI Mobile release (4.1 + 4.2)  ; PBI for Surface hub ; Mobile apps dashboard refresh functionality ; Mobile BI ; 16.4.1 - Release meta data.pptx ; internal-scanner-BC.8.5.16 ; MobileDashboardsPersistancyChanges</data>
      <data key="v_id">138941587</data>
    </node>
    <node id="n4">
      <data key="v_Title">David Bahat</data>
      <data key="v_hrank">1</data>
      <data key="v_numDirects">0</data>
      <data key="v_numCollegues">8</data>
      <data key="v_RecentlyModifiedCount">10</data>
      <data key="v_ModifiedTitles"> ; Planning ; PBI Apps for SQL16 ; Engineering ; Backlog ; OneNote_DeletedPages ; Test ; Upgrades ; General Information ; Engineering ; Learning</data>
      <data key="v_TrendingTitles"> ; Mobile reports review April 2016.pptx ; Planning ; James Product review April 2016.pptx ; Sela registration June 2016 ; 16.5.1 - Release meta data.pptx ; Engineering ; TSGs ; Training ; Microsoft confidential ; Vendor Ops ; Business Day ; Get Engaged 4MAY2016.pptx ; 16.4.2 - Release meta data.pptx ; MobileDashboardsPersistancyChanges ; Mobile apps dashboard refresh functionality ; Power BI PR - PaaS May 9.pptx ; Power BI Mobile release (4.1 + 4.2)  ; Mobile Dashboards Architecture ; internal-scanner-BC.8.5.16 ; 16.4.1 - Release meta data.pptx</data>
      <data key="v_id">149308727</data>
    </node>
    <node id="n5">
      <data key="v_Title">Merav Bercovitz</data>
      <data key="v_hrank">1</data>
      <data key="v_numDirects">0</data>
      <data key="v_numCollegues">8</data>
      <data key="v_RecentlyModifiedCount">3</data>
      <data key="v_ModifiedTitles"> ; Mobile Dashboard and Reports tasks ; Mobile Reports Design ; General Information</data>
      <data key="v_TrendingTitles"> ; James Product review April 2016.pptx ; Planning ; Engineering ; Mobile reports review April 2016.pptx ; Sela registration June 2016 ; Dashboards and Reports ; 16.5.1 - Release meta data.pptx ; Vendor Ops ; Microsoft confidential ; Get Engaged 4MAY2016.pptx ; MobileDashboardsPersistancyChanges ; Mobile Dashboards Architecture ; Business Day ; 16.4.2 - Release meta data.pptx ; Mobile BI ; MR-DesignReview-desktop-20.4 ; Mobile apps dashboard refresh functionality ; MD-DesignReview-14.4 ; internal-scanner-BC.8.5.16 ; Power BI Mobile release (4.1 + 4.2) </data>
      <data key="v_id">149410377</data>
    </node>
    <node id="n6">
      <data key="v_Title">Igor Celik</data>
      <data key="v_hrank">1</data>
      <data key="v_numDirects">0</data>
      <data key="v_numCollegues">8</data>
      <data key="v_RecentlyModifiedCount">7</data>
      <data key="v_ModifiedTitles"> ; Planning ; General Information ; Fundamentals - Certification ; Windows 10 ; Engineering ; Fundamentals - Certification ; Test</data>
      <data key="v_TrendingTitles"> ; Planning ; James Product review April 2016.pptx ; Mobile reports review April 2016.pptx ; Sela registration June 2016 ; Engineering ; 16.5.1 - Release meta data.pptx ; Training ; OneNote_DeletedPages ; OneNote_DeletedPages ; Business Day ; Mobile BI ; Get Engaged 4MAY2016.pptx ; 16.4.2 - Release meta data.pptx ; Mobile apps dashboard refresh functionality ; Telemetry Requirements for Unified Notifications ; Microsoft confidential ; MobileDashboardsPersistancyChanges ; Power BI Mobile release (4.1 + 4.2)  ; Mobile Dashboards Architecture ; Mobile Reports Design</data>
      <data key="v_id">340284375</data>
    </node>
    <node id="n7">
      <data key="v_Title">Milana Raiter (Matchpoint IT Ltd)</data>
      <data key="v_hrank">1</data>
      <data key="v_numDirects">0</data>
      <data key="v_numCollegues">8</data>
      <data key="v_RecentlyModifiedCount">3</data>
      <data key="v_ModifiedTitles"> ; Stores Submission ; General Information ; Test</data>
      <data key="v_TrendingTitles"> ; Planning ; Mobile reports review April 2016.pptx ; 16.5.1 - Release meta data.pptx ; James Product review April 2016.pptx ; Sela registration June 2016 ; Engineering ; Business Day ; Get Engaged 4MAY2016.pptx ; Microsoft confidential ; Telemetry Requirements for Unified Notifications ; OneNote_DeletedPages ; 16.4.2 - Release meta data.pptx ; PBI for Surface hub ; Mobile apps dashboard refresh functionality ; Vendor Ops ; 16.5.2 - Release meta data.pptx ; Power BI Mobile release (4.1 + 4.2)  ; Using Excel Reports in Power BI is Easier Than Ever with Local Files Support ; Telemetries Definition for FFXL ; Measuring PBIO Workloads Business Success</data>
      <data key="v_id">17592242903527</data>
    </node>
    <node id="n8">
      <data key="v_Title">Daniel Blinick</data>
      <data key="v_hrank">1</data>
      <data key="v_numDirects">0</data>
      <data key="v_numCollegues">8</data>
      <data key="v_RecentlyModifiedCount">2</data>
      <data key="v_ModifiedTitles"> ; General Information ; Engineering</data>
      <data key="v_TrendingTitles"> ; Planning ; James Product review April 2016.pptx ; Sela registration June 2016 ; Mobile reports review April 2016.pptx ; 16.5.1 - Release meta data.pptx ; Engineering ; OneNote_DeletedPages ; Business Day ; Get Engaged 4MAY2016.pptx ; OneNote_DeletedPages ; Telemetry Requirements for Unified Notifications ; PBI for Surface hub ; Mobile apps dashboard refresh functionality ; 16.4.2 - Release meta data.pptx ; 16.5.2 - Release meta data.pptx ; Microsoft confidential ; Mobile BI ; Power BI Mobile release (4.1 + 4.2)  ; MobileDashboardsPersistancyChanges ; Mobile Reports Design</data>
      <data key="v_id">17592400497457</data>
    </node>
    <node id="n9">
      <data key="v_Title">OUTSIDE</data>
      <data key="v_hrank">0</data>
      <data key="v_numDirects">0</data>
      <data key="v_numCollegues">0</data>
      <data key="v_RecentlyModifiedCount">0</data>
      <data key="v_ModifiedTitles">unknown</data>
      <data key="v_TrendingTitles">unknown</data>
      <data key="v_id">-100</data>
    </node>
    <edge source="n0" target="n1">
      <data key="e_weight">93</data>
    </edge>
    <edge source="n0" target="n2">
      <data key="e_weight">195</data>
    </edge>
    <edge source="n0" target="n3">
      <data key="e_weight">197</data>
    </edge>
    <edge source="n0" target="n4">
      <data key="e_weight">195</data>
    </edge>
    <edge source="n0" target="n5">
      <data key="e_weight">92</data>
    </edge>
    <edge source="n0" target="n6">
      <data key="e_weight">99</data>
    </edge>
    <edge source="n0" target="n7">
      <data key="e_weight">100</data>
    </edge>
    <edge source="n0" target="n8">
      <data key="e_weight">100</data>
    </edge>
    <edge source="n0" target="n9">
      <data key="e_weight">2776</data>
    </edge>
    <edge source="n1" target="n2">
      <data key="e_weight">99</data>
    </edge>
    <edge source="n1" target="n3">
      <data key="e_weight">86</data>
    </edge>
    <edge source="n1" target="n4">
      <data key="e_weight">98</data>
    </edge>
    <edge source="n1" target="n5">
      <data key="e_weight">189</data>
    </edge>
    <edge source="n1" target="n8">
      <data key="e_weight">98</data>
    </edge>
    <edge source="n1" target="n9">
      <data key="e_weight">634</data>
    </edge>
    <edge source="n2" target="n4">
      <data key="e_weight">198</data>
    </edge>
    <edge source="n2" target="n6">
      <data key="e_weight">184</data>
    </edge>
    <edge source="n2" target="n7">
      <data key="e_weight">180</data>
    </edge>
    <edge source="n2" target="n9">
      <data key="e_weight">616</data>
    </edge>
    <edge source="n3" target="n4">
      <data key="e_weight">196</data>
    </edge>
    <edge source="n3" target="n5">
      <data key="e_weight">79</data>
    </edge>
    <edge source="n3" target="n7">
      <data key="e_weight">95</data>
    </edge>
    <edge source="n3" target="n8">
      <data key="e_weight">83</data>
    </edge>
    <edge source="n3" target="n9">
      <data key="e_weight">971</data>
    </edge>
    <edge source="n4" target="n6">
      <data key="e_weight">189</data>
    </edge>
    <edge source="n4" target="n7">
      <data key="e_weight">188</data>
    </edge>
    <edge source="n4" target="n9">
      <data key="e_weight">1033</data>
    </edge>
    <edge source="n5" target="n8">
      <data key="e_weight">82</data>
    </edge>
    <edge source="n5" target="n9">
      <data key="e_weight">917</data>
    </edge>
    <edge source="n6" target="n7">
      <data key="e_weight">97</data>
    </edge>
    <edge source="n6" target="n8">
      <data key="e_weight">169</data>
    </edge>
    <edge source="n6" target="n9">
      <data key="e_weight">794</data>
    </edge>
    <edge source="n7" target="n8">
      <data key="e_weight">97</data>
    </edge>
    <edge source="n7" target="n9">
      <data key="e_weight">892</data>
    </edge>
    <edge source="n8" target="n9">
      <data key="e_weight">735</data>
    </edge>
  </graph>
</graphml>
