﻿<?xml version="1.0" encoding="utf-8"?><graphml xmlns:xsi="http://www.w3.org/2001/XMLSchema-instance" xsi:schemaLocation="http://graphml.graphdrawing.org/xmlns http://graphml.graphdrawing.org/xmlns/1.0/graphml.xsd" xmlns="http://graphml.graphdrawing.org/xmlns"><key id="Title" for="node" attr.name="Title" attr.type="string"><default>unknown</default></key><key id="hrank" for="node" attr.name="hrank" attr.type="double"><default>0</default></key><key id="numDirects" for="node" attr.name="numDirects" attr.type="double"><default>0</default></key><key id="numCollegues" for="node" attr.name="numCollegues" attr.type="double"><default>0</default></key><key id="weight" for="edge" attr.name="weight" attr.type="double"><default>1</default></key><graph id="hierarchy_graph" edgedefault="directed"><node id="149395997"><data key="Title">NICK CALDWELL </data><data key="hrank">0</data><data key="numDirects">15</data></node><node id="130729631"><data key="Title">Lei Qian</data><data key="hrank">1</data><data key="numCollegues">15</data><data key="numDirects">0</data></node><node id="138500389"><data key="Title">Miljan Braticevic</data><data key="hrank">1</data><data key="numCollegues">15</data><data key="numDirects">5</data></node><node id="148875125"><data key="Title">Sharath Udupa</data><data key="hrank">1</data><data key="numCollegues">15</data><data key="numDirects">8</data></node><node id="148883889"><data key="Title">Jono Luk</data><data key="hrank">1</data><data key="numCollegues">15</data><data key="numDirects">2</data></node><node id="148894701"><data key="Title">Patrick Baumgartner</data><data key="hrank">1</data><data key="numCollegues">15</data><data key="numDirects">0</data></node><node id="148899584"><data key="Title">Nico Cristache</data><data key="hrank">1</data><data key="numCollegues">15</data><data key="numDirects">21</data></node><node id="149312231"><data key="Title">Ben Childs</data><data key="hrank">1</data><data key="numCollegues">15</data><data key="numDirects">0</data></node><node id="149312613"><data key="Title">Pedram Rezaei</data><data key="hrank">1</data><data key="numCollegues">15</data><data key="numDirects">0</data></node><node id="149319224"><data key="Title">Chris Hays</data><data key="hrank">1</data><data key="numCollegues">15</data><data key="numDirects">0</data></node><node id="149330710"><data key="Title">Diego Perez Del Carpio</data><data key="hrank">1</data><data key="numCollegues">15</data><data key="numDirects">0</data></node><node id="149331793"><data key="Title">Yvonne McKay</data><data key="hrank">1</data><data key="numCollegues">15</data><data key="numDirects">0</data></node><node id="149344314"><data key="Title">Lorrissa Horton</data><data key="hrank">1</data><data key="numCollegues">15</data><data key="numDirects">4</data></node><node id="149372812"><data key="Title">Kunal Mukerjee</data><data key="hrank">1</data><data key="numCollegues">15</data><data key="numDirects">12</data></node><node id="149393701"><data key="Title">Shay Gurman</data><data key="hrank">1</data><data key="numCollegues">15</data><data key="numDirects">5</data></node><node id="149325422"><data key="Title">Jamie Dalton (MSBI)</data><data key="hrank">1</data><data key="numCollegues">15</data><data key="numDirects">0</data></node><node id="138500366"><data key="Title">Filip Karadzic</data><data key="hrank">2</data><data key="numCollegues">5</data><data key="numDirects">0</data></node><node id="138500390"><data key="Title">Christopher Moncayo</data><data key="hrank">2</data><data key="numCollegues">5</data><data key="numDirects">0</data></node><node id="149309030"><data key="Title">Lance Delano</data><data key="hrank">2</data><data key="numCollegues">5</data><data key="numDirects">0</data></node><node id="149331553"><data key="Title">Paul Sanders</data><data key="hrank">2</data><data key="numCollegues">5</data><data key="numDirects">0</data></node><node id="149393890"><data key="Title">Mey Meenakshisundaram</data><data key="hrank">2</data><data key="numCollegues">5</data><data key="numDirects">0</data></node><node id="31502939"><data key="Title">Sonia Dhir (MINDTREE LIMITED)</data><data key="hrank">2</data><data key="numCollegues">8</data><data key="numDirects">0</data></node><node id="148886704"><data key="Title">Anand Mariappan</data><data key="hrank">2</data><data key="numCollegues">8</data><data key="numDirects">11</data></node><node id="149336575"><data key="Title">James Wu</data><data key="hrank">2</data><data key="numCollegues">8</data><data key="numDirects">0</data></node><node id="149368334"><data key="Title">Saliha Azzam</data><data key="hrank">2</data><data key="numCollegues">8</data><data key="numDirects">9</data></node><node id="149394061"><data key="Title">Tyler Peelen</data><data key="hrank">2</data><data key="numCollegues">8</data><data key="numDirects">7</data></node><node id="149418005"><data key="Title">Hao Xu</data><data key="hrank">2</data><data key="numCollegues">8</data><data key="numDirects">0</data></node><node id="149444663"><data key="Title">Abdulfatai Popoola</data><data key="hrank">2</data><data key="numCollegues">8</data><data key="numDirects">0</data></node><node id="194144064"><data key="Title">Hima Vasam (Mindtree)</data><data key="hrank">2</data><data key="numCollegues">8</data><data key="numDirects">0</data></node><node id="17847274"><data key="Title">Chuanqi Sun</data><data key="hrank">3</data><data key="numCollegues">11</data><data key="numDirects">0</data></node><node id="103550087"><data key="Title">Akash Agrawal (Wicresoft)</data><data key="hrank">3</data><data key="numCollegues">11</data><data key="numDirects">0</data></node><node id="107462001"><data key="Title">Kevin Shah</data><data key="hrank">3</data><data key="numCollegues">11</data><data key="numDirects">0</data></node><node id="145277603"><data key="Title">Nan Zhao</data><data key="hrank">3</data><data key="numCollegues">11</data><data key="numDirects">0</data></node><node id="148884817"><data key="Title">Dina Kawakami</data><data key="hrank">3</data><data key="numCollegues">11</data><data key="numDirects">0</data></node><node id="148891163"><data key="Title">Orion Lee</data><data key="hrank">3</data><data key="numCollegues">11</data><data key="numDirects">0</data></node><node id="149343296"><data key="Title">Soumya Shree Das</data><data key="hrank">3</data><data key="numCollegues">11</data><data key="numDirects">0</data></node><node id="149388175"><data key="Title">Alexander Angriawan</data><data key="hrank">3</data><data key="numCollegues">11</data><data key="numDirects">0</data></node><node id="149419209"><data key="Title">Akilesh Ganesan</data><data key="hrank">3</data><data key="numCollegues">11</data><data key="numDirects">0</data></node><node id="149420818"><data key="Title">Luke Whitestone</data><data key="hrank">3</data><data key="numCollegues">11</data><data key="numDirects">0</data></node><node id="149495056"><data key="Title">John Emau</data><data key="hrank">3</data><data key="numCollegues">11</data><data key="numDirects">0</data></node><node id="86661831"><data key="Title">Tuan Pham</data><data key="hrank">3</data><data key="numCollegues">9</data><data key="numDirects">0</data></node><node id="138540056"><data key="Title">Celine Bressler (The Lingua Team LLC)</data><data key="hrank">3</data><data key="numCollegues">9</data><data key="numDirects">0</data></node><node id="148890950"><data key="Title">Ankur Sharma (PBI)</data><data key="hrank">3</data><data key="numCollegues">9</data><data key="numDirects">0</data></node><node id="149308627"><data key="Title">Sean He</data><data key="hrank">3</data><data key="numCollegues">9</data><data key="numDirects">0</data></node><node id="149421008"><data key="Title">Vikram Rajasekaran</data><data key="hrank">3</data><data key="numCollegues">9</data><data key="numDirects">0</data></node><node id="149428327"><data key="Title">Eeshan Shah</data><data key="hrank">3</data><data key="numCollegues">9</data><data key="numDirects">0</data></node><node id="149467121"><data key="Title">Youssef El Fassy Fihry</data><data key="hrank">3</data><data key="numCollegues">9</data><data key="numDirects">0</data></node><node id="17592261266866"><data key="Title">Manal Alassaf</data><data key="hrank">3</data><data key="numCollegues">9</data><data key="numDirects">0</data></node><node id="149462816"><data key="Title">Yuva Priya Manoharan</data><data key="hrank">3</data><data key="numCollegues">9</data><data key="numDirects">0</data></node><node id="28444040"><data key="Title">Olivia Waring</data><data key="hrank">3</data><data key="numCollegues">7</data><data key="numDirects">0</data></node><node id="92251778"><data key="Title">Manav Fogla</data><data key="hrank">3</data><data key="numCollegues">7</data><data key="numDirects">0</data></node><node id="148892480"><data key="Title">Chris Chua</data><data key="hrank">3</data><data key="numCollegues">7</data><data key="numDirects">0</data></node><node id="149308341"><data key="Title">Tu Phan</data><data key="hrank">3</data><data key="numCollegues">7</data><data key="numDirects">0</data></node><node id="149329198"><data key="Title">Michel Abd Elmalik</data><data key="hrank">3</data><data key="numCollegues">7</data><data key="numDirects">0</data></node><node id="149347034"><data key="Title">Rob Knuth</data><data key="hrank">3</data><data key="numCollegues">7</data><data key="numDirects">0</data></node><node id="149374221"><data key="Title">Patrick O'Brien (ICE)</data><data key="hrank">3</data><data key="numCollegues">7</data><data key="numDirects">0</data></node><node id="149339838"><data key="Title">Josh Caplan</data><data key="hrank">2</data><data key="numCollegues">2</data><data key="numDirects">0</data></node><node id="149391294"><data key="Title">Lukasz Pawlowski</data><data key="hrank">2</data><data key="numCollegues">2</data><data key="numDirects">0</data></node><node id="9604567"><data key="Title">Nir Straze Straze (Pyramid)</data><data key="hrank">2</data><data key="numCollegues">21</data><data key="numDirects">0</data></node><node id="11205555"><data key="Title">Ohad Gan Raveh (Pyramid)</data><data key="hrank">2</data><data key="numCollegues">21</data><data key="numDirects">0</data></node><node id="18917621"><data key="Title">Yakov Shaul (Pyramid)</data><data key="hrank">2</data><data key="numCollegues">21</data><data key="numDirects">0</data></node><node id="22761404"><data key="Title">Peter Sprague (Pyramid)</data><data key="hrank">2</data><data key="numCollegues">21</data><data key="numDirects">0</data></node><node id="34358982"><data key="Title">Asaf Benjamin Benjamin (Pyramid)</data><data key="hrank">2</data><data key="numCollegues">21</data><data key="numDirects">0</data></node><node id="107913359"><data key="Title">Daniel Moscisker (Pyramid Analytics Bv)</data><data key="hrank">2</data><data key="numCollegues">21</data><data key="numDirects">0</data></node><node id="120549647"><data key="Title">Ed Sheppard</data><data key="hrank">2</data><data key="numCollegues">21</data><data key="numDirects">0</data></node><node id="138500392"><data key="Title">Milos Glisic</data><data key="hrank">2</data><data key="numCollegues">21</data><data key="numDirects">7</data></node><node id="148881928"><data key="Title">Maryam Moazeni</data><data key="hrank">2</data><data key="numCollegues">21</data><data key="numDirects">0</data></node><node id="148890224"><data key="Title">Jeffrey Wang</data><data key="hrank">2</data><data key="numCollegues">21</data><data key="numDirects">4</data></node><node id="149317326"><data key="Title">Paria Noorkami</data><data key="hrank">2</data><data key="numCollegues">21</data><data key="numDirects">10</data></node><node id="149319595"><data key="Title">Denesh Pohar</data><data key="hrank">2</data><data key="numCollegues">21</data><data key="numDirects">0</data></node><node id="149389020"><data key="Title">John Vulner</data><data key="hrank">2</data><data key="numCollegues">21</data><data key="numDirects">0</data></node><node id="149400845"><data key="Title">Gentiana Coman</data><data key="hrank">2</data><data key="numCollegues">21</data><data key="numDirects">0</data></node><node id="149403279"><data key="Title">Justin Schneider</data><data key="hrank">2</data><data key="numCollegues">21</data><data key="numDirects">0</data></node><node id="149405150"><data key="Title">Noah Jorgenson</data><data key="hrank">2</data><data key="numCollegues">21</data><data key="numDirects">0</data></node><node id="181679933"><data key="Title">Omri Kohl (Pyramid)</data><data key="hrank">2</data><data key="numCollegues">21</data><data key="numDirects">0</data></node><node id="201615926"><data key="Title">Ramy Saroufim</data><data key="hrank">2</data><data key="numCollegues">21</data><data key="numDirects">0</data></node><node id="251560411"><data key="Title">Anton Babenko Babenko (Pyramid)</data><data key="hrank">2</data><data key="numCollegues">21</data><data key="numDirects">0</data></node><node id="285547015"><data key="Title">Eran Ohavi (Pyramid)</data><data key="hrank">2</data><data key="numCollegues">21</data><data key="numDirects">0</data></node><node id="315816790"><data key="Title">Roy Ratzon Ratzon (Pyramid Analytics Bv)</data><data key="hrank">2</data><data key="numCollegues">21</data><data key="numDirects">0</data></node><node id="59214735"><data key="Title">Breon Halling</data><data key="hrank">3</data><data key="numCollegues">7</data><data key="numDirects">0</data></node><node id="111971883"><data key="Title">Phil Tucker</data><data key="hrank">3</data><data key="numCollegues">7</data><data key="numDirects">0</data></node><node id="111971886"><data key="Title">Jeremy Rodgers</data><data key="hrank">3</data><data key="numCollegues">7</data><data key="numDirects">0</data></node><node id="138500349"><data key="Title">Hwan Hong</data><data key="hrank">3</data><data key="numCollegues">7</data><data key="numDirects">0</data></node><node id="138500394"><data key="Title">Evan Levy</data><data key="hrank">3</data><data key="numCollegues">7</data><data key="numDirects">0</data></node><node id="17592340208478"><data key="Title">Dinu Scobici</data><data key="hrank">3</data><data key="numCollegues">7</data><data key="numDirects">0</data></node><node id="17592408318632"><data key="Title">Jovan Milosevic</data><data key="hrank">3</data><data key="numCollegues">7</data><data key="numDirects">0</data></node><node id="149355739"><data key="Title">Srinivasan Turuvekere</data><data key="hrank">3</data><data key="numCollegues">4</data><data key="numDirects">0</data></node><node id="149405416"><data key="Title">Alex Jurkowski</data><data key="hrank">3</data><data key="numCollegues">4</data><data key="numDirects">0</data></node><node id="149440218"><data key="Title">Sean Tang</data><data key="hrank">3</data><data key="numCollegues">4</data><data key="numDirects">0</data></node><node id="207518570"><data key="Title">Ravi Sankar Raju</data><data key="hrank">3</data><data key="numCollegues">4</data><data key="numDirects">0</data></node><node id="148894137"><data key="Title">Mina Mikhail</data><data key="hrank">3</data><data key="numCollegues">10</data><data key="numDirects">0</data></node><node id="149386980"><data key="Title">Isaac Naveh-Benjamin</data><data key="hrank">3</data><data key="numCollegues">10</data><data key="numDirects">0</data></node><node id="149390308"><data key="Title">Lawrence Wong</data><data key="hrank">3</data><data key="numCollegues">10</data><data key="numDirects">0</data></node><node id="149396923"><data key="Title">Qian Liang</data><data key="hrank">3</data><data key="numCollegues">10</data><data key="numDirects">0</data></node><node id="149403225"><data key="Title">Esfandiar Manii</data><data key="hrank">3</data><data key="numCollegues">10</data><data key="numDirects">0</data></node><node id="149405286"><data key="Title">Akash Jana</data><data key="hrank">3</data><data key="numCollegues">10</data><data key="numDirects">0</data></node><node id="149413067"><data key="Title">Taylor Clark</data><data key="hrank">3</data><data key="numCollegues">10</data><data key="numDirects">0</data></node><node id="149414582"><data key="Title">Kevin Moore (POWER BI)</data><data key="hrank">3</data><data key="numCollegues">10</data><data key="numDirects">0</data></node><node id="149415931"><data key="Title">Jason Weng</data><data key="hrank">3</data><data key="numCollegues">10</data><data key="numDirects">0</data></node><node id="247950728"><data key="Title">Eslam Elsawy</data><data key="hrank">3</data><data key="numCollegues">10</data><data key="numDirects">0</data></node><node id="149387189"><data key="Title">Fetiye Karabay</data><data key="hrank">2</data><data key="numCollegues">4</data><data key="numDirects">0</data></node><node id="149407613"><data key="Title">Ajay Anandan</data><data key="hrank">2</data><data key="numCollegues">4</data><data key="numDirects">0</data></node><node id="149407748"><data key="Title">Julie Zhu (POWER BI)</data><data key="hrank">2</data><data key="numCollegues">4</data><data key="numDirects">0</data></node><node id="149428369"><data key="Title">Amanda Cofsky</data><data key="hrank">2</data><data key="numCollegues">4</data><data key="numDirects">0</data></node><node id="20150993"><data key="Title">Duncan Davenport (Murphy &amp; Associates)</data><data key="hrank">2</data><data key="numCollegues">12</data><data key="numDirects">0</data></node><node id="148880181"><data key="Title">Doina Babu</data><data key="hrank">2</data><data key="numCollegues">12</data><data key="numDirects">8</data></node><node id="148891381"><data key="Title">Brandon Unger</data><data key="hrank">2</data><data key="numCollegues">12</data><data key="numDirects">0</data></node><node id="149321282"><data key="Title">Bo Simmons</data><data key="hrank">2</data><data key="numCollegues">12</data><data key="numDirects">3</data></node><node id="149344017"><data key="Title">Eran Shahar</data><data key="hrank">2</data><data key="numCollegues">12</data><data key="numDirects">14</data></node><node id="149344973"><data key="Title">Ronnie Chaiken</data><data key="hrank">2</data><data key="numCollegues">12</data><data key="numDirects">4</data></node><node id="149362580"><data key="Title">Ying Lin (POWER BI)</data><data key="hrank">2</data><data key="numCollegues">12</data><data key="numDirects">10</data></node><node id="149379853"><data key="Title">Tad Price</data><data key="hrank">2</data><data key="numCollegues">12</data><data key="numDirects">0</data></node><node id="149381490"><data key="Title">Ross Comer</data><data key="hrank">2</data><data key="numCollegues">12</data><data key="numDirects">0</data></node><node id="149389291"><data key="Title">Andy Wu (POWER BI)</data><data key="hrank">2</data><data key="numCollegues">12</data><data key="numDirects">8</data></node><node id="17592378871857"><data key="Title">Tod Manning (Virtuosity Consulting Group)</data><data key="hrank">2</data><data key="numCollegues">12</data><data key="numDirects">0</data></node><node id="17592479761877"><data key="Title">Darryl Tober</data><data key="hrank">2</data><data key="numCollegues">12</data><data key="numDirects">0</data></node><node id="40778850"><data key="Title">Claudiu Toma</data><data key="hrank">3</data><data key="numCollegues">8</data><data key="numDirects">0</data></node><node id="148882985"><data key="Title">Vaghinak Petrosyan</data><data key="hrank">3</data><data key="numCollegues">8</data><data key="numDirects">0</data></node><node id="148893325"><data key="Title">Avani Chandrasekaran</data><data key="hrank">3</data><data key="numCollegues">8</data><data key="numDirects">0</data></node><node id="149343631"><data key="Title">Hristina Popova</data><data key="hrank">3</data><data key="numCollegues">8</data><data key="numDirects">0</data></node><node id="149386902"><data key="Title">Igor Taranov</data><data key="hrank">3</data><data key="numCollegues">8</data><data key="numDirects">0</data></node><node id="149401391"><data key="Title">Ke Dang</data><data key="hrank">3</data><data key="numCollegues">8</data><data key="numDirects">0</data></node><node id="149417697"><data key="Title">Yujun Chen</data><data key="hrank">3</data><data key="numCollegues">8</data><data key="numDirects">0</data></node><node id="149446108"><data key="Title">Tomer Einav</data><data key="hrank">3</data><data key="numCollegues">8</data><data key="numDirects">0</data></node><node id="26287272"><data key="Title">Rizwan Rizwan Ul Moin (Mindtree Consulting PVT LTD)</data><data key="hrank">3</data><data key="numCollegues">3</data><data key="numDirects">0</data></node><node id="107935701"><data key="Title">Rajeev Ghodki (MINDTREE LIMITED)</data><data key="hrank">3</data><data key="numCollegues">3</data><data key="numDirects">0</data></node><node id="149457524"><data key="Title">Kiran Pyapali Pyapali (Mindtree)</data><data key="hrank">3</data><data key="numCollegues">3</data><data key="numDirects">0</data></node><node id="148881248"><data key="Title">Mike Lagase</data><data key="hrank">3</data><data key="numCollegues">14</data><data key="numDirects">0</data></node><node id="148881582"><data key="Title">Ben Levinn</data><data key="hrank">3</data><data key="numCollegues">14</data><data key="numDirects">0</data></node><node id="149319839"><data key="Title">Ramesh Poduri</data><data key="hrank">3</data><data key="numCollegues">14</data><data key="numDirects">0</data></node><node id="149322384"><data key="Title">Randy Johnson</data><data key="hrank">3</data><data key="numCollegues">14</data><data key="numDirects">0</data></node><node id="149323707"><data key="Title">Grant Culbertson</data><data key="hrank">3</data><data key="numCollegues">14</data><data key="numDirects">0</data></node><node id="149333836"><data key="Title">Patrick Woodward</data><data key="hrank">3</data><data key="numCollegues">14</data><data key="numDirects">0</data></node><node id="149356841"><data key="Title">Nathan Hammes</data><data key="hrank">3</data><data key="numCollegues">14</data><data key="numDirects">0</data></node><node id="149360621"><data key="Title">Yoram Atir</data><data key="hrank">3</data><data key="numCollegues">14</data><data key="numDirects">0</data></node><node id="149379097"><data key="Title">Kiran Gorle Appala Veera</data><data key="hrank">3</data><data key="numCollegues">14</data><data key="numDirects">0</data></node><node id="149391240"><data key="Title">Brian Butler</data><data key="hrank">3</data><data key="numCollegues">14</data><data key="numDirects">0</data></node><node id="149394517"><data key="Title">Sreenivas Dasari</data><data key="hrank">3</data><data key="numCollegues">14</data><data key="numDirects">0</data></node><node id="149394658"><data key="Title">Sriram Vegaraju</data><data key="hrank">3</data><data key="numCollegues">14</data><data key="numDirects">0</data></node><node id="149412886"><data key="Title">Charles Cassagnol</data><data key="hrank">3</data><data key="numCollegues">14</data><data key="numDirects">0</data></node><node id="149434784"><data key="Title">Scott Lane</data><data key="hrank">3</data><data key="numCollegues">14</data><data key="numDirects">0</data></node><node id="46190246"><data key="Title">Ashwini Singh</data><data key="hrank">3</data><data key="numCollegues">4</data><data key="numDirects">0</data></node><node id="148877248"><data key="Title">Yong Liang</data><data key="hrank">3</data><data key="numCollegues">4</data><data key="numDirects">0</data></node><node id="149379373"><data key="Title">Mike Vovchik</data><data key="hrank">3</data><data key="numCollegues">4</data><data key="numDirects">0</data></node><node id="149400562"><data key="Title">Anna Labutina</data><data key="hrank">3</data><data key="numCollegues">4</data><data key="numDirects">0</data></node><node id="39726563"><data key="Title">Prakash Gurappagari (Mindtree)</data><data key="hrank">3</data><data key="numCollegues">10</data><data key="numDirects">0</data></node><node id="80363225"><data key="Title">Sharanappa Mallikarjuna (Mindtree)</data><data key="hrank">3</data><data key="numCollegues">10</data><data key="numDirects">0</data></node><node id="80363242"><data key="Title">Ranadheer Reddy Moola (MINDTREE LIMITED)</data><data key="hrank">3</data><data key="numCollegues">10</data><data key="numDirects">0</data></node><node id="80709540"><data key="Title">Jayanth Kodakandla (Mindtree Consulting PVT LTD)</data><data key="hrank">3</data><data key="numCollegues">10</data><data key="numDirects">0</data></node><node id="104162502"><data key="Title">Shravan Kumar Shetty (Mindtree Consulting PVT LTD)</data><data key="hrank">3</data><data key="numCollegues">10</data><data key="numDirects">0</data></node><node id="141197797"><data key="Title">Krishna Chaitanya Prasad Vuggam (Mindtree)</data><data key="hrank">3</data><data key="numCollegues">10</data><data key="numDirects">0</data></node><node id="218300148"><data key="Title">Carol Rajala (Mindtree LTD)</data><data key="hrank">3</data><data key="numCollegues">10</data><data key="numDirects">0</data></node><node id="242464157"><data key="Title">Santosh Kumar Adepu (Mindtree Consulting PVT LTD)</data><data key="hrank">3</data><data key="numCollegues">10</data><data key="numDirects">0</data></node><node id="17592457106216"><data key="Title">Sravani Bolloju (Mindtree LTD)</data><data key="hrank">3</data><data key="numCollegues">10</data><data key="numDirects">0</data></node><node id="17592503417962"><data key="Title">Chandrarao Bonu</data><data key="hrank">3</data><data key="numCollegues">10</data><data key="numDirects">0</data></node><node id="149314051"><data key="Title">Sergey Volegov</data><data key="hrank">3</data><data key="numCollegues">8</data><data key="numDirects">0</data></node><node id="149346432"><data key="Title">Uday Unni</data><data key="hrank">3</data><data key="numCollegues">8</data><data key="numDirects">0</data></node><node id="149359572"><data key="Title">Mark Sisley</data><data key="hrank">3</data><data key="numCollegues">8</data><data key="numDirects">0</data></node><node id="149365050"><data key="Title">Sai Prathap Sadasivam</data><data key="hrank">3</data><data key="numCollegues">8</data><data key="numDirects">0</data></node><node id="149367073"><data key="Title">Anurag Bhatia</data><data key="hrank">3</data><data key="numCollegues">8</data><data key="numDirects">0</data></node><node id="149444966"><data key="Title">Derya Susman</data><data key="hrank">3</data><data key="numCollegues">8</data><data key="numDirects">0</data></node><node id="149490294"><data key="Title">Gaoping Zhu</data><data key="hrank">3</data><data key="numCollegues">8</data><data key="numDirects">0</data></node><node id="17592472039353"><data key="Title">Anish Patel</data><data key="hrank">3</data><data key="numCollegues">8</data><data key="numDirects">0</data></node><node id="148884247"><data key="Title">Fred Garcia</data><data key="hrank">2</data><data key="numCollegues">5</data><data key="numDirects">3</data></node><node id="149314692"><data key="Title">Irina Gorbach</data><data key="hrank">2</data><data key="numCollegues">5</data><data key="numDirects">5</data></node><node id="149382088"><data key="Title">Jon Gallant</data><data key="hrank">2</data><data key="numCollegues">5</data><data key="numDirects">17</data></node><node id="149405311"><data key="Title">Tony Bencic</data><data key="hrank">2</data><data key="numCollegues">5</data><data key="numDirects">0</data></node><node id="17592360484015"><data key="Title">Kalavathi Pappuru (MINDTREE LIMITED)</data><data key="hrank">2</data><data key="numCollegues">5</data><data key="numDirects">0</data></node><node id="149330980"><data key="Title">Bashir Souid</data><data key="hrank">3</data><data key="numCollegues">3</data><data key="numDirects">0</data></node><node id="219614112"><data key="Title">Lenny Urbanowski</data><data key="hrank">3</data><data key="numCollegues">3</data><data key="numDirects">0</data></node><node id="321232892"><data key="Title">Jiadong Jin</data><data key="hrank">3</data><data key="numCollegues">3</data><data key="numDirects">0</data></node><node id="84307044"><data key="Title">Pawel Kwiecien</data><data key="hrank">3</data><data key="numCollegues">5</data><data key="numDirects">0</data></node><node id="149300579"><data key="Title">Chandrakumar Bhumireddy</data><data key="hrank">3</data><data key="numCollegues">5</data><data key="numDirects">0</data></node><node id="149384862"><data key="Title">Courtney O'Keefe</data><data key="hrank">3</data><data key="numCollegues">5</data><data key="numDirects">0</data></node><node id="149406086"><data key="Title">Dejun Zhou</data><data key="hrank">3</data><data key="numCollegues">5</data><data key="numDirects">0</data></node><node id="149407101"><data key="Title">Joey Wang</data><data key="hrank">3</data><data key="numCollegues">5</data><data key="numDirects">0</data></node><node id="29313967"><data key="Title">Wesley Yao</data><data key="hrank">3</data><data key="numCollegues">17</data><data key="numDirects">0</data></node><node id="107287106"><data key="Title">Ignat Vilesov (Akvelon)</data><data key="hrank">3</data><data key="numCollegues">17</data><data key="numDirects">0</data></node><node id="107287107"><data key="Title">Aleksei Tkach (Akvelon)</data><data key="hrank">3</data><data key="numCollegues">17</data><data key="numDirects">0</data></node><node id="107461984"><data key="Title">Nikita Grachev (Akvelon)</data><data key="hrank">3</data><data key="numCollegues">17</data><data key="numDirects">0</data></node><node id="148880505"><data key="Title">Russell West</data><data key="hrank">3</data><data key="numCollegues">17</data><data key="numDirects">0</data></node><node id="149332803"><data key="Title">Craig Boucher</data><data key="hrank">3</data><data key="numCollegues">17</data><data key="numDirects">0</data></node><node id="149379237"><data key="Title">Tony Ferrell</data><data key="hrank">3</data><data key="numCollegues">17</data><data key="numDirects">0</data></node><node id="149420430"><data key="Title">John Kurlak</data><data key="hrank">3</data><data key="numCollegues">17</data><data key="numDirects">0</data></node><node id="149432910"><data key="Title">Andy Luong</data><data key="hrank">3</data><data key="numCollegues">17</data><data key="numDirects">0</data></node><node id="149439718"><data key="Title">Will Anderson</data><data key="hrank">3</data><data key="numCollegues">17</data><data key="numDirects">0</data></node><node id="149442513"><data key="Title">Vishnuvardhan Vaidhyanathan</data><data key="hrank">3</data><data key="numCollegues">17</data><data key="numDirects">0</data></node><node id="293461384"><data key="Title">Dmitriy Tarasov (Akvelon)</data><data key="hrank">3</data><data key="numCollegues">17</data><data key="numDirects">0</data></node><node id="313143155"><data key="Title">Kamil Zakiev (Akvelon)</data><data key="hrank">3</data><data key="numCollegues">17</data><data key="numDirects">0</data></node><node id="354005826"><data key="Title">Michael Goldsberry (Akvelon)</data><data key="hrank">3</data><data key="numCollegues">17</data><data key="numDirects">0</data></node><node id="17592414746873"><data key="Title">Denis Kudelin (Akvelon)</data><data key="hrank">3</data><data key="numCollegues">17</data><data key="numDirects">0</data></node><node id="17592486242689"><data key="Title">Sidorenko Mikhail (Akvelon)</data><data key="hrank">3</data><data key="numCollegues">17</data><data key="numDirects">0</data></node><node id="17592501359581"><data key="Title">Dmitry Kurkin (Akvelon)</data><data key="hrank">3</data><data key="numCollegues">17</data><data key="numDirects">0</data></node><node id="-100"><data key="Title">OUTSIDE</data></node>
<edge target="130729631" source="149395997"><data key="weight">1</data></edge>
<edge target="138500389" source="149395997"><data key="weight">1</data></edge>
<edge target="148875125" source="149395997"><data key="weight">1</data></edge>
<edge target="148883889" source="149395997"><data key="weight">1</data></edge>
<edge target="148894701" source="149395997"><data key="weight">1</data></edge>
<edge target="148899584" source="149395997"><data key="weight">1</data></edge>
<edge target="149312231" source="149395997"><data key="weight">1</data></edge>
<edge target="149312613" source="149395997"><data key="weight">1</data></edge>
<edge target="149319224" source="149395997"><data key="weight">1</data></edge>
<edge target="149330710" source="149395997"><data key="weight">1</data></edge>
<edge target="149331793" source="149395997"><data key="weight">1</data></edge>
<edge target="149344314" source="149395997"><data key="weight">1</data></edge>
<edge target="149372812" source="149395997"><data key="weight">1</data></edge>
<edge target="149393701" source="149395997"><data key="weight">1</data></edge>
<edge target="149325422" source="149395997"><data key="weight">0</data></edge>
<edge target="138500366" source="138500389"><data key="weight">1</data></edge>
<edge target="138500390" source="138500389"><data key="weight">1</data></edge>
<edge target="149309030" source="138500389"><data key="weight">1</data></edge>
<edge target="149331553" source="138500389"><data key="weight">1</data></edge>
<edge target="149393890" source="138500389"><data key="weight">1</data></edge>
<edge target="31502939" source="148875125"><data key="weight">1</data></edge>
<edge target="148886704" source="148875125"><data key="weight">1</data></edge>
<edge target="149336575" source="148875125"><data key="weight">1</data></edge>
<edge target="149368334" source="148875125"><data key="weight">1</data></edge>
<edge target="149394061" source="148875125"><data key="weight">1</data></edge>
<edge target="149418005" source="148875125"><data key="weight">1</data></edge>
<edge target="149444663" source="148875125"><data key="weight">1</data></edge>
<edge target="194144064" source="148875125"><data key="weight">1</data></edge>
<edge target="17847274" source="148886704"><data key="weight">1</data></edge>
<edge target="103550087" source="148886704"><data key="weight">1</data></edge>
<edge target="107462001" source="148886704"><data key="weight">1</data></edge>
<edge target="145277603" source="148886704"><data key="weight">1</data></edge>
<edge target="148884817" source="148886704"><data key="weight">1</data></edge>
<edge target="148891163" source="148886704"><data key="weight">1</data></edge>
<edge target="149343296" source="148886704"><data key="weight">1</data></edge>
<edge target="149388175" source="148886704"><data key="weight">1</data></edge>
<edge target="149419209" source="148886704"><data key="weight">1</data></edge>
<edge target="149420818" source="148886704"><data key="weight">1</data></edge>
<edge target="149495056" source="148886704"><data key="weight">1</data></edge>
<edge target="86661831" source="149368334"><data key="weight">1</data></edge>
<edge target="138540056" source="149368334"><data key="weight">1</data></edge>
<edge target="148890950" source="149368334"><data key="weight">1</data></edge>
<edge target="149308627" source="149368334"><data key="weight">1</data></edge>
<edge target="149421008" source="149368334"><data key="weight">1</data></edge>
<edge target="149428327" source="149368334"><data key="weight">1</data></edge>
<edge target="149467121" source="149368334"><data key="weight">1</data></edge>
<edge target="17592261266866" source="149368334"><data key="weight">1</data></edge>
<edge target="149462816" source="149368334"><data key="weight">0</data></edge>
<edge target="28444040" source="149394061"><data key="weight">1</data></edge>
<edge target="92251778" source="149394061"><data key="weight">1</data></edge>
<edge target="148892480" source="149394061"><data key="weight">1</data></edge>
<edge target="149308341" source="149394061"><data key="weight">1</data></edge>
<edge target="149329198" source="149394061"><data key="weight">1</data></edge>
<edge target="149347034" source="149394061"><data key="weight">1</data></edge>
<edge target="149374221" source="149394061"><data key="weight">1</data></edge>
<edge target="149339838" source="148883889"><data key="weight">1</data></edge>
<edge target="149391294" source="148883889"><data key="weight">1</data></edge>
<edge target="9604567" source="148899584"><data key="weight">1</data></edge>
<edge target="11205555" source="148899584"><data key="weight">1</data></edge>
<edge target="18917621" source="148899584"><data key="weight">1</data></edge>
<edge target="22761404" source="148899584"><data key="weight">1</data></edge>
<edge target="34358982" source="148899584"><data key="weight">1</data></edge>
<edge target="107913359" source="148899584"><data key="weight">1</data></edge>
<edge target="120549647" source="148899584"><data key="weight">1</data></edge>
<edge target="138500392" source="148899584"><data key="weight">1</data></edge>
<edge target="148881928" source="148899584"><data key="weight">1</data></edge>
<edge target="148890224" source="148899584"><data key="weight">1</data></edge>
<edge target="149317326" source="148899584"><data key="weight">1</data></edge>
<edge target="149319595" source="148899584"><data key="weight">1</data></edge>
<edge target="149389020" source="148899584"><data key="weight">1</data></edge>
<edge target="149400845" source="148899584"><data key="weight">1</data></edge>
<edge target="149403279" source="148899584"><data key="weight">1</data></edge>
<edge target="149405150" source="148899584"><data key="weight">1</data></edge>
<edge target="181679933" source="148899584"><data key="weight">1</data></edge>
<edge target="201615926" source="148899584"><data key="weight">1</data></edge>
<edge target="251560411" source="148899584"><data key="weight">1</data></edge>
<edge target="285547015" source="148899584"><data key="weight">1</data></edge>
<edge target="315816790" source="148899584"><data key="weight">1</data></edge>
<edge target="59214735" source="138500392"><data key="weight">1</data></edge>
<edge target="111971883" source="138500392"><data key="weight">1</data></edge>
<edge target="111971886" source="138500392"><data key="weight">1</data></edge>
<edge target="138500349" source="138500392"><data key="weight">1</data></edge>
<edge target="138500394" source="138500392"><data key="weight">1</data></edge>
<edge target="17592340208478" source="138500392"><data key="weight">1</data></edge>
<edge target="17592408318632" source="138500392"><data key="weight">1</data></edge>
<edge target="149355739" source="148890224"><data key="weight">1</data></edge>
<edge target="149405416" source="148890224"><data key="weight">1</data></edge>
<edge target="149440218" source="148890224"><data key="weight">1</data></edge>
<edge target="207518570" source="148890224"><data key="weight">1</data></edge>
<edge target="148894137" source="149317326"><data key="weight">1</data></edge>
<edge target="149386980" source="149317326"><data key="weight">1</data></edge>
<edge target="149390308" source="149317326"><data key="weight">1</data></edge>
<edge target="149396923" source="149317326"><data key="weight">1</data></edge>
<edge target="149403225" source="149317326"><data key="weight">1</data></edge>
<edge target="149405286" source="149317326"><data key="weight">1</data></edge>
<edge target="149413067" source="149317326"><data key="weight">1</data></edge>
<edge target="149414582" source="149317326"><data key="weight">1</data></edge>
<edge target="149415931" source="149317326"><data key="weight">1</data></edge>
<edge target="247950728" source="149317326"><data key="weight">1</data></edge>
<edge target="149387189" source="149344314"><data key="weight">1</data></edge>
<edge target="149407613" source="149344314"><data key="weight">1</data></edge>
<edge target="149407748" source="149344314"><data key="weight">1</data></edge>
<edge target="149428369" source="149344314"><data key="weight">1</data></edge>
<edge target="20150993" source="149372812"><data key="weight">1</data></edge>
<edge target="148880181" source="149372812"><data key="weight">1</data></edge>
<edge target="148891381" source="149372812"><data key="weight">1</data></edge>
<edge target="149321282" source="149372812"><data key="weight">1</data></edge>
<edge target="149344017" source="149372812"><data key="weight">1</data></edge>
<edge target="149344973" source="149372812"><data key="weight">1</data></edge>
<edge target="149362580" source="149372812"><data key="weight">1</data></edge>
<edge target="149379853" source="149372812"><data key="weight">1</data></edge>
<edge target="149381490" source="149372812"><data key="weight">1</data></edge>
<edge target="149389291" source="149372812"><data key="weight">1</data></edge>
<edge target="17592378871857" source="149372812"><data key="weight">1</data></edge>
<edge target="17592479761877" source="149372812"><data key="weight">1</data></edge>
<edge target="40778850" source="148880181"><data key="weight">1</data></edge>
<edge target="148882985" source="148880181"><data key="weight">1</data></edge>
<edge target="148893325" source="148880181"><data key="weight">1</data></edge>
<edge target="149343631" source="148880181"><data key="weight">1</data></edge>
<edge target="149386902" source="148880181"><data key="weight">1</data></edge>
<edge target="149401391" source="148880181"><data key="weight">1</data></edge>
<edge target="149417697" source="148880181"><data key="weight">1</data></edge>
<edge target="149446108" source="148880181"><data key="weight">1</data></edge>
<edge target="26287272" source="149321282"><data key="weight">1</data></edge>
<edge target="107935701" source="149321282"><data key="weight">1</data></edge>
<edge target="149457524" source="149321282"><data key="weight">1</data></edge>
<edge target="148881248" source="149344017"><data key="weight">1</data></edge>
<edge target="148881582" source="149344017"><data key="weight">1</data></edge>
<edge target="149319839" source="149344017"><data key="weight">1</data></edge>
<edge target="149322384" source="149344017"><data key="weight">1</data></edge>
<edge target="149323707" source="149344017"><data key="weight">1</data></edge>
<edge target="149333836" source="149344017"><data key="weight">1</data></edge>
<edge target="149356841" source="149344017"><data key="weight">1</data></edge>
<edge target="149360621" source="149344017"><data key="weight">1</data></edge>
<edge target="149379097" source="149344017"><data key="weight">1</data></edge>
<edge target="149391240" source="149344017"><data key="weight">1</data></edge>
<edge target="149394517" source="149344017"><data key="weight">1</data></edge>
<edge target="149394658" source="149344017"><data key="weight">1</data></edge>
<edge target="149412886" source="149344017"><data key="weight">1</data></edge>
<edge target="149434784" source="149344017"><data key="weight">1</data></edge>
<edge target="46190246" source="149344973"><data key="weight">1</data></edge>
<edge target="148877248" source="149344973"><data key="weight">1</data></edge>
<edge target="149379373" source="149344973"><data key="weight">1</data></edge>
<edge target="149400562" source="149344973"><data key="weight">1</data></edge>
<edge target="39726563" source="149362580"><data key="weight">1</data></edge>
<edge target="80363225" source="149362580"><data key="weight">1</data></edge>
<edge target="80363242" source="149362580"><data key="weight">1</data></edge>
<edge target="80709540" source="149362580"><data key="weight">1</data></edge>
<edge target="104162502" source="149362580"><data key="weight">1</data></edge>
<edge target="141197797" source="149362580"><data key="weight">1</data></edge>
<edge target="218300148" source="149362580"><data key="weight">1</data></edge>
<edge target="242464157" source="149362580"><data key="weight">1</data></edge>
<edge target="17592457106216" source="149362580"><data key="weight">1</data></edge>
<edge target="17592503417962" source="149362580"><data key="weight">1</data></edge>
<edge target="149314051" source="149389291"><data key="weight">1</data></edge>
<edge target="149346432" source="149389291"><data key="weight">1</data></edge>
<edge target="149359572" source="149389291"><data key="weight">1</data></edge>
<edge target="149365050" source="149389291"><data key="weight">1</data></edge>
<edge target="149367073" source="149389291"><data key="weight">1</data></edge>
<edge target="149444966" source="149389291"><data key="weight">1</data></edge>
<edge target="149490294" source="149389291"><data key="weight">1</data></edge>
<edge target="17592472039353" source="149389291"><data key="weight">1</data></edge>
<edge target="148884247" source="149393701"><data key="weight">1</data></edge>
<edge target="149314692" source="149393701"><data key="weight">1</data></edge>
<edge target="149382088" source="149393701"><data key="weight">1</data></edge>
<edge target="149405311" source="149393701"><data key="weight">1</data></edge>
<edge target="17592360484015" source="149393701"><data key="weight">1</data></edge>
<edge target="149330980" source="148884247"><data key="weight">1</data></edge>
<edge target="219614112" source="148884247"><data key="weight">1</data></edge>
<edge target="321232892" source="148884247"><data key="weight">1</data></edge>
<edge target="84307044" source="149314692"><data key="weight">1</data></edge>
<edge target="149300579" source="149314692"><data key="weight">1</data></edge>
<edge target="149384862" source="149314692"><data key="weight">1</data></edge>
<edge target="149406086" source="149314692"><data key="weight">1</data></edge>
<edge target="149407101" source="149314692"><data key="weight">1</data></edge>
<edge target="29313967" source="149382088"><data key="weight">1</data></edge>
<edge target="107287106" source="149382088"><data key="weight">1</data></edge>
<edge target="107287107" source="149382088"><data key="weight">1</data></edge>
<edge target="107461984" source="149382088"><data key="weight">1</data></edge>
<edge target="148880505" source="149382088"><data key="weight">1</data></edge>
<edge target="149332803" source="149382088"><data key="weight">1</data></edge>
<edge target="149379237" source="149382088"><data key="weight">1</data></edge>
<edge target="149420430" source="149382088"><data key="weight">1</data></edge>
<edge target="149432910" source="149382088"><data key="weight">1</data></edge>
<edge target="149439718" source="149382088"><data key="weight">1</data></edge>
<edge target="149442513" source="149382088"><data key="weight">1</data></edge>
<edge target="293461384" source="149382088"><data key="weight">1</data></edge>
<edge target="313143155" source="149382088"><data key="weight">1</data></edge>
<edge target="354005826" source="149382088"><data key="weight">1</data></edge>
<edge target="17592414746873" source="149382088"><data key="weight">1</data></edge>
<edge target="17592486242689" source="149382088"><data key="weight">1</data></edge>
<edge target="17592501359581" source="149382088"><data key="weight">1</data></edge></graph></graphml>