<?xml version="1.0" encoding="UTF-8"?>
<graphml xmlns="http://graphml.graphdrawing.org/xmlns"
         xmlns:xsi="http://www.w3.org/2001/XMLSchema-instance"
         xsi:schemaLocation="http://graphml.graphdrawing.org/xmlns
         http://graphml.graphdrawing.org/xmlns/1.0/graphml.xsd">
<!-- Created by igraph -->
  <key id="v_Title" for="node" attr.name="Title" attr.type="string"/>
  <key id="v_hrank" for="node" attr.name="hrank" attr.type="double"/>
  <key id="v_numDirects" for="node" attr.name="numDirects" attr.type="double"/>
  <key id="v_numCollegues" for="node" attr.name="numCollegues" attr.type="double"/>
  <key id="v_id" for="node" attr.name="id" attr.type="string"/>
  <key id="e_weight" for="edge" attr.name="weight" attr.type="double"/>
  <graph id="G" edgedefault="directed">
    <node id="n0">
      <data key="v_Title">Charles Lamanna</data>
      <data key="v_hrank">0</data>
      <data key="v_numDirects">6</data>
      <data key="v_numCollegues">0</data>
      <data key="v_id">148891070</data>
    </node>
    <node id="n1">
      <data key="v_Title">Vinay Singh</data>
      <data key="v_hrank">1</data>
      <data key="v_numDirects">6</data>
      <data key="v_numCollegues">6</data>
      <data key="v_id">148880381</data>
    </node>
    <node id="n2">
      <data key="v_Title">Ilya Grebnov</data>
      <data key="v_hrank">1</data>
      <data key="v_numDirects">0</data>
      <data key="v_numCollegues">6</data>
      <data key="v_id">149311538</data>
    </node>
    <node id="n3">
      <data key="v_Title">Joe Clancy</data>
      <data key="v_hrank">1</data>
      <data key="v_numDirects">0</data>
      <data key="v_numCollegues">6</data>
      <data key="v_id">149321302</data>
    </node>
    <node id="n4">
      <data key="v_Title">B. Shyamsundar</data>
      <data key="v_hrank">1</data>
      <data key="v_numDirects">10</data>
      <data key="v_numCollegues">6</data>
      <data key="v_id">149337208</data>
    </node>
    <node id="n5">
      <data key="v_Title">Raj Rangarajan</data>
      <data key="v_hrank">1</data>
      <data key="v_numDirects">8</data>
      <data key="v_numCollegues">6</data>
      <data key="v_id">149359973</data>
    </node>
    <node id="n6">
      <data key="v_Title">Sanjiv Gupta</data>
      <data key="v_hrank">1</data>
      <data key="v_numDirects">15</data>
      <data key="v_numCollegues">6</data>
      <data key="v_id">149392334</data>
    </node>
    <node id="n7">
      <data key="v_Title">Max Shao</data>
      <data key="v_hrank">2</data>
      <data key="v_numDirects">0</data>
      <data key="v_numCollegues">6</data>
      <data key="v_id">101221358</data>
    </node>
    <node id="n8">
      <data key="v_Title">Sornakumar Sundararajan</data>
      <data key="v_hrank">2</data>
      <data key="v_numDirects">0</data>
      <data key="v_numCollegues">6</data>
      <data key="v_id">149303784</data>
    </node>
    <node id="n9">
      <data key="v_Title">David Burg</data>
      <data key="v_hrank">2</data>
      <data key="v_numDirects">1</data>
      <data key="v_numCollegues">6</data>
      <data key="v_id">149385388</data>
    </node>
    <node id="n10">
      <data key="v_Title">Arun Kumar Singh (AZURE)</data>
      <data key="v_hrank">2</data>
      <data key="v_numDirects">0</data>
      <data key="v_numCollegues">6</data>
      <data key="v_id">149420887</data>
    </node>
    <node id="n11">
      <data key="v_Title">Rama Krishna Rayudu</data>
      <data key="v_hrank">2</data>
      <data key="v_numDirects">0</data>
      <data key="v_numCollegues">6</data>
      <data key="v_id">149431854</data>
    </node>
    <node id="n12">
      <data key="v_Title">Preetham Vinod</data>
      <data key="v_hrank">2</data>
      <data key="v_numDirects">0</data>
      <data key="v_numCollegues">6</data>
      <data key="v_id">149443523</data>
    </node>
    <node id="n13">
      <data key="v_Title">James Posey (Insight Global)</data>
      <data key="v_hrank">3</data>
      <data key="v_numDirects">0</data>
      <data key="v_numCollegues">1</data>
      <data key="v_id">17592269868877</data>
    </node>
    <node id="n14">
      <data key="v_Title">Rachel Macfarlane</data>
      <data key="v_hrank">2</data>
      <data key="v_numDirects">0</data>
      <data key="v_numCollegues">10</data>
      <data key="v_id">36616284</data>
    </node>
    <node id="n15">
      <data key="v_Title">Sumanan Jeyabalasingam</data>
      <data key="v_hrank">2</data>
      <data key="v_numDirects">0</data>
      <data key="v_numCollegues">10</data>
      <data key="v_id">148897371</data>
    </node>
    <node id="n16">
      <data key="v_Title">Pingjiang Wang</data>
      <data key="v_hrank">2</data>
      <data key="v_numDirects">0</data>
      <data key="v_numCollegues">10</data>
      <data key="v_id">149329357</data>
    </node>
    <node id="n17">
      <data key="v_Title">Rohitha Hewawasam</data>
      <data key="v_hrank">2</data>
      <data key="v_numDirects">0</data>
      <data key="v_numCollegues">10</data>
      <data key="v_id">149330391</data>
    </node>
    <node id="n18">
      <data key="v_Title">Lakshmi Akkiraju</data>
      <data key="v_hrank">2</data>
      <data key="v_numDirects">0</data>
      <data key="v_numCollegues">10</data>
      <data key="v_id">149338005</data>
    </node>
    <node id="n19">
      <data key="v_Title">Priti Sambandam</data>
      <data key="v_hrank">2</data>
      <data key="v_numDirects">0</data>
      <data key="v_numCollegues">10</data>
      <data key="v_id">149379814</data>
    </node>
    <node id="n20">
      <data key="v_Title">John Wang (AUX)</data>
      <data key="v_hrank">2</data>
      <data key="v_numDirects">0</data>
      <data key="v_numCollegues">10</data>
      <data key="v_id">149400662</data>
    </node>
    <node id="n21">
      <data key="v_Title">Szymon Wylezol</data>
      <data key="v_hrank">2</data>
      <data key="v_numDirects">0</data>
      <data key="v_numCollegues">10</data>
      <data key="v_id">149407151</data>
    </node>
    <node id="n22">
      <data key="v_Title">Prateek Sharma</data>
      <data key="v_hrank">2</data>
      <data key="v_numDirects">0</data>
      <data key="v_numCollegues">10</data>
      <data key="v_id">149408502</data>
    </node>
    <node id="n23">
      <data key="v_Title">Mitren Chinoy</data>
      <data key="v_hrank">2</data>
      <data key="v_numDirects">0</data>
      <data key="v_numCollegues">10</data>
      <data key="v_id">149475705</data>
    </node>
    <node id="n24">
      <data key="v_Title">Kartik Rao Polepalli</data>
      <data key="v_hrank">2</data>
      <data key="v_numDirects">0</data>
      <data key="v_numCollegues">8</data>
      <data key="v_id">148886528</data>
    </node>
    <node id="n25">
      <data key="v_Title">André Rodrigues</data>
      <data key="v_hrank">2</data>
      <data key="v_numDirects">0</data>
      <data key="v_numCollegues">8</data>
      <data key="v_id">148887658</data>
    </node>
    <node id="n26">
      <data key="v_Title">Jose Miguel Arreola Gutierrez</data>
      <data key="v_hrank">2</data>
      <data key="v_numDirects">0</data>
      <data key="v_numCollegues">8</data>
      <data key="v_id">149307153</data>
    </node>
    <node id="n27">
      <data key="v_Title">Ashwin Sathya Raghunathan</data>
      <data key="v_hrank">2</data>
      <data key="v_numDirects">0</data>
      <data key="v_numCollegues">8</data>
      <data key="v_id">149313503</data>
    </node>
    <node id="n28">
      <data key="v_Title">Samuel Banina</data>
      <data key="v_hrank">2</data>
      <data key="v_numDirects">0</data>
      <data key="v_numCollegues">8</data>
      <data key="v_id">149335740</data>
    </node>
    <node id="n29">
      <data key="v_Title">Srinivas Pushkar Ravipati</data>
      <data key="v_hrank">2</data>
      <data key="v_numDirects">0</data>
      <data key="v_numCollegues">8</data>
      <data key="v_id">149415275</data>
    </node>
    <node id="n30">
      <data key="v_Title">Lalit Chourey</data>
      <data key="v_hrank">2</data>
      <data key="v_numDirects">0</data>
      <data key="v_numCollegues">8</data>
      <data key="v_id">149416648</data>
    </node>
    <node id="n31">
      <data key="v_Title">Prabir Shrestha</data>
      <data key="v_hrank">2</data>
      <data key="v_numDirects">0</data>
      <data key="v_numCollegues">8</data>
      <data key="v_id">231494235</data>
    </node>
    <node id="n32">
      <data key="v_Title">Rocky Shi (Wu Xi Wen Si Hai Hui Xin Xi Ji)</data>
      <data key="v_hrank">2</data>
      <data key="v_numDirects">0</data>
      <data key="v_numCollegues">15</data>
      <data key="v_id">107747799</data>
    </node>
    <node id="n33">
      <data key="v_Title">Parikshit Gupta</data>
      <data key="v_hrank">2</data>
      <data key="v_numDirects">0</data>
      <data key="v_numCollegues">15</data>
      <data key="v_id">148899628</data>
    </node>
    <node id="n34">
      <data key="v_Title">Jinhuan Bao (Pactera)</data>
      <data key="v_hrank">2</data>
      <data key="v_numDirects">0</data>
      <data key="v_numCollegues">15</data>
      <data key="v_id">149300921</data>
    </node>
    <node id="n35">
      <data key="v_Title">Yue Zhang (Pactera)</data>
      <data key="v_hrank">2</data>
      <data key="v_numDirects">0</data>
      <data key="v_numCollegues">15</data>
      <data key="v_id">149303419</data>
    </node>
    <node id="n36">
      <data key="v_Title">Wayne King</data>
      <data key="v_hrank">2</data>
      <data key="v_numDirects">0</data>
      <data key="v_numCollegues">15</data>
      <data key="v_id">149348875</data>
    </node>
    <node id="n37">
      <data key="v_Title">Pravakar Garnayak</data>
      <data key="v_hrank">2</data>
      <data key="v_numDirects">0</data>
      <data key="v_numCollegues">15</data>
      <data key="v_id">149359764</data>
    </node>
    <node id="n38">
      <data key="v_Title">Pavan G (Tech Mahindra Ltd)</data>
      <data key="v_hrank">2</data>
      <data key="v_numDirects">0</data>
      <data key="v_numCollegues">15</data>
      <data key="v_id">149363096</data>
    </node>
    <node id="n39">
      <data key="v_Title">Praveen Srivastava</data>
      <data key="v_hrank">2</data>
      <data key="v_numDirects">0</data>
      <data key="v_numCollegues">15</data>
      <data key="v_id">149372614</data>
    </node>
    <node id="n40">
      <data key="v_Title">Neha Gupta</data>
      <data key="v_hrank">2</data>
      <data key="v_numDirects">0</data>
      <data key="v_numCollegues">15</data>
      <data key="v_id">149377214</data>
    </node>
    <node id="n41">
      <data key="v_Title">Eldon Cornelio</data>
      <data key="v_hrank">2</data>
      <data key="v_numDirects">0</data>
      <data key="v_numCollegues">15</data>
      <data key="v_id">149439750</data>
    </node>
    <node id="n42">
      <data key="v_Title">Anuja Brabaharan</data>
      <data key="v_hrank">2</data>
      <data key="v_numDirects">0</data>
      <data key="v_numCollegues">15</data>
      <data key="v_id">149439907</data>
    </node>
    <node id="n43">
      <data key="v_Title">Rishi Barua</data>
      <data key="v_hrank">2</data>
      <data key="v_numDirects">0</data>
      <data key="v_numCollegues">15</data>
      <data key="v_id">149445243</data>
    </node>
    <node id="n44">
      <data key="v_Title">Xinzhu Chen (Pactera)</data>
      <data key="v_hrank">2</data>
      <data key="v_numDirects">0</data>
      <data key="v_numCollegues">15</data>
      <data key="v_id">149450038</data>
    </node>
    <node id="n45">
      <data key="v_Title">Elvis Shi</data>
      <data key="v_hrank">2</data>
      <data key="v_numDirects">0</data>
      <data key="v_numCollegues">15</data>
      <data key="v_id">191556044</data>
    </node>
    <node id="n46">
      <data key="v_Title">Yihui Wang</data>
      <data key="v_hrank">2</data>
      <data key="v_numDirects">0</data>
      <data key="v_numCollegues">15</data>
      <data key="v_id">240148476</data>
    </node>
    <node id="n47">
      <data key="v_Title">OUTSIDE</data>
      <data key="v_hrank">0</data>
      <data key="v_numDirects">0</data>
      <data key="v_numCollegues">0</data>
      <data key="v_id">-100</data>
    </node>
    <edge source="n0" target="n1">
      <data key="e_weight">1</data>
    </edge>
    <edge source="n0" target="n2">
      <data key="e_weight">1</data>
    </edge>
    <edge source="n0" target="n3">
      <data key="e_weight">1</data>
    </edge>
    <edge source="n0" target="n4">
      <data key="e_weight">1</data>
    </edge>
    <edge source="n0" target="n5">
      <data key="e_weight">1</data>
    </edge>
    <edge source="n0" target="n6">
      <data key="e_weight">1</data>
    </edge>
    <edge source="n1" target="n7">
      <data key="e_weight">1</data>
    </edge>
    <edge source="n1" target="n8">
      <data key="e_weight">1</data>
    </edge>
    <edge source="n1" target="n9">
      <data key="e_weight">1</data>
    </edge>
    <edge source="n1" target="n10">
      <data key="e_weight">1</data>
    </edge>
    <edge source="n1" target="n11">
      <data key="e_weight">1</data>
    </edge>
    <edge source="n1" target="n12">
      <data key="e_weight">1</data>
    </edge>
    <edge source="n4" target="n14">
      <data key="e_weight">1</data>
    </edge>
    <edge source="n4" target="n15">
      <data key="e_weight">1</data>
    </edge>
    <edge source="n4" target="n16">
      <data key="e_weight">1</data>
    </edge>
    <edge source="n4" target="n17">
      <data key="e_weight">1</data>
    </edge>
    <edge source="n4" target="n18">
      <data key="e_weight">1</data>
    </edge>
    <edge source="n4" target="n19">
      <data key="e_weight">1</data>
    </edge>
    <edge source="n4" target="n20">
      <data key="e_weight">1</data>
    </edge>
    <edge source="n4" target="n21">
      <data key="e_weight">1</data>
    </edge>
    <edge source="n4" target="n22">
      <data key="e_weight">1</data>
    </edge>
    <edge source="n4" target="n23">
      <data key="e_weight">1</data>
    </edge>
    <edge source="n5" target="n24">
      <data key="e_weight">1</data>
    </edge>
    <edge source="n5" target="n25">
      <data key="e_weight">1</data>
    </edge>
    <edge source="n5" target="n26">
      <data key="e_weight">1</data>
    </edge>
    <edge source="n5" target="n27">
      <data key="e_weight">1</data>
    </edge>
    <edge source="n5" target="n28">
      <data key="e_weight">1</data>
    </edge>
    <edge source="n5" target="n29">
      <data key="e_weight">1</data>
    </edge>
    <edge source="n5" target="n30">
      <data key="e_weight">1</data>
    </edge>
    <edge source="n5" target="n31">
      <data key="e_weight">1</data>
    </edge>
    <edge source="n6" target="n32">
      <data key="e_weight">1</data>
    </edge>
    <edge source="n6" target="n33">
      <data key="e_weight">1</data>
    </edge>
    <edge source="n6" target="n34">
      <data key="e_weight">1</data>
    </edge>
    <edge source="n6" target="n35">
      <data key="e_weight">1</data>
    </edge>
    <edge source="n6" target="n36">
      <data key="e_weight">1</data>
    </edge>
    <edge source="n6" target="n37">
      <data key="e_weight">1</data>
    </edge>
    <edge source="n6" target="n38">
      <data key="e_weight">1</data>
    </edge>
    <edge source="n6" target="n39">
      <data key="e_weight">1</data>
    </edge>
    <edge source="n6" target="n40">
      <data key="e_weight">1</data>
    </edge>
    <edge source="n6" target="n41">
      <data key="e_weight">1</data>
    </edge>
    <edge source="n6" target="n42">
      <data key="e_weight">1</data>
    </edge>
    <edge source="n6" target="n43">
      <data key="e_weight">1</data>
    </edge>
    <edge source="n6" target="n44">
      <data key="e_weight">1</data>
    </edge>
    <edge source="n6" target="n45">
      <data key="e_weight">1</data>
    </edge>
    <edge source="n6" target="n46">
      <data key="e_weight">1</data>
    </edge>
    <edge source="n9" target="n13">
      <data key="e_weight">1</data>
    </edge>
  </graph>
</graphml>
