<?xml version="1.0" encoding="UTF-8"?>
<graphml xmlns="http://graphml.graphdrawing.org/xmlns"
         xmlns:xsi="http://www.w3.org/2001/XMLSchema-instance"
         xsi:schemaLocation="http://graphml.graphdrawing.org/xmlns
         http://graphml.graphdrawing.org/xmlns/1.0/graphml.xsd">
<!-- Created by igraph -->
  <key id="v_Title" for="node" attr.name="Title" attr.type="string"/>
  <key id="v_hrank" for="node" attr.name="hrank" attr.type="double"/>
  <key id="v_numDirects" for="node" attr.name="numDirects" attr.type="double"/>
  <key id="v_numCollegues" for="node" attr.name="numCollegues" attr.type="double"/>
  <key id="v_RecentlyModifiedCount" for="node" attr.name="RecentlyModifiedCount" attr.type="double"/>
  <key id="v_ModifiedTitles" for="node" attr.name="ModifiedTitles" attr.type="string"/>
  <key id="v_TrendingTitles" for="node" attr.name="TrendingTitles" attr.type="string"/>
  <key id="v_id" for="node" attr.name="id" attr.type="string"/>
  <key id="e_weight" for="edge" attr.name="weight" attr.type="double"/>
  <graph id="G" edgedefault="undirected">
    <node id="n0">
      <data key="v_Title">Charles Lamanna</data>
      <data key="v_hrank">0</data>
      <data key="v_numDirects">6</data>
      <data key="v_numCollegues">0</data>
      <data key="v_RecentlyModifiedCount">10</data>
      <data key="v_ModifiedTitles"> ; Data and Analytics ; Pillar Review Template ; FINAL Logic Apps Customer SLA - April 2016 ; Process Pro SLA - Feb 11 2016 ; Power BI PaaS ; DRAFT Process Pro Customer SLA - March 18 2016 ; Pillar Review Template ; Pillar Review Template ; Customer Oriented SLA - April 2016 ; Logic Apps Product Review March 2016</data>
      <data key="v_TrendingTitles"> ; OneNote_DeletedPages ; Flow | Functions | Logic Apps BizTalk Server | MABS ; Azure Service Health Review ; AzureSHR_Apr2016 - Security.pptx ; Azure Service Health Review ; Pillar Review Template ; C+E Security Fundamental Review 5/11/2016   ; Logic Apps Product Review March 2016 ; CPlat-DrewMadhanGeorge-Yunus-May2016-DCRs ; Azure Monitoring Service - Checkpoint - March 2016 ; Enterprise Integration Pack Developer Documentation ; Microsoft Flow Customer Facing Presentation ; Blogpost - Create app from template ; App Plat Engineering Team Coding Style Rules ; PowerApps Product Review ; BizTalk Workload - 042916 Draft ; Customer Oriented SLA - April 2016 ; Customer Oriented SLA April 2016 Data for May Reviews ; Shoebox v2 Onboarding Document ; Blog_post - App from Data</data>
      <data key="v_id">148891070</data>
    </node>
    <node id="n1">
      <data key="v_Title">Vinay Singh</data>
      <data key="v_hrank">1</data>
      <data key="v_numDirects">6</data>
      <data key="v_numCollegues">6</data>
      <data key="v_RecentlyModifiedCount">10</data>
      <data key="v_ModifiedTitles"> ; Bug bash ; Integration Platform - XSLT ; Enterprise Integration Pack Developer Documentation ; Integration Platform - XML Validate ; Integration Platform - Management ; Integration Platform - Tracking ; Integration Platform - B2B Runtime ; Planning ; App Plat Engineering Team Coding Style Rules ; Flat File Encode Action scenario and high level design</data>
      <data key="v_TrendingTitles"> ; Flow | Functions | Logic Apps BizTalk Server | MABS ; Deployment ; MVP ; Dev ; App Plat Engineering Team Coding Style Rules ; Enterprise Integration Pack Developer Documentation ; OneNote_DeletedPages ; BizTalk API Engineering Manual ; Pillar Review Template ; On-Call ; Logic Apps Product Review March 2016 ; BizTalk Workload - 042916 Draft ; Microsoft confidential ; Flat File Encode Action scenario and high level design ; FINAL Logic Apps Customer SLA - April 2016 ; Allison Supportability Weekly FDR Report-May2 ; ProcSiSharePointBlogPost ; Microsoft Flow Customer Facing Presentation ; Integration Platform - Tracking ; PowerApps-SharePoint Integration</data>
      <data key="v_id">148880381</data>
    </node>
    <node id="n2">
      <data key="v_Title">Ilya Grebnov</data>
      <data key="v_hrank">1</data>
      <data key="v_numDirects">0</data>
      <data key="v_numCollegues">6</data>
      <data key="v_RecentlyModifiedCount">2</data>
      <data key="v_ModifiedTitles"> ; App Plat Engineering Team Coding Style Rules ; Planning</data>
      <data key="v_TrendingTitles"> ; OneNote_DeletedPages ; Pillar Review Template ; Azure Monitoring Service - Checkpoint - March 2016 ; Flow | Functions | Logic Apps BizTalk Server | MABS ; Planning ; Azure Monitoring in Argon and StackDriver ; Framework Storage Access Patterns ; No Job Restarting for No Good Reason ; Microsoft Flow Customer Facing Presentation ; Shoebox v2 Onboarding Document ; CPlat-DrewMadhanGeorge-Yunus-May2016-DCRs ; FINAL Logic Apps Customer SLA - April 2016 ; Azure SQL Database    ; Cloud Solution Provider program ; Logic Apps Product Review March 2016 ; PowerApps Product Review ; Asynchronous Subscription Metadata Replication ; Notification Manager Service Onboarding document ; App Plat Engineering Team Coding Style Rules ; MDM Insights Integration - One Pager</data>
      <data key="v_id">149311538</data>
    </node>
    <node id="n3">
      <data key="v_Title">Joe Clancy</data>
      <data key="v_hrank">1</data>
      <data key="v_numDirects">0</data>
      <data key="v_numCollegues">6</data>
      <data key="v_RecentlyModifiedCount">4</data>
      <data key="v_ModifiedTitles"> ; Pillar Review Template ; Diagnostics ; Planning ; OneNote_DeletedPages</data>
      <data key="v_TrendingTitles"> ; OneNote_DeletedPages ; Extension Developers Help ; Azure Monitoring Service - Checkpoint - March 2016 ; Routes-Acls ; Azure Monitoring in Argon and StackDriver ; Planning ; Engineering ; CPlat-DrewMadhanGeorge-Yunus-May2016-DCRs ; Shoebox v2 Onboarding Document ; PII Cert Rotation Plan ; FINAL Logic Apps Customer SLA - April 2016 ; Notification Manager Service Onboarding document ; DELETE THIS SLIDE ; Pillar Review Template ; Using PIN with Passport for Work to Access Work Resources ; MDM Insights Integration - One Pager ; 1P 58704 PIM CSP ; Azure Insights - browbag.pptx ; PartnerSubscriptions ; IaaS Pillar Review</data>
      <data key="v_id">149321302</data>
    </node>
    <node id="n4">
      <data key="v_Title">B. Shyamsundar</data>
      <data key="v_hrank">1</data>
      <data key="v_numDirects">10</data>
      <data key="v_numCollegues">6</data>
      <data key="v_RecentlyModifiedCount">2</data>
      <data key="v_ModifiedTitles"> ; Planning ; OneNote_DeletedPages</data>
      <data key="v_TrendingTitles"> ; OneNote_DeletedPages ; Flow | Functions | Logic Apps BizTalk Server | MABS ; Pillar Review Template ; OneNote_DeletedPages ; Enterprise Integration Pack Developer Documentation ; App Plat Engineering Team Coding Style Rules ; PA.Com ; Power Apps Test ; Logic Apps Product Review March 2016 ; Control Flow Schema ; Lab 4 - EMS_DeviceManagement_Intune_CM2012R2_Introduction_AppDeployment ; Module 1 - EMS_DeviceManagement_Intune_CM_Introduction.pptx ; Validating POP Requirements ; BizTalk API Engineering Manual ; Microsoft Flow Customer Facing Presentation ; Flat File Encode Action scenario and high level design ; FINAL Logic Apps Customer SLA - April 2016 ; Azure Monitoring Service - Checkpoint - March 2016 ; Cinnamon Flows ; PowerApps RP API Spec</data>
      <data key="v_id">149337208</data>
    </node>
    <node id="n5">
      <data key="v_Title">Raj Rangarajan</data>
      <data key="v_hrank">1</data>
      <data key="v_numDirects">8</data>
      <data key="v_numCollegues">6</data>
      <data key="v_RecentlyModifiedCount">7</data>
      <data key="v_ModifiedTitles"> ; Deployments ; PA.Com ; Test ; Patent Notes ; PowerApps RP ; OneNote_DeletedPages ; Power Apps Test</data>
      <data key="v_TrendingTitles"> ; OneNote_DeletedPages ; Designs ; PA.Com ; PowerApps RP API Spec ; Blogpost - Create app from template ; Pillar Review Template ; XR - Save and Publish ; App Plat Engineering Team Coding Style Rules ; Microsoft Flow Customer Facing Presentation ; Flow | Functions | Logic Apps BizTalk Server | MABS ; API Hub Resource Provider API  V2 ; April docs ; SQL BI ; FINAL Logic Apps Customer SLA - April 2016 ; PowerApps Product Review ; PowerAppsGatewayExperience ; Studio Improvements ; Blog_post - PowerApps Public Preview ; Flat File Encode Action scenario and high level design ; SQL BI</data>
      <data key="v_id">149359973</data>
    </node>
    <node id="n6">
      <data key="v_Title">Sanjiv Gupta</data>
      <data key="v_hrank">1</data>
      <data key="v_numDirects">15</data>
      <data key="v_numCollegues">6</data>
      <data key="v_RecentlyModifiedCount">2</data>
      <data key="v_ModifiedTitles"> ; Test Exe Infra ; Perf Stress</data>
      <data key="v_TrendingTitles"> ; Enterprise Integration Pack Developer Documentation ; Flow | Functions | Logic Apps BizTalk Server | MABS ; Pillar Review Template ; BizTalk API Engineering Manual ; Logic Apps Product Review March 2016 ; Allison Supportability Weekly FDR Report-May2 ; App Plat Engineering Team Coding Style Rules ; FINAL Logic Apps Customer SLA - April 2016 ; Flat File Encode Action scenario and high level design ; Stakeholder Launch Kit_Host Integration Server 2016_FY16 ; 41769 ; BizTalk Workload - 042916 Draft ; Allison Supportability Weekly FDR Report-April29 ; Power BI PaaS ; Pillar Review Template ; Logic Apps Product Review March 2016 ; BAPI Product Review Template ; Microsoft confidential ; Pillar Review Template ; ProDev one pager-May</data>
      <data key="v_id">149392334</data>
    </node>
    <node id="n7">
      <data key="v_Title">Max Shao</data>
      <data key="v_hrank">2</data>
      <data key="v_numDirects">0</data>
      <data key="v_numCollegues">6</data>
      <data key="v_RecentlyModifiedCount">4</data>
      <data key="v_ModifiedTitles"> ; Dev ; Deployment ; On-Call ; MVP</data>
      <data key="v_TrendingTitles"> ; Deployment ; MVP ; Dev ; On-Call ; App Plat Engineering Team Coding Style Rules ; Enterprise Integration Pack Developer Documentation ; BizTalk API Engineering Manual ; OneNote_DeletedPages ; Flow | Functions | Logic Apps BizTalk Server | MABS ; Pillar Review Template ; API Hub Resource Provider API  V2 ; Flat File Encode Action scenario and high level design ; FINAL Logic Apps Customer SLA - April 2016 ; Integration Platform - Tracking ; PowerAppsGatewayExperience ; Microsoft Flow Customer Facing Presentation ; PASS BAC 2016 - Power BI Desktop Deep Dive ; PowerApps Product Review ; Logic Apps Product Review March 2016 ; PASS BAC 2016 - Empowering the Business Analyst using PQ and PP in Excel 2016</data>
      <data key="v_id">101221358</data>
    </node>
    <node id="n8">
      <data key="v_Title">Sornakumar Sundararajan</data>
      <data key="v_hrank">2</data>
      <data key="v_numDirects">0</data>
      <data key="v_numCollegues">6</data>
      <data key="v_RecentlyModifiedCount">2</data>
      <data key="v_ModifiedTitles"> ; MVP ; Bug bash</data>
      <data key="v_TrendingTitles"> ; OneNote_DeletedPages ; Enterprise Integration Pack Developer Documentation ; Environments ; Dev ; App Plat Engineering Team Coding Style Rules ; BizTalk API Engineering Manual ; MVP ; Engineering ; Pillar Review Template ; Flow | Functions | Logic Apps BizTalk Server | MABS ; Flat File Encode Action scenario and high level design ; Azure Monitoring Service - Checkpoint - March 2016 ; FINAL Logic Apps Customer SLA - April 2016 ; Framework Storage Access Patterns ; No Job Restarting for No Good Reason ; API Hub Resource Provider API  V2 ; MicrosoftCloudSecurity_CitiGroup-DataProtectionFocused.pptx ; Shoebox v2 Onboarding Document ; CPlat-DrewMadhanGeorge-Yunus-May2016-DCRs ; Cloud Services - Usage Schema</data>
      <data key="v_id">149303784</data>
    </node>
    <node id="n9">
      <data key="v_Title">David Burg</data>
      <data key="v_hrank">2</data>
      <data key="v_numDirects">1</data>
      <data key="v_numCollegues">6</data>
      <data key="v_RecentlyModifiedCount">10</data>
      <data key="v_ModifiedTitles"> ; BizTalk API Engineering Manual ; Flat File Encode Action scenario and high level design ; Development ; Deployment ; App Plat Engineering Team Coding Style Rules ; Development ; Bug bash ; Test ; Docs ; Integration Platform - Architecture</data>
      <data key="v_TrendingTitles"> ; Flow | Functions | Logic Apps BizTalk Server | MABS ; Enterprise Integration Pack Developer Documentation ; App Plat Engineering Team Coding Style Rules ; Pillar Review Template ; Bug bash ; OneNote_DeletedPages ; BizTalk API Engineering Manual ; Logic Apps Product Review March 2016 ; Control Flow Schema ; OneNote_DeletedPages ; V2 E2E ; Azure Services ; EPS Asset List 2016 ; Slide 1 ; FINAL Logic Apps Customer SLA - April 2016 ; Blogpost - Create app from template ; Agile 101_Sept_FINAL ; HR Engineering All Hands - May 2016 ; BizTalk Workload - 042916 Draft ; People &amp; Culture</data>
      <data key="v_id">149385388</data>
    </node>
    <node id="n10">
      <data key="v_Title">Arun Kumar Singh (AZURE)</data>
      <data key="v_hrank">2</data>
      <data key="v_numDirects">0</data>
      <data key="v_numCollegues">6</data>
      <data key="v_RecentlyModifiedCount">5</data>
      <data key="v_ModifiedTitles"> ; Integration Platform - Management ; MVP ; Integration Platform - B2B Runtime ; Planning ; Bug bash</data>
      <data key="v_TrendingTitles"> ; MVP ; Dev ; Deployment ; Enterprise Integration Pack Developer Documentation ; Flow | Functions | Logic Apps BizTalk Server | MABS ; BizTalk API Engineering Manual ; App Plat Engineering Team Coding Style Rules ; Environments ; On-Call ; Pillar Review Template ; API Hub Resource Provider API  V2 ; Microsoft confidential ; Logic Apps Product Review March 2016 ; Flat File Encode Action scenario and high level design ; FINAL Logic Apps Customer SLA - April 2016 ; Integration Platform - Tracking ; ARM Api Validation.pptx ; NMS UX.Draft.pptx ; PowerAppsGatewayExperience ; Blogpost - Create app from template</data>
      <data key="v_id">149420887</data>
    </node>
    <node id="n11">
      <data key="v_Title">Rama Krishna Rayudu</data>
      <data key="v_hrank">2</data>
      <data key="v_numDirects">0</data>
      <data key="v_numCollegues">6</data>
      <data key="v_RecentlyModifiedCount">8</data>
      <data key="v_ModifiedTitles"> ; Planning ; MVP ; Bug bash ; Integration Platform - Management ; Tracking ; Integration Platform - Tracking ; Diagnostics ; Day-Of Plan</data>
      <data key="v_TrendingTitles"> ; Kusto.Explorer ; Enterprise Integration Pack Developer Documentation ; OneNote_DeletedPages ; Kusto API ; Flow | Functions | Logic Apps BizTalk Server | MABS ; MVP ; Pillar Review Template ; Dev ; App Plat Engineering Team Coding Style Rules ; Azure Compute Manager  Chlorine Planning Checkpoint May 2016 ; Microsoft confidential ; BizTalk API Engineering Manual ; API Hub Resource Provider API  V2 ; Logic Apps Product Review March 2016 ; Azure Frontdoor Deployment, Monitoring, Process Questions ; Flat File Encode Action scenario and high level design ; elastic-jobs-04222016.pptx ; SLBv2 ; Power BI PR - PaaS May 9.pptx ; FINAL Logic Apps Customer SLA - April 2016</data>
      <data key="v_id">149431854</data>
    </node>
    <node id="n12">
      <data key="v_Title">Preetham Vinod</data>
      <data key="v_hrank">2</data>
      <data key="v_numDirects">0</data>
      <data key="v_numCollegues">6</data>
      <data key="v_RecentlyModifiedCount">6</data>
      <data key="v_ModifiedTitles"> ; Designer in Visual studio ; Enterprise Integration Pack Developer Documentation ; Planning ; Development ; Bug bash ; Integration Platform - XML Validate</data>
      <data key="v_TrendingTitles"> ; Enterprise Integration Pack Developer Documentation ; Flow | Functions | Logic Apps BizTalk Server | MABS ; App Plat Engineering Team Coding Style Rules ; BizTalk API Engineering Manual ; Pillar Review Template ; OneNote_DeletedPages ; Bug bash ; Dev ; Logic Apps Product Review March 2016 ; MVP ; Environments ; Flat File Encode Action scenario and high level design ; Integration Platform - Tracking ; Microsoft Flow Customer Facing Presentation ; FINAL Logic Apps Customer SLA - April 2016 ; BizTalk Workload - 042916 Draft ; ARM Api Validation.pptx ; PowerAppsGatewayExperience ; Power BI PaaS ; REST_API_Updates</data>
      <data key="v_id">149443523</data>
    </node>
    <node id="n13">
      <data key="v_Title">James Posey (Insight Global)</data>
      <data key="v_hrank">3</data>
      <data key="v_numDirects">0</data>
      <data key="v_numCollegues">1</data>
      <data key="v_RecentlyModifiedCount">0</data>
      <data key="v_ModifiedTitles">unknown</data>
      <data key="v_TrendingTitles"> ; Enterprise Integration Pack Developer Documentation ; App Plat Engineering Team Coding Style Rules ; BizTalk API Engineering Manual ; V2 E2E ; Flat File Encode Action scenario and high level design ; Bug bash ; Integration Platform - Tracking ; A2A Enterprise APIs ; Integration Platform - B2B Runtime ; EPS Asset List 2016 ; Integration Platform - Architecture ; LogicAppTemplate_Nested_V2 ; Using PIN with Passport for Work to Access Work Resources ; LogicAppTemplate_Nested ; AISAP Deployment Design Document ; Joining your Windows 10 Computer to a Domain ; Integration Platform - XSLT ; Download and Install FY16 ; Integration Platform - XML Validate ; Integration Platform - Management</data>
      <data key="v_id">17592269868877</data>
    </node>
    <node id="n14">
      <data key="v_Title">Rachel Macfarlane</data>
      <data key="v_hrank">2</data>
      <data key="v_numDirects">0</data>
      <data key="v_numCollegues">10</data>
      <data key="v_RecentlyModifiedCount">9</data>
      <data key="v_ModifiedTitles"> ; Development ; Oncall ; Bug bash ; Diagnostics ; Deployments ; Control Flow Schema ; Deployment ; Random Notes ; OneNote_DeletedPages</data>
      <data key="v_TrendingTitles"> ; OneNote_DeletedPages ; Flow | Functions | Logic Apps BizTalk Server | MABS ; App Plat Engineering Team Coding Style Rules ; OneNote_DeletedPages ; PA.Com ; Designs ; MVP ; Pillar Review Template ; Enterprise Integration Pack Developer Documentation ; BizTalk API Engineering Manual ; PowerApps RP API Spec ; Logic Apps Product Review March 2016 ; Microsoft Flow Customer Facing Presentation ; FINAL Logic Apps Customer SLA - April 2016 ; Azure Monitoring Service - Checkpoint - March 2016 ; NMS UX.Draft.pptx ; Cinnamon Flows ; Integration Platform - Tracking ; Flat File Encode Action scenario and high level design ; User Auth for CTAs in SPZA</data>
      <data key="v_id">36616284</data>
    </node>
    <node id="n15">
      <data key="v_Title">Sumanan Jeyabalasingam</data>
      <data key="v_hrank">2</data>
      <data key="v_numDirects">0</data>
      <data key="v_numCollegues">10</data>
      <data key="v_RecentlyModifiedCount">1</data>
      <data key="v_ModifiedTitles"> ; Development</data>
      <data key="v_TrendingTitles"> ; Comms Team Status 5-6-2016 ; RS2 Feature Planning ; Comms + Continuum ; Hosting Shell Experience Components ; App Plat Engineering Team Coding Style Rules ; Meetings ; Movee spreadsheet 4-2016 ; OneNote_DeletedPages ; Enterprise Integration Pack Developer Documentation ; Redstone 1 Director Review Dec 2015 - Comms Team ; Geo Failover Consolidated v2 ; BizTalk API Engineering Manual ; Comms Team Status 4-28-2016 ; FINAL Logic Apps Customer SLA - April 2016 ; Messaging Performance ; Pillar Review Template ; Shell RS1 Features ; Comms Team Status 4-8-2016 ; Flat File Encode Action scenario and high level design ; CnP Fundamentals - April 2016</data>
      <data key="v_id">148897371</data>
    </node>
    <node id="n16">
      <data key="v_Title">Pingjiang Wang</data>
      <data key="v_hrank">2</data>
      <data key="v_numDirects">0</data>
      <data key="v_numCollegues">10</data>
      <data key="v_RecentlyModifiedCount">4</data>
      <data key="v_ModifiedTitles"> ; LSI&apos;s ; Deployment ; Plan ; Planning</data>
      <data key="v_TrendingTitles"> ; OneNote_DeletedPages ; Pillar Review Template ; PM ; Azure Monitoring Service - Checkpoint - March 2016 ; Azure ; Planning ; Engineering ; Flow | Functions | Logic Apps BizTalk Server | MABS ; Azure Monitoring in Argon and StackDriver ; WR IPM Training - Worshop 3 ; Visual Studio Team Services Monthly Service Review March 2016  ; Cloud Solution Provider program ; Shoebox v2 Onboarding Document ; Microsoft confidential ; ARM Api Validation.pptx ; Azure vNext (Ibiza) International Onboarding/Entry Criteria Requirements ; FINAL Logic Apps Customer SLA - April 2016 ; Blogpost - Create app from template ; Logic Apps Product Review March 2016 ; Using PIN with Passport for Work to Access Work Resources</data>
      <data key="v_id">149329357</data>
    </node>
    <node id="n17">
      <data key="v_Title">Rohitha Hewawasam</data>
      <data key="v_hrank">2</data>
      <data key="v_numDirects">0</data>
      <data key="v_numCollegues">10</data>
      <data key="v_RecentlyModifiedCount">7</data>
      <data key="v_ModifiedTitles"> ; Features ; Oncall ; Deployment ; Bug bash ; Azure Functions ; Test ; Control Flow Schema</data>
      <data key="v_TrendingTitles"> ; Meeting Notes ; Flow | Functions | Logic Apps BizTalk Server | MABS ; SPA ; OneNote_DeletedPages ; OneNote_DeletedPages ; Pillar Review Template ; Notes ; BigID ; RS - Package Encryption ; Logic Apps Product Review March 2016 ; SQL BI ; FINAL Logic Apps Customer SLA - April 2016 ; Enterprise Integration Pack Developer Documentation ; XR - Save and Publish ; Onboarding reporting requirements ; Ingestion API Commit Workflow ; L2 - Ingestion Support for IAP Subscription ; App Plat Engineering Team Coding Style Rules ; Framework Health Model Pipe ; Mac DogFood and Insider Fast</data>
      <data key="v_id">149330391</data>
    </node>
    <node id="n18">
      <data key="v_Title">Lakshmi Akkiraju</data>
      <data key="v_hrank">2</data>
      <data key="v_numDirects">0</data>
      <data key="v_numCollegues">10</data>
      <data key="v_RecentlyModifiedCount">2</data>
      <data key="v_ModifiedTitles"> ; Deployment ; Diagnostics</data>
      <data key="v_TrendingTitles"> ; OneNote_DeletedPages ; Designs ; PA.Com ; App Plat Engineering Team Coding Style Rules ; Flow | Functions | Logic Apps BizTalk Server | MABS ; OneNote_DeletedPages ; Enterprise Integration Pack Developer Documentation ; Pillar Review Template ; OneNote_DeletedPages ; Blogpost - Create app from template ; BizTalk API Engineering Manual ; PowerApps RP API Spec ; FINAL Logic Apps Customer SLA - April 2016 ; Flat File Encode Action scenario and high level design ; Integration Platform - Tracking ; Logic Apps Product Review March 2016 ; Azure Monitoring Service - Checkpoint - March 2016 ; TelemetryRelyOnEvents2016.02.18 ; Cinnamon Flows ; Xplat Command Execution</data>
      <data key="v_id">149338005</data>
    </node>
    <node id="n19">
      <data key="v_Title">Priti Sambandam</data>
      <data key="v_hrank">2</data>
      <data key="v_numDirects">0</data>
      <data key="v_numCollegues">10</data>
      <data key="v_RecentlyModifiedCount">1</data>
      <data key="v_ModifiedTitles"> ; Bug bash</data>
      <data key="v_TrendingTitles"> ; OneNote_DeletedPages ; App Plat Engineering Team Coding Style Rules ; Flow | Functions | Logic Apps BizTalk Server | MABS ; Enterprise Integration Pack Developer Documentation ; OneNote_DeletedPages ; BizTalk API Engineering Manual ; MVP ; Control Flow Schema ; Pillar Review Template ; Bug bash ; Microsoft Flow Customer Facing Presentation ; FINAL Logic Apps Customer SLA - April 2016 ; Azure Monitoring Service - Checkpoint - March 2016 ; Logic Apps Product Review March 2016 ; Cinnamon Flows ; User Auth for CTAs in SPZA ; Integration Platform - Tracking ; Flat File Encode Action scenario and high level design ; 02 - Get App - User signed in already - Doesn’t have license for workload ; 01 - Get App - User signed in already - Already has license for workload</data>
      <data key="v_id">149379814</data>
    </node>
    <node id="n20">
      <data key="v_Title">John Wang (AUX)</data>
      <data key="v_hrank">2</data>
      <data key="v_numDirects">0</data>
      <data key="v_numCollegues">10</data>
      <data key="v_RecentlyModifiedCount">4</data>
      <data key="v_ModifiedTitles"> ; Document ; Gallery ; Control Flow Schema ; MVP</data>
      <data key="v_TrendingTitles"> ; OneNote_DeletedPages ; Deployment ; MVP ; Dev ; Identity ; App Plat Engineering Team Coding Style Rules ; Flow | Functions | Logic Apps BizTalk Server | MABS ; Enterprise Integration Pack Developer Documentation ; BizTalk API Engineering Manual ; Pillar Review Template ; API Hub Resource Provider API  V2 ; Microsoft Flow Customer Facing Presentation ; FINAL Logic Apps Customer SLA - April 2016 ; PowerApps RP API Spec ; Flat File Encode Action scenario and high level design ; Logic Apps Product Review March 2016 ; Integration Platform - Tracking ; Azure Monitoring Service - Checkpoint - March 2016 ; NMS UX.Draft.pptx ; Azure preview portal</data>
      <data key="v_id">149400662</data>
    </node>
    <node id="n21">
      <data key="v_Title">Szymon Wylezol</data>
      <data key="v_hrank">2</data>
      <data key="v_numDirects">0</data>
      <data key="v_numCollegues">10</data>
      <data key="v_RecentlyModifiedCount">7</data>
      <data key="v_ModifiedTitles"> ; Deployment ; Oncall ; Development ; App Plat Engineering Team Coding Style Rules ; Deployments ; Diagnostics ; Control Flow Schema</data>
      <data key="v_TrendingTitles"> ; Flow | Functions | Logic Apps BizTalk Server | MABS ; OneNote_DeletedPages ; App Plat Engineering Team Coding Style Rules ; Pillar Review Template ; PA.Com ; Enterprise Integration Pack Developer Documentation ; Designs ; Environments ; TSGs ; BizTalk API Engineering Manual ; PowerApps RP API Spec ; API Hub Resource Provider API  V2 ; Logic Apps Product Review March 2016 ; XR - Save and Publish ; Flat File Encode Action scenario and high level design ; FINAL Logic Apps Customer SLA - April 2016 ; Integration Platform - Tracking ; SQL BI ; Blogpost - Create app from template ; Cinnamon Flows</data>
      <data key="v_id">149407151</data>
    </node>
    <node id="n22">
      <data key="v_Title">Prateek Sharma</data>
      <data key="v_hrank">2</data>
      <data key="v_numDirects">0</data>
      <data key="v_numCollegues">10</data>
      <data key="v_RecentlyModifiedCount">10</data>
      <data key="v_ModifiedTitles"> ; Engine ; Troubleshooting ; Development ; Test ; Development ; Welcome ; Development ; GIT ; General ; Code Changes</data>
      <data key="v_TrendingTitles"> ; Engineering ; General ; Readout ; Test ; Building 25 ; MAS BOM ; security scorecard.pptx ; Scale-Out specs work in progress ; Azure Stack Deployment Worksheet ; Using PIN with Passport for Work to Access Work Resources ; Fabric update 5_3_2015 ; WSSC TP5 Validation Findings Week of May 2-6 ; Enterprise Integration Pack Developer Documentation ; MAS hotspots 05032016.pptx ; App Plat Engineering Team Coding Style Rules ; BrightsolidDell and Brightsolid TP5 Depth Engagement Report ; 358892.01 Assignment _Lucas ; Threshold Private Cloud Logical Networking ; TP2 Health and Monitoring Spec ; BI Status - PowerSummit - 0509</data>
      <data key="v_id">149408502</data>
    </node>
    <node id="n23">
      <data key="v_Title">Mitren Chinoy</data>
      <data key="v_hrank">2</data>
      <data key="v_numDirects">0</data>
      <data key="v_numCollegues">10</data>
      <data key="v_RecentlyModifiedCount">9</data>
      <data key="v_ModifiedTitles"> ; Test ; Oncall ; Deployment ; Features ; Tools ; Development ; Resources ; Diagnostics ; OneNote_DeletedPages</data>
      <data key="v_TrendingTitles"> ; OneNote_DeletedPages ; PM ; Planning ; Browse ; Flow | Functions | Logic Apps BizTalk Server | MABS ; Pillar Review Template ; Deployments ; App Plat Engineering Team Coding Style Rules ; Enterprise Integration Pack Developer Documentation ; Logic Apps Product Review March 2016 ; ARM Api Validation.pptx ; Microsoft Azure &apos;Chlorine&apos; Planning  Azure analytics checkpoint 1 ; ITR 5-3 Slide ; Cloud Services - Usage Schema ; Blogpost - Create app from template ; FINAL Logic Apps Customer SLA - April 2016 ; BizTalk API Engineering Manual ; Flat File Encode Action scenario and high level design ; Using PIN with Passport for Work to Access Work Resources ; GenevaAnalyticsTeamAssignments</data>
      <data key="v_id">149475705</data>
    </node>
    <node id="n24">
      <data key="v_Title">Kartik Rao Polepalli</data>
      <data key="v_hrank">2</data>
      <data key="v_numDirects">0</data>
      <data key="v_numCollegues">8</data>
      <data key="v_RecentlyModifiedCount">3</data>
      <data key="v_ModifiedTitles"> ; OneNote_DeletedPages ; MVP ; Planning</data>
      <data key="v_TrendingTitles"> ; OneNote_DeletedPages ; Planning ; Dev ; Azure Monitoring Service - Checkpoint - March 2016 ; Deployment ; Azure Monitoring in Argon and StackDriver ; Pillar Review Template ; Flow | Functions | Logic Apps BizTalk Server | MABS ; Microsoft Flow Customer Facing Presentation ; Shoebox v2 Onboarding Document ; elastic-jobs-04222016.pptx ; DELETE THIS SLIDE ; Blogpost - Create app from template ; Enterprise Integration Pack Developer Documentation ; FINAL Logic Apps Customer SLA - April 2016 ; App Plat Engineering Team Coding Style Rules ; API Hub Resource Provider API  V2 ; NMS UX.Draft.pptx ; PowerAppsGatewayExperience ; Notification Manager Service Onboarding document</data>
      <data key="v_id">148886528</data>
    </node>
    <node id="n25">
      <data key="v_Title">André Rodrigues</data>
      <data key="v_hrank">2</data>
      <data key="v_numDirects">0</data>
      <data key="v_numCollegues">8</data>
      <data key="v_RecentlyModifiedCount">2</data>
      <data key="v_ModifiedTitles"> ; Onboarding Guide ; Kusto API</data>
      <data key="v_TrendingTitles"> ; App Plat Engineering Team Coding Style Rules ; Flow | Functions | Logic Apps BizTalk Server | MABS ; Pillar Review Template ; BizTalk API Engineering Manual ; Enterprise Integration Pack Developer Documentation ; Azure Stream Analytics DGLT Product Review 05092016 ; FINAL Logic Apps Customer SLA - April 2016 ; ODIN InteractiveQuery - Platform Evaluation ; Flat File Encode Action scenario and high level design ; Logic Apps Product Review March 2016 ; API Hub Resource Provider API  V2 ; Using PIN with Passport for Work to Access Work Resources ; Internal Audit readiness ; WCD KPI’s ; Capptain apps ; Microsoft Flow Customer Facing Presentation ; BAPI Product Review Template ; SENSE Scan Report UX Integration Spec ; BizTalk Workload - 042916 Draft ; Pillar Review Template</data>
      <data key="v_id">148887658</data>
    </node>
    <node id="n26">
      <data key="v_Title">Jose Miguel Arreola Gutierrez</data>
      <data key="v_hrank">2</data>
      <data key="v_numDirects">0</data>
      <data key="v_numCollegues">8</data>
      <data key="v_RecentlyModifiedCount">3</data>
      <data key="v_ModifiedTitles"> ; Patent Notes ; PA.Com ; Power Apps Test</data>
      <data key="v_TrendingTitles"> ; Designs ; PA.Com ; Power Apps Test ; PowerApps RP API Spec ; OneNote_DeletedPages ; Pillar Review Template ; Flow | Functions | Logic Apps BizTalk Server | MABS ; XR - Save and Publish ; API Hub Resource Provider API  V2 ; April docs ; FINAL Logic Apps Customer SLA - April 2016 ; Cloud Solution Provider program ; WaaS Compliance &amp; Insights - WaaS device compliance- Azure worker jobs to handle data -Dev spec ; SQL BI ; Blogpost - Create app from template ; SQL BI ; PowerAppsGatewayExperience ; Planning Offsite Outcomes for Update 2 ; Blog_post - PowerApps Public Preview ; PowerApps</data>
      <data key="v_id">149307153</data>
    </node>
    <node id="n27">
      <data key="v_Title">Ashwin Sathya Raghunathan</data>
      <data key="v_hrank">2</data>
      <data key="v_numDirects">0</data>
      <data key="v_numCollegues">8</data>
      <data key="v_RecentlyModifiedCount">1</data>
      <data key="v_ModifiedTitles"> ; Design and Runtime URL Contracts</data>
      <data key="v_TrendingTitles"> ; Deployment ; MVP ; Dev ; OneNote_DeletedPages ; Pillar Review Template ; Flow | Functions | Logic Apps BizTalk Server | MABS ; SQL BI ; Microsoft Flow Customer Facing Presentation ; ProcSiSharePointBlogPost ; Design and Runtime URL Contracts ; PowerApps-SharePoint Integration ; XR - Save and Publish ; SharePoint web parts for Power BI ; FINAL Logic Apps Customer SLA - April 2016 ; App Plat Engineering Team Coding Style Rules ; Enterprise Integration Pack Developer Documentation ; BizTalk API Engineering Manual ; Cosmos Bootcamp (2014-05-04) ; Logic Apps Product Review March 2016 ; PowerAppsGatewayExperience</data>
      <data key="v_id">149313503</data>
    </node>
    <node id="n28">
      <data key="v_Title">Samuel Banina</data>
      <data key="v_hrank">2</data>
      <data key="v_numDirects">0</data>
      <data key="v_numCollegues">8</data>
      <data key="v_RecentlyModifiedCount">4</data>
      <data key="v_ModifiedTitles"> ; Patent Notes ; REST API ; Designs ; OneNote_DeletedPages</data>
      <data key="v_TrendingTitles"> ; OneNote_DeletedPages ; PA.Com ; Designs ; Blogpost - Create app from template ; PowerApps RP API Spec ; Pillar Review Template ; Microsoft Flow Customer Facing Presentation ; API Hub Resource Provider API  V2 ; Flow | Functions | Logic Apps BizTalk Server | MABS ; SQL BI ; FINAL Logic Apps Customer SLA - April 2016 ; April docs ; PowerAppsGatewayExperience ; XR - Save and Publish ; PowerApps Briefing Deck v2.pptx ; App Plat Engineering Team Coding Style Rules ; SQL BI ; ProcSiSharePointBlogPost ; Design and Runtime URL Contracts ; TelemetryRelyOnEvents2016.02.18</data>
      <data key="v_id">149335740</data>
    </node>
    <node id="n29">
      <data key="v_Title">Srinivas Pushkar Ravipati</data>
      <data key="v_hrank">2</data>
      <data key="v_numDirects">0</data>
      <data key="v_numCollegues">8</data>
      <data key="v_RecentlyModifiedCount">6</data>
      <data key="v_ModifiedTitles"> ; Getting Started ; Extension Developers Help ; Test ; Deployment ; MVP ; KustoOps</data>
      <data key="v_TrendingTitles"> ; Extension Developers Help ; OneNote_DeletedPages ; Environments ; Pillar Review Template ; Microsoft Flow Customer Facing Presentation ; Flow | Functions | Logic Apps BizTalk Server | MABS ; App Plat Engineering Team Coding Style Rules ; FINAL Logic Apps Customer SLA - April 2016 ; API Hub Resource Provider API  V2 ; Routes-Acls ; Blogpost - Create app from template ; PaaS vs SF vs VMSS ; Enterprise Integration Pack Developer Documentation ; PowerAppsGatewayExperience ; NMS UX.Draft.pptx ; CLM ; ProcSiSharePointBlogPost ; BizTalk API Engineering Manual ; FDv1AndFDv2TrafficAllStreams_CountMoreThan10WithWorkflow_2016-04-25 ; PowerApps 2.0</data>
      <data key="v_id">149415275</data>
    </node>
    <node id="n30">
      <data key="v_Title">Lalit Chourey</data>
      <data key="v_hrank">2</data>
      <data key="v_numDirects">0</data>
      <data key="v_numCollegues">8</data>
      <data key="v_RecentlyModifiedCount">4</data>
      <data key="v_ModifiedTitles"> ; MVP ; Power Apps Test ; PA.Com ; OneNote_DeletedPages</data>
      <data key="v_TrendingTitles"> ; OneNote_DeletedPages ; Dev ; Environments ; Blogpost - Create app from template ; Pillar Review Template ; PowerApps RP API Spec ; API Hub Resource Provider API  V2 ; Flow | Functions | Logic Apps BizTalk Server | MABS ; XR - Save and Publish ; Enterprise Integration Pack Developer Documentation ; Microsoft Flow Customer Facing Presentation ; App Plat Engineering Team Coding Style Rules ; Microsoft confidential ; BizTalk API Engineering Manual ; SQL BI ; FINAL Logic Apps Customer SLA - April 2016 ; ARM Api Validation.pptx ; NMS UX.Draft.pptx ; TelemetryRelyOnEvents2016.02.18 ; April docs</data>
      <data key="v_id">149416648</data>
    </node>
    <node id="n31">
      <data key="v_Title">Prabir Shrestha</data>
      <data key="v_hrank">2</data>
      <data key="v_numDirects">0</data>
      <data key="v_numCollegues">8</data>
      <data key="v_RecentlyModifiedCount">2</data>
      <data key="v_ModifiedTitles"> ; Diagnostics ; OneNote_DeletedPages</data>
      <data key="v_TrendingTitles"> ; OneNote_DeletedPages ; Specs ; Quality ; OneNote_DeletedPages ; Team Stuff ; Pillar Review Template ; Flow | Functions | Logic Apps BizTalk Server | MABS ; App Plat Engineering Team Coding Style Rules ; FINAL Logic Apps Customer SLA - April 2016 ; Microsoft Flow Customer Facing Presentation ; STCM Operations Framing Document ; Azure Monitoring Service - Checkpoint - March 2016 ; Logic Apps Product Review March 2016 ; PowerApps Product Review ; Dublin Storefronts - May 6 2016.pptx ; Cinnamon Flows ; User Auth for CTAs in SPZA ; RedTiger ; Shoebox v2 Onboarding Document ; 02 - Get App - User signed in already - Doesn’t have license for workload</data>
      <data key="v_id">231494235</data>
    </node>
    <node id="n32">
      <data key="v_Title">Rocky Shi (Wu Xi Wen Si Hai Hui Xin Xi Ji)</data>
      <data key="v_hrank">2</data>
      <data key="v_numDirects">0</data>
      <data key="v_numCollegues">15</data>
      <data key="v_RecentlyModifiedCount">0</data>
      <data key="v_ModifiedTitles">unknown</data>
      <data key="v_TrendingTitles"> ; Allison Supportability Weekly FDR Report-May2 ; Eco China Extensibility Overview ; Chi Song ; RS Planning ; Allison Supportability Weekly FDR Report-April29 ; BizTalk API Engineering Manual ; About Cortana Music deep dive.pptx ; FINAL Logic Apps Customer SLA - April 2016 ; Pillar Review Template ; BizTalk Server Databases in SQL Server AlwaysOn Availability Group ; New Hire Doc ; RedZone Tracker ; BAPI Product Review Template ; Logic Apps Product Review March 2016 ; Book ; Pillar Review Template ; Dialog SPA Design ; Azure Service Bus  Chlorine Planning ; 2016PerfRuns_ ; Using PIN with Passport for Work to Access Work Resources</data>
      <data key="v_id">107747799</data>
    </node>
    <node id="n33">
      <data key="v_Title">Parikshit Gupta</data>
      <data key="v_hrank">2</data>
      <data key="v_numDirects">0</data>
      <data key="v_numCollegues">15</data>
      <data key="v_RecentlyModifiedCount">4</data>
      <data key="v_ModifiedTitles"> ; Test Exe Infra ; Perf Stress ; BizTalk Server Databases in SQL Server AlwaysOn Availability Group ; IaaS</data>
      <data key="v_TrendingTitles"> ; Allison Supportability Weekly FDR Report-May2 ; ECG Monthly Review Planning ; CPlat-DrewMadhanGeorge-Yunus-May2016-DCRs ; Sterling - FSM User Guide ; Connectivity ; MonthlyUpdateMeetings ; Data Insights Customer Conversation Deck - Full Deck ; 41769 ; Flow | Functions | Logic Apps BizTalk Server | MABS ; SQL VM -Insights Into Data 08.27.2015 Final ; CapacityEfficiency ; Allison Supportability Weekly FDR Report-April29 ; F-Series Blog Post ; SQL VM -Insights Into Data 08.27.2015 Final ; BizTalk API Engineering Manual ; Logic Apps Product Review March 2016 ; NMS UX.Draft.pptx ; Pillar Review Template ; Hotspots ; ECG Monthly Review Planning</data>
      <data key="v_id">148899628</data>
    </node>
    <node id="n34">
      <data key="v_Title">Jinhuan Bao (Pactera)</data>
      <data key="v_hrank">2</data>
      <data key="v_numDirects">0</data>
      <data key="v_numCollegues">15</data>
      <data key="v_RecentlyModifiedCount">0</data>
      <data key="v_ModifiedTitles">unknown</data>
      <data key="v_TrendingTitles"> ; Checkpoint 05-06-16.pptx ; Windows 10 IoT Core RS1 14337 Release Notes ; Desktop Publishing Automation - Flight Servicing Dev Design ; MicroBuild v2 ; Selection Service(precision) ; SUVP and MSIT publishing automation Dev Design ; FINAL Logic Apps Customer SLA - April 2016 ; Pillar Review Template ; DesktopOSUpdatePublishingAutomationArchitecture ; Desktop OS Update Publishing Automation Dev Design ; Camera Barcode Scanner Decoder plug-in Model Dev Design Spec ; Deliver &amp; Release PipeLine.pptx ; CognitiveServices Support.pptx ; Entity Model for Desktop OS Update Publishing ; SUVP and MSIT Architecture and CRM Workflow ; DesktopOSUpdateCRMWorkflows ; Emotion V1.0 Test Report ; EmotionV1.0 Test Report -Build ; BAPI Product Review Template ; Logic Apps Product Review March 2016</data>
      <data key="v_id">149300921</data>
    </node>
    <node id="n35">
      <data key="v_Title">Yue Zhang (Pactera)</data>
      <data key="v_hrank">2</data>
      <data key="v_numDirects">0</data>
      <data key="v_numCollegues">15</data>
      <data key="v_RecentlyModifiedCount">0</data>
      <data key="v_ModifiedTitles">unknown</data>
      <data key="v_TrendingTitles"> ; Allison Supportability Weekly FDR Report-May2 ; OneNote_DeletedPages ; FINAL Logic Apps Customer SLA - April 2016 ; Pillar Review Template ; Allison Supportability Weekly FDR Report-April29 ; PowerApps RP API Spec ; BAPI Product Review Template ; Logic Apps Product Review March 2016 ; Blog_post - App from Data ; Pillar Review Template ; China_NPS_Review.pptx ; API Hub Resource Provider API  V2 ; ASG DM Monthly Service Review ; Using PIN with Passport for Work to Access Work Resources ; Azure Service Health Review ; RedZone Tracker ; RP Whitelisting API ; BizTalk Server Databases in SQL Server AlwaysOn Availability Group ; Bing Ads Web UI Engineering Book ; New Hire Doc</data>
      <data key="v_id">149303419</data>
    </node>
    <node id="n36">
      <data key="v_Title">Wayne King</data>
      <data key="v_hrank">2</data>
      <data key="v_numDirects">0</data>
      <data key="v_numCollegues">15</data>
      <data key="v_RecentlyModifiedCount">4</data>
      <data key="v_ModifiedTitles"> ; Test Exe Infra ; IaaS ; OneNote_DeletedPages ; Perf Stress</data>
      <data key="v_TrendingTitles"> ; Allison Supportability Weekly FDR Report-May2 ; 41769 ; Flow | Functions | Logic Apps BizTalk Server | MABS ; Enterprise Integration Pack Developer Documentation ; MLS Tasks ; Allison Supportability Weekly FDR Report-April29 ; Guideline - Passwords ; BizTalk API Engineering Manual ; Logic Apps Product Review March 2016 ; 1044 ; CrowdFlower and AzureML Integration Engineering Overview ; FY17 STU Evolution Slide ; OA Message Bus Pre-Prod Consolidation ; Competition Platform Status &amp; Launch Plan ; Planning Offsite Outcomes for Update 2 ; Device Lab Usage ; AML Team All-hands ; FINAL Logic Apps Customer SLA - April 2016 ; Dragonfly_FAQ ; NexGenPropSet</data>
      <data key="v_id">149348875</data>
    </node>
    <node id="n37">
      <data key="v_Title">Pravakar Garnayak</data>
      <data key="v_hrank">2</data>
      <data key="v_numDirects">0</data>
      <data key="v_numCollegues">15</data>
      <data key="v_RecentlyModifiedCount">2</data>
      <data key="v_ModifiedTitles"> ; Test Exe Infra ; Perf Stress</data>
      <data key="v_TrendingTitles"> ; Test ; Allison Supportability Weekly FDR Report-May2 ; BizTalk API Engineering Manual ; REST_API_Updates ; Allison Supportability Weekly FDR Report-April29 ; ARM Api Validation.pptx ; SPZA Cinnamon Features ; SPZA Status Review ; SPZA Cinnamon Features Latest ; Grid2 ; NMS UX.Draft.pptx ; SPZA - Consumer Surface ; SupportForMultiMappings ; Enterprise Integration Pack Developer Documentation ; Cinnamon Flows ; User Auth for CTAs in SPZA ; Measurement Strategy ; COGS_Reduction_Options ; 02 - Get App - User signed in already - Doesn’t have license for workload ; 01 - Get App - User signed in already - Already has license for workload</data>
      <data key="v_id">149359764</data>
    </node>
    <node id="n38">
      <data key="v_Title">Pavan G (Tech Mahindra Ltd)</data>
      <data key="v_hrank">2</data>
      <data key="v_numDirects">0</data>
      <data key="v_numCollegues">15</data>
      <data key="v_RecentlyModifiedCount">0</data>
      <data key="v_ModifiedTitles">unknown</data>
      <data key="v_TrendingTitles"> ; EndGame2016 ; PA.Com ; Blog_post - App from Data ; EngSys Checkpoints ; 1Lab Deployment Mac Mini BLI 17241 CLP Mac Mini for FrontEnd Apple builds ; 1Lab Deployment Re-Deploy MAC Mini&apos;s for Microbuild ; Using PIN with Passport for Work to Access Work Resources ; Azure Monitoring Service - Checkpoint - March 2016 ; NMS UX.Draft.pptx ; Shoebox v2 Onboarding Document ; Release Management ; Are you using TFS? If so, it&apos;s time to start thinking about moving to Visual Studio Online ; 1ES Tooling Matrix April 2016 ; Measurement Strategy ; Blog_post - Custom APIs ; Blog_post - PowerApps Public Preview ; AS PaaS ; 1Lab UIP Deployment BLI 14614 ; Planning Offsite Outcomes for Update 2 ; Stories and Lessons  from the MSPOLL</data>
      <data key="v_id">149363096</data>
    </node>
    <node id="n39">
      <data key="v_Title">Praveen Srivastava</data>
      <data key="v_hrank">2</data>
      <data key="v_numDirects">0</data>
      <data key="v_numCollegues">15</data>
      <data key="v_RecentlyModifiedCount">2</data>
      <data key="v_ModifiedTitles"> ; Test Exe Infra ; MVP</data>
      <data key="v_TrendingTitles"> ; Deployment ; MVP ; Dev ; On-Call ; Allison Supportability Weekly FDR Report-May2 ; Flow | Functions | Logic Apps BizTalk Server | MABS ; Enterprise Integration Pack Developer Documentation ; 41769 ; Logic Apps Product Review March 2016 ; API Hub Resource Provider API  V2 ; Allison Supportability Weekly FDR Report-April29 ; BizTalk API Engineering Manual ; Pillar Review Template ; PowerAppsGatewayExperience ; SPZA Cinnamon Features ; SPZA Cinnamon Features Latest ; 1044 ; PowerApps Engineering Guide ; Integration Platform - Tracking ; App Plat Engineering Team Coding Style Rules</data>
      <data key="v_id">149372614</data>
    </node>
    <node id="n40">
      <data key="v_Title">Neha Gupta</data>
      <data key="v_hrank">2</data>
      <data key="v_numDirects">0</data>
      <data key="v_numCollegues">15</data>
      <data key="v_RecentlyModifiedCount">2</data>
      <data key="v_ModifiedTitles"> ; Test Exe Infra ; Perf Stress</data>
      <data key="v_TrendingTitles"> ; Windows Insider Categories ; ECG Monthly Review Planning ; Telemetry FAQ ; Scenarios ; Allison Supportability Weekly FDR Report-May2 ; Windows Server and System Center 2016 Telemetry whitepaper_final ; Consolidated WSSC Release Schedule N Threshold ; ECG Monthly Review Planning ; Hotspots ; File Operation Performance ; Server Performance Scorecard - User Guide ; ECG ES 2018 Planning update.pptx ; Engine Nugetization and Build ; Project Xenon ; Team Water Bottle ; Base Dev T Shirt Sizes ; BizTalk API Engineering Manual ; Using PIN with Passport for Work to Access Work Resources ; Allison Supportability Weekly FDR Report-April29 ; Cluster Availability - Weekly</data>
      <data key="v_id">149377214</data>
    </node>
    <node id="n41">
      <data key="v_Title">Eldon Cornelio</data>
      <data key="v_hrank">2</data>
      <data key="v_numDirects">0</data>
      <data key="v_numCollegues">15</data>
      <data key="v_RecentlyModifiedCount">2</data>
      <data key="v_ModifiedTitles"> ; Test Exe Infra ; Perf Stress</data>
      <data key="v_TrendingTitles"> ; Allison Supportability Weekly FDR Report-May2 ; Enterprise Integration Pack Developer Documentation ; FINAL Logic Apps Customer SLA - April 2016 ; Pillar Review Template ; Flow | Functions | Logic Apps BizTalk Server | MABS ; Logic Apps Product Review March 2016 ; BizTalk API Engineering Manual ; Allison Supportability Weekly FDR Report-April29 ; HardwareTracker_Desktop_Final ; RS_Machines ; BAPI Product Review Template ; Pillar Review Template ; RedZone Tracker ; April docs ; Power BI PaaS ; Windows Server Build - RS1 to RS Branch Migration Bulk Import Complete ; BizTalk Server Databases in SQL Server AlwaysOn Availability Group ; Power BI PaaS ; New Hire Doc ; Enter Title Here</data>
      <data key="v_id">149439750</data>
    </node>
    <node id="n42">
      <data key="v_Title">Anuja Brabaharan</data>
      <data key="v_hrank">2</data>
      <data key="v_numDirects">0</data>
      <data key="v_numCollegues">15</data>
      <data key="v_RecentlyModifiedCount">1</data>
      <data key="v_ModifiedTitles"> ; Test Exe Infra</data>
      <data key="v_TrendingTitles"> ; Allison Supportability Weekly FDR Report-May2 ; Procurement ; 41769 ; Enterprise Integration Pack Developer Documentation ; Flow | Functions | Logic Apps BizTalk Server | MABS ; BizTalk API Engineering Manual ; Allison Supportability Weekly FDR Report-April29 ; SPZA Cinnamon Features ; SPZA Cinnamon Features Latest ; Logic Apps Product Review March 2016 ; 1044 ; Sys.Tx to .NET Core - Initial Planning ; FINAL Logic Apps Customer SLA - April 2016 ; Pillar Review Template ; NexGenPropSet ; RedZone Tracker ; BizTalk Server Databases in SQL Server AlwaysOn Availability Group ; New Hire Doc ; SPZA - Consumer Surface ; Power BI PaaS</data>
      <data key="v_id">149439907</data>
    </node>
    <node id="n43">
      <data key="v_Title">Rishi Barua</data>
      <data key="v_hrank">2</data>
      <data key="v_numDirects">0</data>
      <data key="v_numCollegues">15</data>
      <data key="v_RecentlyModifiedCount">2</data>
      <data key="v_ModifiedTitles"> ; Test Exe Infra ; CTP Image Creation</data>
      <data key="v_TrendingTitles"> ; Allison Supportability Weekly FDR Report-May2 ; Sketch Book ; Enterprise Integration Pack Developer Documentation ; 41769 ; BizTalk API Engineering Manual ; Allison Supportability Weekly FDR Report-April29 ; 1044 ; ARM Api Validation.pptx ; Flow | Functions | Logic Apps BizTalk Server | MABS ; Cinnamon Flows ; User Auth for CTAs in SPZA ; FINAL Logic Apps Customer SLA - April 2016 ; Logic Apps Product Review March 2016 ; Pillar Review Template ; Azure RBAC Getting Started ; 02 - Get App - User signed in already - Doesn’t have license for workload ; BizTalk Server Databases in SQL Server AlwaysOn Availability Group ; 01 - Get App - User signed in already - Already has license for workload ; 08 - PLT with sign-in or sign-up ; 07 - PLT with guest lead gen</data>
      <data key="v_id">149445243</data>
    </node>
    <node id="n44">
      <data key="v_Title">Xinzhu Chen (Pactera)</data>
      <data key="v_hrank">2</data>
      <data key="v_numDirects">0</data>
      <data key="v_numCollegues">15</data>
      <data key="v_RecentlyModifiedCount">0</data>
      <data key="v_ModifiedTitles">unknown</data>
      <data key="v_TrendingTitles"> ; OneNote_DeletedPages ; Checklist for Migration to AO - DAIP ; User badge List ; FINAL Logic Apps Customer SLA - April 2016 ; CCG_Offsite -- All Hands meeting-FINAL.pptx ; Pillar Review Template ; Checklist for Migration to AO - IPE ; Checklist for Migration to AO - HSG  ; BizTalk Server Databases in SQL Server AlwaysOn Availability Group ; New Hire Doc ; LEGO-Fabric Overall Workflows ; BAPI Product Review Template ; Logic Apps Product Review March 2016 ; 资产核对 ; Fabric Onboarding Schedule Final 030416 ; Implementation Plan ; Pillar Review Template ; Technical Specification Template ; 2016PerfRuns_ ; Using PIN with Passport for Work to Access Work Resources</data>
      <data key="v_id">149450038</data>
    </node>
    <node id="n45">
      <data key="v_Title">Elvis Shi</data>
      <data key="v_hrank">2</data>
      <data key="v_numDirects">0</data>
      <data key="v_numCollegues">15</data>
      <data key="v_RecentlyModifiedCount">2</data>
      <data key="v_ModifiedTitles"> ; Test Exe Infra ; OneNote_DeletedPages</data>
      <data key="v_TrendingTitles"> ; Scenarios ; Hotspots ; FINAL Logic Apps Customer SLA - April 2016 ; Pillar Review Template ; AAD Join in Windows 10 ; BAPI Product Review Template ; Logic Apps Product Review March 2016 ; Bing Ads Web UI Engineering Book ; Hotspots ; Mfa-actual ; NexGenPropSet ; Pillar Review Template ; CCG_Offsite -- All Hands meeting-FINAL.pptx ; Azure.com mobile ; BizTalk Server Databases in SQL Server AlwaysOn Availability Group ; Document1 ; New Hire Doc ; Azure Service Health Review ; Hotspots ; Release Workback Calculator</data>
      <data key="v_id">191556044</data>
    </node>
    <node id="n46">
      <data key="v_Title">Yihui Wang</data>
      <data key="v_hrank">2</data>
      <data key="v_numDirects">0</data>
      <data key="v_numCollegues">15</data>
      <data key="v_RecentlyModifiedCount">0</data>
      <data key="v_ModifiedTitles">unknown</data>
      <data key="v_TrendingTitles"> ; Monthly Test Pass ; UI Text Scrub: Feature name ; Daily Quality Pulse -- Lync for Mac ; WDG GS Quality Test Pass Tracking - BYS ; DSE Test Account ; FINAL Logic Apps Customer SLA - April 2016 ; Pillar Review Template ; MOCA Service Account Password Change ; BizTalk Server Databases in SQL Server AlwaysOn Availability Group ; BAPI Product Review Template ; Logic Apps Product Review March 2016 ; New Hire Doc ; AutomationTable ; Space ; 个人简历-杨大卫 ; 个人简历 ; Pillar Review Template ; ADB commend ; Skype账号 ; SQL 高级教程</data>
      <data key="v_id">240148476</data>
    </node>
    <node id="n47">
      <data key="v_Title">OUTSIDE</data>
      <data key="v_hrank">0</data>
      <data key="v_numDirects">0</data>
      <data key="v_numCollegues">0</data>
      <data key="v_RecentlyModifiedCount">0</data>
      <data key="v_ModifiedTitles">unknown</data>
      <data key="v_TrendingTitles">unknown</data>
      <data key="v_id">-100</data>
    </node>
    <edge source="n0" target="n1">
      <data key="e_weight">197</data>
    </edge>
    <edge source="n0" target="n2">
      <data key="e_weight">200</data>
    </edge>
    <edge source="n0" target="n3">
      <data key="e_weight">197</data>
    </edge>
    <edge source="n0" target="n4">
      <data key="e_weight">199</data>
    </edge>
    <edge source="n0" target="n5">
      <data key="e_weight">100</data>
    </edge>
    <edge source="n0" target="n7">
      <data key="e_weight">93</data>
    </edge>
    <edge source="n0" target="n8">
      <data key="e_weight">98</data>
    </edge>
    <edge source="n0" target="n9">
      <data key="e_weight">98</data>
    </edge>
    <edge source="n0" target="n10">
      <data key="e_weight">96</data>
    </edge>
    <edge source="n0" target="n11">
      <data key="e_weight">99</data>
    </edge>
    <edge source="n0" target="n12">
      <data key="e_weight">94</data>
    </edge>
    <edge source="n0" target="n14">
      <data key="e_weight">93</data>
    </edge>
    <edge source="n0" target="n15">
      <data key="e_weight">92</data>
    </edge>
    <edge source="n0" target="n16">
      <data key="e_weight">97</data>
    </edge>
    <edge source="n0" target="n17">
      <data key="e_weight">97</data>
    </edge>
    <edge source="n0" target="n18">
      <data key="e_weight">98</data>
    </edge>
    <edge source="n0" target="n19">
      <data key="e_weight">97</data>
    </edge>
    <edge source="n0" target="n20">
      <data key="e_weight">95</data>
    </edge>
    <edge source="n0" target="n21">
      <data key="e_weight">100</data>
    </edge>
    <edge source="n0" target="n23">
      <data key="e_weight">93</data>
    </edge>
    <edge source="n0" target="n24">
      <data key="e_weight">100</data>
    </edge>
    <edge source="n0" target="n25">
      <data key="e_weight">190</data>
    </edge>
    <edge source="n0" target="n26">
      <data key="e_weight">94</data>
    </edge>
    <edge source="n0" target="n27">
      <data key="e_weight">98</data>
    </edge>
    <edge source="n0" target="n28">
      <data key="e_weight">195</data>
    </edge>
    <edge source="n0" target="n30">
      <data key="e_weight">94</data>
    </edge>
    <edge source="n0" target="n31">
      <data key="e_weight">96</data>
    </edge>
    <edge source="n0" target="n47">
      <data key="e_weight">1488</data>
    </edge>
    <edge source="n1" target="n2">
      <data key="e_weight">95</data>
    </edge>
    <edge source="n1" target="n4">
      <data key="e_weight">189</data>
    </edge>
    <edge source="n1" target="n7">
      <data key="e_weight">100</data>
    </edge>
    <edge source="n1" target="n8">
      <data key="e_weight">192</data>
    </edge>
    <edge source="n1" target="n9">
      <data key="e_weight">196</data>
    </edge>
    <edge source="n1" target="n10">
      <data key="e_weight">198</data>
    </edge>
    <edge source="n1" target="n11">
      <data key="e_weight">199</data>
    </edge>
    <edge source="n1" target="n12">
      <data key="e_weight">193</data>
    </edge>
    <edge source="n1" target="n17">
      <data key="e_weight">95</data>
    </edge>
    <edge source="n1" target="n19">
      <data key="e_weight">90</data>
    </edge>
    <edge source="n1" target="n20">
      <data key="e_weight">92</data>
    </edge>
    <edge source="n1" target="n22">
      <data key="e_weight">91</data>
    </edge>
    <edge source="n1" target="n23">
      <data key="e_weight">90</data>
    </edge>
    <edge source="n1" target="n24">
      <data key="e_weight">99</data>
    </edge>
    <edge source="n1" target="n30">
      <data key="e_weight">93</data>
    </edge>
    <edge source="n1" target="n39">
      <data key="e_weight">90</data>
    </edge>
    <edge source="n1" target="n47">
      <data key="e_weight">831</data>
    </edge>
    <edge source="n2" target="n3">
      <data key="e_weight">199</data>
    </edge>
    <edge source="n2" target="n4">
      <data key="e_weight">95</data>
    </edge>
    <edge source="n2" target="n5">
      <data key="e_weight">195</data>
    </edge>
    <edge source="n2" target="n9">
      <data key="e_weight">93</data>
    </edge>
    <edge source="n2" target="n16">
      <data key="e_weight">100</data>
    </edge>
    <edge source="n2" target="n17">
      <data key="e_weight">92</data>
    </edge>
    <edge source="n2" target="n21">
      <data key="e_weight">191</data>
    </edge>
    <edge source="n2" target="n23">
      <data key="e_weight">90</data>
    </edge>
    <edge source="n2" target="n24">
      <data key="e_weight">97</data>
    </edge>
    <edge source="n2" target="n25">
      <data key="e_weight">96</data>
    </edge>
    <edge source="n2" target="n28">
      <data key="e_weight">98</data>
    </edge>
    <edge source="n2" target="n30">
      <data key="e_weight">90</data>
    </edge>
    <edge source="n2" target="n31">
      <data key="e_weight">92</data>
    </edge>
    <edge source="n2" target="n47">
      <data key="e_weight">844</data>
    </edge>
    <edge source="n3" target="n5">
      <data key="e_weight">92</data>
    </edge>
    <edge source="n3" target="n16">
      <data key="e_weight">99</data>
    </edge>
    <edge source="n3" target="n21">
      <data key="e_weight">89</data>
    </edge>
    <edge source="n3" target="n47">
      <data key="e_weight">1135</data>
    </edge>
    <edge source="n4" target="n8">
      <data key="e_weight">96</data>
    </edge>
    <edge source="n4" target="n9">
      <data key="e_weight">94</data>
    </edge>
    <edge source="n4" target="n14">
      <data key="e_weight">190</data>
    </edge>
    <edge source="n4" target="n15">
      <data key="e_weight">100</data>
    </edge>
    <edge source="n4" target="n16">
      <data key="e_weight">96</data>
    </edge>
    <edge source="n4" target="n17">
      <data key="e_weight">191</data>
    </edge>
    <edge source="n4" target="n18">
      <data key="e_weight">100</data>
    </edge>
    <edge source="n4" target="n19">
      <data key="e_weight">95</data>
    </edge>
    <edge source="n4" target="n20">
      <data key="e_weight">198</data>
    </edge>
    <edge source="n4" target="n21">
      <data key="e_weight">197</data>
    </edge>
    <edge source="n4" target="n22">
      <data key="e_weight">100</data>
    </edge>
    <edge source="n4" target="n23">
      <data key="e_weight">193</data>
    </edge>
    <edge source="n4" target="n28">
      <data key="e_weight">92</data>
    </edge>
    <edge source="n4" target="n47">
      <data key="e_weight">856</data>
    </edge>
    <edge source="n5" target="n24">
      <data key="e_weight">185</data>
    </edge>
    <edge source="n5" target="n25">
      <data key="e_weight">192</data>
    </edge>
    <edge source="n5" target="n26">
      <data key="e_weight">198</data>
    </edge>
    <edge source="n5" target="n27">
      <data key="e_weight">194</data>
    </edge>
    <edge source="n5" target="n28">
      <data key="e_weight">199</data>
    </edge>
    <edge source="n5" target="n29">
      <data key="e_weight">100</data>
    </edge>
    <edge source="n5" target="n30">
      <data key="e_weight">100</data>
    </edge>
    <edge source="n5" target="n31">
      <data key="e_weight">100</data>
    </edge>
    <edge source="n5" target="n47">
      <data key="e_weight">761</data>
    </edge>
    <edge source="n6" target="n32">
      <data key="e_weight">96</data>
    </edge>
    <edge source="n6" target="n33">
      <data key="e_weight">199</data>
    </edge>
    <edge source="n6" target="n35">
      <data key="e_weight">95</data>
    </edge>
    <edge source="n6" target="n36">
      <data key="e_weight">193</data>
    </edge>
    <edge source="n6" target="n37">
      <data key="e_weight">100</data>
    </edge>
    <edge source="n6" target="n39">
      <data key="e_weight">198</data>
    </edge>
    <edge source="n6" target="n40">
      <data key="e_weight">195</data>
    </edge>
    <edge source="n6" target="n41">
      <data key="e_weight">191</data>
    </edge>
    <edge source="n6" target="n42">
      <data key="e_weight">191</data>
    </edge>
    <edge source="n6" target="n43">
      <data key="e_weight">200</data>
    </edge>
    <edge source="n6" target="n45">
      <data key="e_weight">197</data>
    </edge>
    <edge source="n6" target="n46">
      <data key="e_weight">95</data>
    </edge>
    <edge source="n6" target="n47">
      <data key="e_weight">383</data>
    </edge>
    <edge source="n7" target="n8">
      <data key="e_weight">198</data>
    </edge>
    <edge source="n7" target="n11">
      <data key="e_weight">193</data>
    </edge>
    <edge source="n7" target="n12">
      <data key="e_weight">194</data>
    </edge>
    <edge source="n7" target="n24">
      <data key="e_weight">98</data>
    </edge>
    <edge source="n7" target="n47">
      <data key="e_weight">931</data>
    </edge>
    <edge source="n8" target="n9">
      <data key="e_weight">97</data>
    </edge>
    <edge source="n8" target="n10">
      <data key="e_weight">187</data>
    </edge>
    <edge source="n8" target="n11">
      <data key="e_weight">192</data>
    </edge>
    <edge source="n8" target="n12">
      <data key="e_weight">188</data>
    </edge>
    <edge source="n8" target="n22">
      <data key="e_weight">90</data>
    </edge>
    <edge source="n8" target="n24">
      <data key="e_weight">96</data>
    </edge>
    <edge source="n8" target="n47">
      <data key="e_weight">366</data>
    </edge>
    <edge source="n9" target="n10">
      <data key="e_weight">93</data>
    </edge>
    <edge source="n9" target="n11">
      <data key="e_weight">190</data>
    </edge>
    <edge source="n9" target="n12">
      <data key="e_weight">96</data>
    </edge>
    <edge source="n9" target="n13">
      <data key="e_weight">100</data>
    </edge>
    <edge source="n9" target="n22">
      <data key="e_weight">89</data>
    </edge>
    <edge source="n9" target="n47">
      <data key="e_weight">851</data>
    </edge>
    <edge source="n10" target="n11">
      <data key="e_weight">192</data>
    </edge>
    <edge source="n10" target="n12">
      <data key="e_weight">196</data>
    </edge>
    <edge source="n10" target="n24">
      <data key="e_weight">94</data>
    </edge>
    <edge source="n10" target="n29">
      <data key="e_weight">92</data>
    </edge>
    <edge source="n10" target="n30">
      <data key="e_weight">190</data>
    </edge>
    <edge source="n10" target="n47">
      <data key="e_weight">638</data>
    </edge>
    <edge source="n11" target="n12">
      <data key="e_weight">192</data>
    </edge>
    <edge source="n11" target="n19">
      <data key="e_weight">89</data>
    </edge>
    <edge source="n11" target="n24">
      <data key="e_weight">97</data>
    </edge>
    <edge source="n11" target="n47">
      <data key="e_weight">646</data>
    </edge>
    <edge source="n12" target="n19">
      <data key="e_weight">91</data>
    </edge>
    <edge source="n12" target="n21">
      <data key="e_weight">89</data>
    </edge>
    <edge source="n12" target="n47">
      <data key="e_weight">369</data>
    </edge>
    <edge source="n13" target="n47">
      <data key="e_weight">1710</data>
    </edge>
    <edge source="n14" target="n19">
      <data key="e_weight">198</data>
    </edge>
    <edge source="n14" target="n20">
      <data key="e_weight">196</data>
    </edge>
    <edge source="n14" target="n21">
      <data key="e_weight">187</data>
    </edge>
    <edge source="n14" target="n23">
      <data key="e_weight">191</data>
    </edge>
    <edge source="n14" target="n47">
      <data key="e_weight">557</data>
    </edge>
    <edge source="n15" target="n16">
      <data key="e_weight">191</data>
    </edge>
    <edge source="n15" target="n22">
      <data key="e_weight">190</data>
    </edge>
    <edge source="n15" target="n23">
      <data key="e_weight">190</data>
    </edge>
    <edge source="n15" target="n47">
      <data key="e_weight">845</data>
    </edge>
    <edge source="n16" target="n18">
      <data key="e_weight">92</data>
    </edge>
    <edge source="n16" target="n20">
      <data key="e_weight">93</data>
    </edge>
    <edge source="n16" target="n23">
      <data key="e_weight">95</data>
    </edge>
    <edge source="n16" target="n47">
      <data key="e_weight">755</data>
    </edge>
    <edge source="n17" target="n18">
      <data key="e_weight">93</data>
    </edge>
    <edge source="n17" target="n21">
      <data key="e_weight">188</data>
    </edge>
    <edge source="n17" target="n22">
      <data key="e_weight">94</data>
    </edge>
    <edge source="n17" target="n23">
      <data key="e_weight">190</data>
    </edge>
    <edge source="n17" target="n47">
      <data key="e_weight">741</data>
    </edge>
    <edge source="n18" target="n19">
      <data key="e_weight">191</data>
    </edge>
    <edge source="n18" target="n20">
      <data key="e_weight">94</data>
    </edge>
    <edge source="n18" target="n21">
      <data key="e_weight">99</data>
    </edge>
    <edge source="n18" target="n23">
      <data key="e_weight">96</data>
    </edge>
    <edge source="n18" target="n47">
      <data key="e_weight">470</data>
    </edge>
    <edge source="n19" target="n20">
      <data key="e_weight">199</data>
    </edge>
    <edge source="n19" target="n21">
      <data key="e_weight">191</data>
    </edge>
    <edge source="n19" target="n47">
      <data key="e_weight">275</data>
    </edge>
    <edge source="n20" target="n21">
      <data key="e_weight">97</data>
    </edge>
    <edge source="n20" target="n23">
      <data key="e_weight">185</data>
    </edge>
    <edge source="n20" target="n47">
      <data key="e_weight">180</data>
    </edge>
    <edge source="n21" target="n23">
      <data key="e_weight">187</data>
    </edge>
    <edge source="n21" target="n47">
      <data key="e_weight">386</data>
    </edge>
    <edge source="n22" target="n47">
      <data key="e_weight">770</data>
    </edge>
    <edge source="n23" target="n47">
      <data key="e_weight">198</data>
    </edge>
    <edge source="n24" target="n27">
      <data key="e_weight">187</data>
    </edge>
    <edge source="n24" target="n29">
      <data key="e_weight">98</data>
    </edge>
    <edge source="n24" target="n30">
      <data key="e_weight">190</data>
    </edge>
    <edge source="n24" target="n31">
      <data key="e_weight">95</data>
    </edge>
    <edge source="n24" target="n47">
      <data key="e_weight">373</data>
    </edge>
    <edge source="n25" target="n26">
      <data key="e_weight">94</data>
    </edge>
    <edge source="n25" target="n28">
      <data key="e_weight">193</data>
    </edge>
    <edge source="n25" target="n29">
      <data key="e_weight">188</data>
    </edge>
    <edge source="n25" target="n30">
      <data key="e_weight">90</data>
    </edge>
    <edge source="n25" target="n31">
      <data key="e_weight">192</data>
    </edge>
    <edge source="n25" target="n47">
      <data key="e_weight">470</data>
    </edge>
    <edge source="n26" target="n27">
      <data key="e_weight">94</data>
    </edge>
    <edge source="n26" target="n28">
      <data key="e_weight">196</data>
    </edge>
    <edge source="n26" target="n31">
      <data key="e_weight">196</data>
    </edge>
    <edge source="n26" target="n47">
      <data key="e_weight">1121</data>
    </edge>
    <edge source="n27" target="n28">
      <data key="e_weight">97</data>
    </edge>
    <edge source="n27" target="n29">
      <data key="e_weight">97</data>
    </edge>
    <edge source="n27" target="n30">
      <data key="e_weight">191</data>
    </edge>
    <edge source="n27" target="n31">
      <data key="e_weight">197</data>
    </edge>
    <edge source="n27" target="n47">
      <data key="e_weight">350</data>
    </edge>
    <edge source="n28" target="n29">
      <data key="e_weight">99</data>
    </edge>
    <edge source="n28" target="n30">
      <data key="e_weight">97</data>
    </edge>
    <edge source="n28" target="n31">
      <data key="e_weight">97</data>
    </edge>
    <edge source="n28" target="n47">
      <data key="e_weight">1020</data>
    </edge>
    <edge source="n29" target="n30">
      <data key="e_weight">192</data>
    </edge>
    <edge source="n29" target="n31">
      <data key="e_weight">93</data>
    </edge>
    <edge source="n29" target="n47">
      <data key="e_weight">354</data>
    </edge>
    <edge source="n30" target="n31">
      <data key="e_weight">88</data>
    </edge>
    <edge source="n30" target="n47">
      <data key="e_weight">271</data>
    </edge>
    <edge source="n31" target="n47">
      <data key="e_weight">178</data>
    </edge>
    <edge source="n32" target="n33">
      <data key="e_weight">95</data>
    </edge>
    <edge source="n32" target="n34">
      <data key="e_weight">97</data>
    </edge>
    <edge source="n32" target="n35">
      <data key="e_weight">190</data>
    </edge>
    <edge source="n32" target="n37">
      <data key="e_weight">92</data>
    </edge>
    <edge source="n32" target="n40">
      <data key="e_weight">189</data>
    </edge>
    <edge source="n32" target="n41">
      <data key="e_weight">91</data>
    </edge>
    <edge source="n32" target="n44">
      <data key="e_weight">197</data>
    </edge>
    <edge source="n32" target="n45">
      <data key="e_weight">98</data>
    </edge>
    <edge source="n32" target="n46">
      <data key="e_weight">191</data>
    </edge>
    <edge source="n33" target="n35">
      <data key="e_weight">90</data>
    </edge>
    <edge source="n33" target="n36">
      <data key="e_weight">192</data>
    </edge>
    <edge source="n33" target="n37">
      <data key="e_weight">99</data>
    </edge>
    <edge source="n33" target="n38">
      <data key="e_weight">100</data>
    </edge>
    <edge source="n33" target="n39">
      <data key="e_weight">190</data>
    </edge>
    <edge source="n33" target="n40">
      <data key="e_weight">195</data>
    </edge>
    <edge source="n33" target="n41">
      <data key="e_weight">183</data>
    </edge>
    <edge source="n33" target="n42">
      <data key="e_weight">188</data>
    </edge>
    <edge source="n33" target="n43">
      <data key="e_weight">195</data>
    </edge>
    <edge source="n33" target="n45">
      <data key="e_weight">196</data>
    </edge>
    <edge source="n33" target="n47">
      <data key="e_weight">284</data>
    </edge>
    <edge source="n34" target="n35">
      <data key="e_weight">98</data>
    </edge>
    <edge source="n34" target="n44">
      <data key="e_weight">198</data>
    </edge>
    <edge source="n34" target="n46">
      <data key="e_weight">98</data>
    </edge>
    <edge source="n34" target="n47">
      <data key="e_weight">1710</data>
    </edge>
    <edge source="n35" target="n37">
      <data key="e_weight">92</data>
    </edge>
    <edge source="n35" target="n40">
      <data key="e_weight">94</data>
    </edge>
    <edge source="n35" target="n43">
      <data key="e_weight">93</data>
    </edge>
    <edge source="n35" target="n44">
      <data key="e_weight">199</data>
    </edge>
    <edge source="n35" target="n45">
      <data key="e_weight">96</data>
    </edge>
    <edge source="n35" target="n46">
      <data key="e_weight">199</data>
    </edge>
    <edge source="n36" target="n37">
      <data key="e_weight">91</data>
    </edge>
    <edge source="n36" target="n39">
      <data key="e_weight">197</data>
    </edge>
    <edge source="n36" target="n40">
      <data key="e_weight">186</data>
    </edge>
    <edge source="n36" target="n41">
      <data key="e_weight">183</data>
    </edge>
    <edge source="n36" target="n42">
      <data key="e_weight">182</data>
    </edge>
    <edge source="n36" target="n43">
      <data key="e_weight">192</data>
    </edge>
    <edge source="n36" target="n44">
      <data key="e_weight">185</data>
    </edge>
    <edge source="n36" target="n45">
      <data key="e_weight">192</data>
    </edge>
    <edge source="n36" target="n46">
      <data key="e_weight">94</data>
    </edge>
    <edge source="n36" target="n47">
      <data key="e_weight">188</data>
    </edge>
    <edge source="n37" target="n38">
      <data key="e_weight">98</data>
    </edge>
    <edge source="n37" target="n39">
      <data key="e_weight">190</data>
    </edge>
    <edge source="n37" target="n40">
      <data key="e_weight">194</data>
    </edge>
    <edge source="n37" target="n41">
      <data key="e_weight">93</data>
    </edge>
    <edge source="n37" target="n42">
      <data key="e_weight">187</data>
    </edge>
    <edge source="n37" target="n43">
      <data key="e_weight">97</data>
    </edge>
    <edge source="n37" target="n45">
      <data key="e_weight">95</data>
    </edge>
    <edge source="n37" target="n46">
      <data key="e_weight">93</data>
    </edge>
    <edge source="n37" target="n47">
      <data key="e_weight">196</data>
    </edge>
    <edge source="n38" target="n39">
      <data key="e_weight">97</data>
    </edge>
    <edge source="n38" target="n40">
      <data key="e_weight">99</data>
    </edge>
    <edge source="n38" target="n47">
      <data key="e_weight">1026</data>
    </edge>
    <edge source="n39" target="n40">
      <data key="e_weight">189</data>
    </edge>
    <edge source="n39" target="n41">
      <data key="e_weight">184</data>
    </edge>
    <edge source="n39" target="n42">
      <data key="e_weight">186</data>
    </edge>
    <edge source="n39" target="n43">
      <data key="e_weight">190</data>
    </edge>
    <edge source="n39" target="n44">
      <data key="e_weight">91</data>
    </edge>
    <edge source="n39" target="n45">
      <data key="e_weight">184</data>
    </edge>
    <edge source="n40" target="n41">
      <data key="e_weight">189</data>
    </edge>
    <edge source="n40" target="n42">
      <data key="e_weight">188</data>
    </edge>
    <edge source="n40" target="n43">
      <data key="e_weight">190</data>
    </edge>
    <edge source="n40" target="n44">
      <data key="e_weight">90</data>
    </edge>
    <edge source="n40" target="n45">
      <data key="e_weight">190</data>
    </edge>
    <edge source="n40" target="n46">
      <data key="e_weight">91</data>
    </edge>
    <edge source="n41" target="n42">
      <data key="e_weight">198</data>
    </edge>
    <edge source="n41" target="n43">
      <data key="e_weight">192</data>
    </edge>
    <edge source="n41" target="n45">
      <data key="e_weight">189</data>
    </edge>
    <edge source="n41" target="n47">
      <data key="e_weight">374</data>
    </edge>
    <edge source="n42" target="n43">
      <data key="e_weight">193</data>
    </edge>
    <edge source="n42" target="n45">
      <data key="e_weight">196</data>
    </edge>
    <edge source="n42" target="n47">
      <data key="e_weight">180</data>
    </edge>
    <edge source="n43" target="n44">
      <data key="e_weight">184</data>
    </edge>
    <edge source="n43" target="n45">
      <data key="e_weight">197</data>
    </edge>
    <edge source="n43" target="n46">
      <data key="e_weight">90</data>
    </edge>
    <edge source="n43" target="n47">
      <data key="e_weight">198</data>
    </edge>
    <edge source="n44" target="n45">
      <data key="e_weight">186</data>
    </edge>
    <edge source="n44" target="n46">
      <data key="e_weight">199</data>
    </edge>
    <edge source="n44" target="n47">
      <data key="e_weight">186</data>
    </edge>
    <edge source="n45" target="n46">
      <data key="e_weight">96</data>
    </edge>
    <edge source="n45" target="n47">
      <data key="e_weight">188</data>
    </edge>
  </graph>
</graphml>
