<?xml version="1.0" encoding="UTF-8"?>
<graphml xmlns="http://graphml.graphdrawing.org/xmlns"
         xmlns:xsi="http://www.w3.org/2001/XMLSchema-instance"
         xsi:schemaLocation="http://graphml.graphdrawing.org/xmlns
         http://graphml.graphdrawing.org/xmlns/1.0/graphml.xsd">
<!-- Created by igraph -->
  <key id="v_Title" for="node" attr.name="Title" attr.type="string"/>
  <key id="v_hrank" for="node" attr.name="hrank" attr.type="double"/>
  <key id="v_numDirects" for="node" attr.name="numDirects" attr.type="double"/>
  <key id="v_numCollegues" for="node" attr.name="numCollegues" attr.type="double"/>
  <key id="v_RecentlyModifiedCount" for="node" attr.name="RecentlyModifiedCount" attr.type="double"/>
  <key id="v_ModifiedTitles" for="node" attr.name="ModifiedTitles" attr.type="string"/>
  <key id="v_TrendingTitles" for="node" attr.name="TrendingTitles" attr.type="string"/>
  <key id="v_id" for="node" attr.name="id" attr.type="string"/>
  <key id="e_weight" for="edge" attr.name="weight" attr.type="double"/>
  <graph id="G" edgedefault="undirected">
    <node id="n0">
      <data key="v_Title">Guy Shalev</data>
      <data key="v_hrank">0</data>
      <data key="v_numDirects">0</data>
      <data key="v_numCollegues">0</data>
      <data key="v_RecentlyModifiedCount">3</data>
      <data key="v_ModifiedTitles"> ; PBI for Surface hub ; Pordcut feature roadmap March 2016.pptx ; Power BI touch SPEC.pptx</data>
      <data key="v_TrendingTitles"> ; 16.4.1 - Release meta data.pptx ; 16.4.2 - Release meta data.pptx ; Product review April 2016_V1.pptx ; PBI for Surface hub ; Planning ; Engineering ; PaaS Launch Planning ; Business Day ; 16.3.2 - Release meta data.pptx ; Get Engaged 13April2016.pptx ; PowerBI mobile feature heat map definition ; MD-DesignReview-14.4 ; Process ; Mobile Dashboards Architecture ; Geo filtering SPEC.pptx ; Product review March 2016.pptx ; Get Engaged 4MAY2016.pptx ; Microsoft_VS_Tableau.pptx ; Mobile BI ; Mobile Reports Design</data>
      <data key="v_id">203120894</data>
    </node>
    <node id="n1">
      <data key="v_Title">OUTSIDE</data>
      <data key="v_hrank">0</data>
      <data key="v_numDirects">0</data>
      <data key="v_numCollegues">0</data>
      <data key="v_RecentlyModifiedCount">0</data>
      <data key="v_ModifiedTitles">unknown</data>
      <data key="v_TrendingTitles">unknown</data>
      <data key="v_id">-100</data>
    </node>
    <edge source="n0" target="n1">
      <data key="e_weight">1045</data>
    </edge>
  </graph>
</graphml>
