﻿<?xml version="1.0" encoding="utf-8"?><graphml xmlns:xsi="http://www.w3.org/2001/XMLSchema-instance" xsi:schemaLocation="http://graphml.graphdrawing.org/xmlns http://graphml.graphdrawing.org/xmlns/1.0/graphml.xsd" xmlns="http://graphml.graphdrawing.org/xmlns"><key id="Title" for="node" attr.name="Title" attr.type="string"><default>unknown</default></key><key id="hrank" for="node" attr.name="hrank" attr.type="double"><default>0</default></key><key id="numDirects" for="node" attr.name="numDirects" attr.type="double"><default>0</default></key><key id="numCollegues" for="node" attr.name="numCollegues" attr.type="double"><default>0</default></key><key id="weight" for="edge" attr.name="weight" attr.type="double"><default>1</default></key><graph id="hierarchy_graph" edgedefault="directed"><node id="149335627"><data key="Title">Scott Guthrie</data><data key="hrank">0</data><data key="numDirects">18</data></node><node id="106686740"><data key="Title">James Staten</data><data key="hrank">1</data><data key="numCollegues">18</data><data key="numDirects">4</data></node><node id="148885148"><data key="Title">Ulrich Homann</data><data key="hrank">1</data><data key="numCollegues">18</data><data key="numDirects">1</data></node><node id="149325703"><data key="Title">Mike Neil</data><data key="hrank">1</data><data key="numCollegues">18</data><data key="numDirects">17</data></node><node id="149339732"><data key="Title">Brian Harry</data><data key="hrank">1</data><data key="numCollegues">18</data><data key="numDirects">10</data></node><node id="149349017"><data key="Title">Christi Fox Holder</data><data key="hrank">1</data><data key="numCollegues">18</data><data key="numDirects">1</data></node><node id="149350488"><data key="Title">Jason Zander</data><data key="hrank">1</data><data key="numCollegues">18</data><data key="numDirects">20</data></node><node id="149352729"><data key="Title">Bharat Shah (NT)</data><data key="hrank">1</data><data key="numCollegues">18</data><data key="numDirects">12</data></node><node id="149362958"><data key="Title">Steven Martin</data><data key="hrank">1</data><data key="numCollegues">18</data><data key="numDirects">6</data></node><node id="149378572"><data key="Title">Samuel Shen</data><data key="hrank">1</data><data key="numCollegues">18</data><data key="numDirects">11</data></node><node id="149385553"><data key="Title">David Treadwell</data><data key="hrank">1</data><data key="numCollegues">18</data><data key="numDirects">9</data></node><node id="149400055"><data key="Title">James Phillips</data><data key="hrank">1</data><data key="numCollegues">18</data><data key="numDirects">20</data></node><node id="149443703"><data key="Title">Anie Borja</data><data key="hrank">1</data><data key="numCollegues">18</data><data key="numDirects">6</data></node><node id="149463246"><data key="Title">Joseph Sirosh</data><data key="hrank">1</data><data key="numCollegues">18</data><data key="numDirects">19</data></node><node id="279195295"><data key="Title">Suresh Kumar</data><data key="hrank">1</data><data key="numCollegues">18</data><data key="numDirects">9</data></node><node id="17592598117429"><data key="Title">Nat Friedman</data><data key="hrank">1</data><data key="numCollegues">18</data><data key="numDirects">10</data></node><node id="149309006"><data key="Title">Julia Liuson</data><data key="hrank">1</data><data key="numCollegues">18</data><data key="numDirects">12</data></node><node id="149375913"><data key="Title">Brad Anderson</data><data key="hrank">1</data><data key="numCollegues">18</data><data key="numDirects">7</data></node><node id="149402858"><data key="Title">Jujhar Singh</data><data key="hrank">1</data><data key="numCollegues">18</data><data key="numDirects">13</data></node><node id="149364039"><data key="Title">Larry Persaud</data><data key="hrank">2</data><data key="numCollegues">4</data><data key="numDirects">0</data></node><node id="149404586"><data key="Title">Mukund Mohan</data><data key="hrank">2</data><data key="numCollegues">4</data><data key="numDirects">0</data></node><node id="17592360740073"><data key="Title">Wendy Spies</data><data key="hrank">2</data><data key="numCollegues">4</data><data key="numDirects">0</data></node><node id="17592609407376"><data key="Title">Barry Briggs (LMC CONSULTING GROUP)</data><data key="hrank">2</data><data key="numCollegues">4</data><data key="numDirects">0</data></node><node id="149307248"><data key="Title">Catrin Graf (KPMG AG Wirtschaftsprüfungsges)</data><data key="hrank">2</data><data key="numCollegues">1</data><data key="numDirects">0</data></node><node id="30449988"><data key="Title">Leendert van Doorn</data><data key="hrank">2</data><data key="numCollegues">17</data><data key="numDirects">0</data></node><node id="148895250"><data key="Title">Chris Phillips</data><data key="hrank">2</data><data key="numCollegues">17</data><data key="numDirects">0</data></node><node id="149367814"><data key="Title">Scott Herrboldt</data><data key="hrank">2</data><data key="numCollegues">17</data><data key="numDirects">0</data></node><node id="149372365"><data key="Title">Laurie Resch (ENGEL)</data><data key="hrank">2</data><data key="numCollegues">17</data><data key="numDirects">0</data></node><node id="179230984"><data key="Title">Jeff Sandquist</data><data key="hrank">2</data><data key="numCollegues">17</data><data key="numDirects">0</data></node><node id="17592559557412"><data key="Title">Wim Coekaerts</data><data key="hrank">2</data><data key="numCollegues">17</data><data key="numDirects">0</data></node><node id="148885762"><data key="Title">Anil Bhansali</data><data key="hrank">2</data><data key="numCollegues">17</data><data key="numDirects">0</data></node><node id="149306280"><data key="Title">Erin Chapple (BOURKE-DUNPHY)</data><data key="hrank">2</data><data key="numCollegues">17</data><data key="numDirects">0</data></node><node id="149311504"><data key="Title">Anders Vinberg</data><data key="hrank">2</data><data key="numCollegues">17</data><data key="numDirects">0</data></node><node id="149317440"><data key="Title">Jeffrey Snover</data><data key="hrank">2</data><data key="numCollegues">17</data><data key="numDirects">0</data></node><node id="149318800"><data key="Title">Mohammed El-Gammal</data><data key="hrank">2</data><data key="numCollegues">17</data><data key="numDirects">0</data></node><node id="149320622"><data key="Title">Sharad Mathur</data><data key="hrank">2</data><data key="numCollegues">17</data><data key="numDirects">0</data></node><node id="149334002"><data key="Title">Ryan O'Hara</data><data key="hrank">2</data><data key="numCollegues">17</data><data key="numDirects">0</data></node><node id="149355181"><data key="Title">Thomas Pfenning</data><data key="hrank">2</data><data key="numCollegues">17</data><data key="numDirects">0</data></node><node id="149375747"><data key="Title">Srinivasan Chandrasekar</data><data key="hrank">2</data><data key="numCollegues">17</data><data key="numDirects">0</data></node><node id="149387817"><data key="Title">Jeremy Winter</data><data key="hrank">2</data><data key="numCollegues">17</data><data key="numDirects">0</data></node><node id="149389336"><data key="Title">Angie Anderson</data><data key="hrank">2</data><data key="numCollegues">17</data><data key="numDirects">0</data></node><node id="149302540"><data key="Title">Munil Shah</data><data key="hrank">2</data><data key="numCollegues">10</data><data key="numDirects">0</data></node><node id="149310976"><data key="Title">Alex Zakonov</data><data key="hrank">2</data><data key="numCollegues">10</data><data key="numDirects">0</data></node><node id="149315144"><data key="Title">Wolfram Schulte</data><data key="hrank">2</data><data key="numCollegues">10</data><data key="numDirects">0</data></node><node id="149316777"><data key="Title">Lori Lamkin</data><data key="hrank">2</data><data key="numCollegues">10</data><data key="numDirects">0</data></node><node id="149330914"><data key="Title">Buck Hodges</data><data key="hrank">2</data><data key="numCollegues">10</data><data key="numDirects">0</data></node><node id="149345473"><data key="Title">Shamik Basu</data><data key="hrank">2</data><data key="numCollegues">10</data><data key="numDirects">0</data></node><node id="149357555"><data key="Title">Merav Davidson</data><data key="hrank">2</data><data key="numCollegues">10</data><data key="numDirects">0</data></node><node id="149364200"><data key="Title">Ram Yonat</data><data key="hrank">2</data><data key="numCollegues">10</data><data key="numDirects">0</data></node><node id="149481697"><data key="Title">Sanjay Anand</data><data key="hrank">2</data><data key="numCollegues">10</data><data key="numDirects">0</data></node><node id="149483993"><data key="Title">Rebecca Schofstoll</data><data key="hrank">2</data><data key="numCollegues">10</data><data key="numDirects">0</data></node><node id="17592371348751"><data key="Title">Rocky Martinez</data><data key="hrank">2</data><data key="numCollegues">1</data><data key="numDirects">0</data></node><node id="148878630"><data key="Title">Marne Staples</data><data key="hrank">2</data><data key="numCollegues">20</data><data key="numDirects">0</data></node><node id="148887644"><data key="Title">Albert Greenberg</data><data key="hrank">2</data><data key="numCollegues">20</data><data key="numDirects">0</data></node><node id="149302457"><data key="Title">Kushagra Vaid</data><data key="hrank">2</data><data key="numCollegues">20</data><data key="numDirects">0</data></node><node id="149308496"><data key="Title">Tad Brockway</data><data key="hrank">2</data><data key="numCollegues">20</data><data key="numDirects">0</data></node><node id="149309051"><data key="Title">Melinda Harney</data><data key="hrank">2</data><data key="numCollegues">20</data><data key="numDirects">0</data></node><node id="149316647"><data key="Title">Mark Russinovich</data><data key="hrank">2</data><data key="numCollegues">20</data><data key="numDirects">0</data></node><node id="149337945"><data key="Title">Sinead O'Donovan</data><data key="hrank">2</data><data key="numCollegues">20</data><data key="numDirects">0</data></node><node id="149346630"><data key="Title">John Gossman</data><data key="hrank">2</data><data key="numCollegues">20</data><data key="numDirects">0</data></node><node id="149355564"><data key="Title">Aseem Datar</data><data key="hrank">2</data><data key="numCollegues">20</data><data key="numDirects">0</data></node><node id="149361828"><data key="Title">Salim Chawro</data><data key="hrank">2</data><data key="numCollegues">20</data><data key="numDirects">0</data></node><node id="149363738"><data key="Title">Tom Keane</data><data key="hrank">2</data><data key="numCollegues">20</data><data key="numDirects">0</data></node><node id="149374774"><data key="Title">Girish Bablani</data><data key="hrank">2</data><data key="numCollegues">20</data><data key="numDirects">0</data></node><node id="149379553"><data key="Title">Yousef Khalidi</data><data key="hrank">2</data><data key="numCollegues">20</data><data key="numDirects">0</data></node><node id="149384851"><data key="Title">Corey Sanders</data><data key="hrank">2</data><data key="numCollegues">20</data><data key="numDirects">0</data></node><node id="149386001"><data key="Title">Greg Veith</data><data key="hrank">2</data><data key="numCollegues">20</data><data key="numDirects">0</data></node><node id="149390813"><data key="Title">Bill Laing</data><data key="hrank">2</data><data key="numCollegues">20</data><data key="numDirects">0</data></node><node id="149392674"><data key="Title">Mark Souza</data><data key="hrank">2</data><data key="numCollegues">20</data><data key="numDirects">0</data></node><node id="178539618"><data key="Title">Cameron Skinner</data><data key="hrank">2</data><data key="numCollegues">20</data><data key="numDirects">0</data></node><node id="149342620"><data key="Title">Gopal Kakivaya</data><data key="hrank">2</data><data key="numCollegues">20</data><data key="numDirects">0</data></node><node id="174993146"><data key="Title">Douglas Phillips</data><data key="hrank">2</data><data key="numCollegues">20</data><data key="numDirects">0</data></node><node id="148877735"><data key="Title">Jochen Liesche</data><data key="hrank">2</data><data key="numCollegues">12</data><data key="numDirects">0</data></node><node id="149320112"><data key="Title">Dan Plastina</data><data key="hrank">2</data><data key="numCollegues">12</data><data key="numDirects">0</data></node><node id="149322041"><data key="Title">Yoram Yaacovi</data><data key="hrank">2</data><data key="numCollegues">12</data><data key="numDirects">0</data></node><node id="149323582"><data key="Title">David Howell</data><data key="hrank">2</data><data key="numCollegues">12</data><data key="numDirects">0</data></node><node id="149348716"><data key="Title">Brenda McKee</data><data key="hrank">2</data><data key="numCollegues">12</data><data key="numDirects">0</data></node><node id="149360054"><data key="Title">David Cross</data><data key="hrank">2</data><data key="numCollegues">12</data><data key="numDirects">0</data></node><node id="149360570"><data key="Title">Hervey Wilson</data><data key="hrank">2</data><data key="numCollegues">12</data><data key="numDirects">0</data></node><node id="149382049"><data key="Title">Pete Boden</data><data key="hrank">2</data><data key="numCollegues">12</data><data key="numDirects">0</data></node><node id="149386315"><data key="Title">Hayden Hainsworth</data><data key="hrank">2</data><data key="numCollegues">12</data><data key="numDirects">0</data></node><node id="149392384"><data key="Title">Mario Goertzel</data><data key="hrank">2</data><data key="numCollegues">12</data><data key="numDirects">0</data></node><node id="149392744"><data key="Title">Scott Field</data><data key="hrank">2</data><data key="numCollegues">12</data><data key="numDirects">0</data></node><node id="149376678"><data key="Title">Matt Thomlinson</data><data key="hrank">2</data><data key="numCollegues">12</data><data key="numDirects">0</data></node><node id="148886099"><data key="Title">Sujal Parikh</data><data key="hrank">2</data><data key="numCollegues">6</data><data key="numDirects">0</data></node><node id="149305479"><data key="Title">Jon Acone</data><data key="hrank">2</data><data key="numCollegues">6</data><data key="numDirects">0</data></node><node id="149396329"><data key="Title">Pankaj Sharma</data><data key="hrank">2</data><data key="numCollegues">6</data><data key="numDirects">0</data></node><node id="149437166"><data key="Title">John Noonan</data><data key="hrank">2</data><data key="numCollegues">6</data><data key="numDirects">0</data></node><node id="149347146"><data key="Title">Ron Sielinski</data><data key="hrank">2</data><data key="numCollegues">6</data><data key="numDirects">0</data></node><node id="149494070"><data key="Title">Kristy Patterson</data><data key="hrank">2</data><data key="numCollegues">6</data><data key="numDirects">0</data></node><node id="148875041"><data key="Title">Bobby Mak</data><data key="hrank">2</data><data key="numCollegues">11</data><data key="numDirects">0</data></node><node id="148876689"><data key="Title">Bin Zhou</data><data key="hrank">2</data><data key="numCollegues">11</data><data key="numDirects">0</data></node><node id="148891474"><data key="Title">Norman Ng</data><data key="hrank">2</data><data key="numCollegues">11</data><data key="numDirects">0</data></node><node id="149326482"><data key="Title">Christine Chen</data><data key="hrank">2</data><data key="numCollegues">11</data><data key="numDirects">0</data></node><node id="149335140"><data key="Title">Gary Sun</data><data key="hrank">2</data><data key="numCollegues">11</data><data key="numDirects">0</data></node><node id="149355530"><data key="Title">Samuel (CN) Cheng</data><data key="hrank">2</data><data key="numCollegues">11</data><data key="numDirects">0</data></node><node id="149359762"><data key="Title">Gebi Liang</data><data key="hrank">2</data><data key="numCollegues">11</data><data key="numDirects">0</data></node><node id="149411583"><data key="Title">Monica Chen</data><data key="hrank">2</data><data key="numCollegues">11</data><data key="numDirects">0</data></node><node id="149425218"><data key="Title">Zhen Liu</data><data key="hrank">2</data><data key="numCollegues">11</data><data key="numDirects">0</data></node><node id="149493639"><data key="Title">Lang Yun</data><data key="hrank">2</data><data key="numCollegues">11</data><data key="numDirects">0</data></node><node id="155251631"><data key="Title">Kathy Chen</data><data key="hrank">2</data><data key="numCollegues">11</data><data key="numDirects">0</data></node><node id="149310593"><data key="Title">Rodney Abelev</data><data key="hrank">2</data><data key="numCollegues">9</data><data key="numDirects">0</data></node><node id="149330374"><data key="Title">Kim Cameron</data><data key="hrank">2</data><data key="numCollegues">9</data><data key="numDirects">0</data></node><node id="149330939"><data key="Title">John Justice</data><data key="hrank">2</data><data key="numCollegues">9</data><data key="numDirects">0</data></node><node id="149339516"><data key="Title">Alex Simons (AZURE)</data><data key="hrank">2</data><data key="numCollegues">9</data><data key="numDirects">0</data></node><node id="149353095"><data key="Title">Vikram Nagaraj (IDENTITY)</data><data key="hrank">2</data><data key="numCollegues">9</data><data key="numDirects">0</data></node><node id="149353660"><data key="Title">Murli Satagopan</data><data key="hrank">2</data><data key="numCollegues">9</data><data key="numDirects">0</data></node><node id="149372901"><data key="Title">Jennifer Kalal</data><data key="hrank">2</data><data key="numCollegues">9</data><data key="numDirects">0</data></node><node id="149401444"><data key="Title">Steve Dispensa</data><data key="hrank">2</data><data key="numCollegues">9</data><data key="numDirects">0</data></node><node id="152386973"><data key="Title">Dawn Giesbers</data><data key="hrank">2</data><data key="numCollegues">9</data><data key="numDirects">0</data></node><node id="148878581"><data key="Title">Sri Srinivasan</data><data key="hrank">2</data><data key="numCollegues">20</data><data key="numDirects">0</data></node><node id="148880008"><data key="Title">Laurent Mollicone</data><data key="hrank">2</data><data key="numCollegues">20</data><data key="numDirects">0</data></node><node id="148891070"><data key="Title">Charles Lamanna</data><data key="hrank">2</data><data key="numCollegues">20</data><data key="numDirects">0</data></node><node id="149300582"><data key="Title">Bilal Alam</data><data key="hrank">2</data><data key="numCollegues">20</data><data key="numDirects">0</data></node><node id="149300651"><data key="Title">Sudheer Sirivara</data><data key="hrank">2</data><data key="numCollegues">20</data><data key="numDirects">0</data></node><node id="149305756"><data key="Title">Vivek Dalvi</data><data key="hrank">2</data><data key="numCollegues">20</data><data key="numDirects">0</data></node><node id="149323388"><data key="Title">Daniel Brown</data><data key="hrank">2</data><data key="numCollegues">20</data><data key="numDirects">0</data></node><node id="149337955"><data key="Title">T.K. Anand</data><data key="hrank">2</data><data key="numCollegues">20</data><data key="numDirects">0</data></node><node id="149342120"><data key="Title">Marko Perisic</data><data key="hrank">2</data><data key="numCollegues">20</data><data key="numDirects">0</data></node><node id="149342363"><data key="Title">Ariel Katz</data><data key="hrank">2</data><data key="numCollegues">20</data><data key="numDirects">0</data></node><node id="149353566"><data key="Title">Nir Mashkowski</data><data key="hrank">2</data><data key="numCollegues">20</data><data key="numDirects">0</data></node><node id="149359889"><data key="Title">Carlos Aguilar Mares</data><data key="hrank">2</data><data key="numCollegues">20</data><data key="numDirects">0</data></node><node id="149362345"><data key="Title">Faisal Mohamood</data><data key="hrank">2</data><data key="numCollegues">20</data><data key="numDirects">0</data></node><node id="149373582"><data key="Title">Jonah Sterling</data><data key="hrank">2</data><data key="numCollegues">20</data><data key="numDirects">0</data></node><node id="149388144"><data key="Title">Kamal Hathi</data><data key="hrank">2</data><data key="numCollegues">20</data><data key="numDirects">0</data></node><node id="149410041"><data key="Title">Amir Netz</data><data key="hrank">2</data><data key="numCollegues">20</data><data key="numDirects">0</data></node><node id="207536170"><data key="Title">Frank Weigel</data><data key="hrank">2</data><data key="numCollegues">20</data><data key="numDirects">0</data></node><node id="149304736"><data key="Title">Ti Jefferson</data><data key="hrank">2</data><data key="numCollegues">20</data><data key="numDirects">0</data></node><node id="149315303"><data key="Title">Mike Ehrenberg</data><data key="hrank">2</data><data key="numCollegues">20</data><data key="numDirects">0</data></node><node id="149360725"><data key="Title">Amelia Maxwell</data><data key="hrank">2</data><data key="numCollegues">20</data><data key="numDirects">0</data></node><node id="149313314"><data key="Title">Sacha Dawes</data><data key="hrank">2</data><data key="numCollegues">6</data><data key="numDirects">0</data></node><node id="149398898"><data key="Title">Emily Hove</data><data key="hrank">2</data><data key="numCollegues">6</data><data key="numDirects">0</data></node><node id="149402733"><data key="Title">Jennifer Newkirk (Innovation Arts Group LLC)</data><data key="hrank">2</data><data key="numCollegues">6</data><data key="numDirects">0</data></node><node id="184981138"><data key="Title">Esther Hong (Innovation Arts Group LLC)</data><data key="hrank">2</data><data key="numCollegues">6</data><data key="numDirects">0</data></node><node id="244848016"><data key="Title">Andrew Sack (Innovation Arts Group LLC)</data><data key="hrank">2</data><data key="numCollegues">6</data><data key="numDirects">0</data></node><node id="247210750"><data key="Title">Philip Vaughn (Innovation Arts Group LLC)</data><data key="hrank">2</data><data key="numCollegues">6</data><data key="numDirects">0</data></node><node id="148881088"><data key="Title">Pablo Castro</data><data key="hrank">2</data><data key="numCollegues">19</data><data key="numDirects">0</data></node><node id="148882309"><data key="Title">Rimma Nehme</data><data key="hrank">2</data><data key="numCollegues">19</data><data key="numDirects">0</data></node><node id="148890116"><data key="Title">Jason Wilcox</data><data key="hrank">2</data><data key="numCollegues">19</data><data key="numDirects">0</data></node><node id="149302064"><data key="Title">Vinod Anantharaman</data><data key="hrank">2</data><data key="numCollegues">19</data><data key="numDirects">0</data></node><node id="149304212"><data key="Title">Anand Raman</data><data key="hrank">2</data><data key="numCollegues">19</data><data key="numDirects">0</data></node><node id="149306258"><data key="Title">Rohan Kumar</data><data key="hrank">2</data><data key="numCollegues">19</data><data key="numDirects">0</data></node><node id="149310380"><data key="Title">Srikanth Shoroff</data><data key="hrank">2</data><data key="numCollegues">19</data><data key="numDirects">0</data></node><node id="149311975"><data key="Title">Sudhakar Sannakkayala</data><data key="hrank">2</data><data key="numCollegues">19</data><data key="numDirects">0</data></node><node id="149316973"><data key="Title">Gio Della-Libera</data><data key="hrank">2</data><data key="numCollegues">19</data><data key="numDirects">0</data></node><node id="149327785"><data key="Title">Shawn Bice</data><data key="hrank">2</data><data key="numCollegues">19</data><data key="numDirects">0</data></node><node id="149356299"><data key="Title">Lance Olson</data><data key="hrank">2</data><data key="numCollegues">19</data><data key="numDirects">0</data></node><node id="149377070"><data key="Title">Shahrokh Mortazavi</data><data key="hrank">2</data><data key="numCollegues">19</data><data key="numDirects">0</data></node><node id="149380153"><data key="Title">Dharma Shukla</data><data key="hrank">2</data><data key="numCollegues">19</data><data key="numDirects">0</data></node><node id="149385389"><data key="Title">David DeWitt</data><data key="hrank">2</data><data key="numCollegues">19</data><data key="numDirects">0</data></node><node id="149390629"><data key="Title">Lev Novik</data><data key="hrank">2</data><data key="numCollegues">19</data><data key="numDirects">0</data></node><node id="149398814"><data key="Title">Raghu Ramakrishnan</data><data key="hrank">2</data><data key="numCollegues">19</data><data key="numDirects">0</data></node><node id="149420594"><data key="Title">John Macintyre</data><data key="hrank">2</data><data key="numCollegues">19</data><data key="numDirects">0</data></node><node id="149421231"><data key="Title">Vijay Narayanan</data><data key="hrank">2</data><data key="numCollegues">19</data><data key="numDirects">0</data></node><node id="149387769"><data key="Title">Jennifer Janzen</data><data key="hrank">2</data><data key="numCollegues">19</data><data key="numDirects">0</data></node><node id="59295796"><data key="Title">Rick Batye</data><data key="hrank">2</data><data key="numCollegues">9</data><data key="numDirects">0</data></node><node id="148880238"><data key="Title">Mike Miles</data><data key="hrank">2</data><data key="numCollegues">9</data><data key="numDirects">0</data></node><node id="149300279"><data key="Title">Christian Belady</data><data key="hrank">2</data><data key="numCollegues">9</data><data key="numDirects">0</data></node><node id="149333016"><data key="Title">Tom Harpel</data><data key="hrank">2</data><data key="numCollegues">9</data><data key="numDirects">0</data></node><node id="149337920"><data key="Title">Darryn Dieken</data><data key="hrank">2</data><data key="numCollegues">9</data><data key="numDirects">0</data></node><node id="149386045"><data key="Title">Guhan Suriyanarayanan</data><data key="hrank">2</data><data key="numCollegues">9</data><data key="numDirects">0</data></node><node id="149445895"><data key="Title">Kimberly Truell</data><data key="hrank">2</data><data key="numCollegues">9</data><data key="numDirects">0</data></node><node id="271797742"><data key="Title">Kapil Bhatia</data><data key="hrank">2</data><data key="numCollegues">9</data><data key="numDirects">0</data></node><node id="17592379665962"><data key="Title">Jerry Palmer</data><data key="hrank">2</data><data key="numCollegues">9</data><data key="numDirects">0</data></node><node id="17592589308820"><data key="Title">Keith Ballinger</data><data key="hrank">2</data><data key="numCollegues">10</data><data key="numDirects">0</data></node><node id="17592592017365"><data key="Title">Miguel de Icaza</data><data key="hrank">2</data><data key="numCollegues">10</data><data key="numDirects">0</data></node><node id="17592612775164"><data key="Title">Bojan Rajkovic</data><data key="hrank">2</data><data key="numCollegues">10</data><data key="numDirects">0</data></node><node id="17592615630934"><data key="Title">Henric Müller</data><data key="hrank">2</data><data key="numCollegues">10</data><data key="numDirects">0</data></node><node id="17592624302334"><data key="Title">Bryan Costanich</data><data key="hrank">2</data><data key="numCollegues">10</data><data key="numDirects">0</data></node><node id="17592626315891"><data key="Title">Joseph Hill</data><data key="hrank">2</data><data key="numCollegues">10</data><data key="numDirects">0</data></node><node id="17592631263031"><data key="Title">Bryan Morris</data><data key="hrank">2</data><data key="numCollegues">10</data><data key="numDirects">0</data></node><node id="17592631341359"><data key="Title">Derek Drennan</data><data key="hrank">2</data><data key="numCollegues">10</data><data key="numDirects">0</data></node><node id="17592643104758"><data key="Title">Julia Metcalf</data><data key="hrank">2</data><data key="numCollegues">10</data><data key="numDirects">0</data></node><node id="17592643902913"><data key="Title">David Siegel</data><data key="hrank">2</data><data key="numCollegues">10</data><data key="numDirects">0</data></node><node id="148895635"><data key="Title">John Cunningham</data><data key="hrank">2</data><data key="numCollegues">12</data><data key="numDirects">0</data></node><node id="148897701"><data key="Title">Jay Schmelzer</data><data key="hrank">2</data><data key="numCollegues">12</data><data key="numDirects">0</data></node><node id="149310134"><data key="Title">Karen Ng (LIU)</data><data key="hrank">2</data><data key="numCollegues">12</data><data key="numDirects">0</data></node><node id="149318572"><data key="Title">Dmitry Robsman</data><data key="hrank">2</data><data key="numCollegues">12</data><data key="numDirects">0</data></node><node id="149318932"><data key="Title">Stephanie Stimmel</data><data key="hrank">2</data><data key="numCollegues">12</data><data key="numDirects">0</data></node><node id="149342818"><data key="Title">Erich Gamma</data><data key="hrank">2</data><data key="numCollegues">12</data><data key="numDirects">0</data></node><node id="149360967"><data key="Title">Xiaoyan Zhao</data><data key="hrank">2</data><data key="numCollegues">12</data><data key="numDirects">0</data></node><node id="149362082"><data key="Title">Doug Amaral</data><data key="hrank">2</data><data key="numCollegues">12</data><data key="numDirects">0</data></node><node id="149365148"><data key="Title">Shanku Niyogi</data><data key="hrank">2</data><data key="numCollegues">12</data><data key="numDirects">0</data></node><node id="149388887"><data key="Title">John Montgomery</data><data key="hrank">2</data><data key="numCollegues">12</data><data key="numDirects">0</data></node><node id="149398383"><data key="Title">Anders Hejlsberg</data><data key="hrank">2</data><data key="numCollegues">12</data><data key="numDirects">0</data></node><node id="17592324855180"><data key="Title">Neel Sundaresan</data><data key="hrank">2</data><data key="numCollegues">12</data><data key="numDirects">0</data></node><node id="148878645"><data key="Title">Michael Wallent</data><data key="hrank">2</data><data key="numCollegues">7</data><data key="numDirects">0</data></node><node id="148886787"><data key="Title">Nandita Sampath</data><data key="hrank">2</data><data key="numCollegues">7</data><data key="numDirects">0</data></node><node id="148893870"><data key="Title">Mike Adams</data><data key="hrank">2</data><data key="numCollegues">7</data><data key="numDirects">0</data></node><node id="149325528"><data key="Title">Ben Hawken</data><data key="hrank">2</data><data key="numCollegues">7</data><data key="numDirects">0</data></node><node id="149328884"><data key="Title">David James</data><data key="hrank">2</data><data key="numCollegues">7</data><data key="numDirects">0</data></node><node id="149335960"><data key="Title">Kathy Pearce</data><data key="hrank">2</data><data key="numCollegues">7</data><data key="numDirects">0</data></node><node id="149353823"><data key="Title">Joy Chik</data><data key="hrank">2</data><data key="numCollegues">7</data><data key="numDirects">0</data></node><node id="148890781"><data key="Title">Muhammad Alam</data><data key="hrank">2</data><data key="numCollegues">13</data><data key="numDirects">0</data></node><node id="149315383"><data key="Title">David Pennington</data><data key="hrank">2</data><data key="numCollegues">13</data><data key="numDirects">0</data></node><node id="149318749"><data key="Title">Murali Krishnaprasad</data><data key="hrank">2</data><data key="numCollegues">13</data><data key="numDirects">0</data></node><node id="149361154"><data key="Title">MinhTri Tonnu</data><data key="hrank">2</data><data key="numCollegues">13</data><data key="numDirects">0</data></node><node id="149363440"><data key="Title">Jeff Comstock</data><data key="hrank">2</data><data key="numCollegues">13</data><data key="numDirects">0</data></node><node id="149371556"><data key="Title">Sami Holmquist</data><data key="hrank">2</data><data key="numCollegues">13</data><data key="numDirects">0</data></node><node id="149374940"><data key="Title">Bill Patterson</data><data key="hrank">2</data><data key="numCollegues">13</data><data key="numDirects">0</data></node><node id="149387698"><data key="Title">Jean Gabarra (SCHENCK)</data><data key="hrank">2</data><data key="numCollegues">13</data><data key="numDirects">0</data></node><node id="149420654"><data key="Title">Param Kahlon</data><data key="hrank">2</data><data key="numCollegues">13</data><data key="numDirects">0</data></node><node id="149424224"><data key="Title">Martin Kostal</data><data key="hrank">2</data><data key="numCollegues">13</data><data key="numDirects">0</data></node><node id="149432202"><data key="Title">Gautam Dharamshi</data><data key="hrank">2</data><data key="numCollegues">13</data><data key="numDirects">0</data></node><node id="149434118"><data key="Title">Prakash Thekkatte</data><data key="hrank">2</data><data key="numCollegues">13</data><data key="numDirects">0</data></node><node id="203150611"><data key="Title">Scott Thompson</data><data key="hrank">2</data><data key="numCollegues">13</data><data key="numDirects">0</data></node><node id="-100"><data key="Title">OUTSIDE</data></node>
<edge target="106686740" source="149335627"><data key="weight">1</data></edge>
<edge target="148885148" source="149335627"><data key="weight">1</data></edge>
<edge target="149325703" source="149335627"><data key="weight">1</data></edge>
<edge target="149339732" source="149335627"><data key="weight">1</data></edge>
<edge target="149349017" source="149335627"><data key="weight">1</data></edge>
<edge target="149350488" source="149335627"><data key="weight">1</data></edge>
<edge target="149352729" source="149335627"><data key="weight">1</data></edge>
<edge target="149362958" source="149335627"><data key="weight">1</data></edge>
<edge target="149378572" source="149335627"><data key="weight">1</data></edge>
<edge target="149385553" source="149335627"><data key="weight">1</data></edge>
<edge target="149400055" source="149335627"><data key="weight">1</data></edge>
<edge target="149443703" source="149335627"><data key="weight">1</data></edge>
<edge target="149463246" source="149335627"><data key="weight">1</data></edge>
<edge target="279195295" source="149335627"><data key="weight">1</data></edge>
<edge target="17592598117429" source="149335627"><data key="weight">1</data></edge>
<edge target="149309006" source="149335627"><data key="weight">0</data></edge>
<edge target="149375913" source="149335627"><data key="weight">0</data></edge>
<edge target="149402858" source="149335627"><data key="weight">0</data></edge>
<edge target="149364039" source="106686740"><data key="weight">1</data></edge>
<edge target="149404586" source="106686740"><data key="weight">1</data></edge>
<edge target="17592360740073" source="106686740"><data key="weight">1</data></edge>
<edge target="17592609407376" source="106686740"><data key="weight">1</data></edge>
<edge target="149307248" source="148885148"><data key="weight">1</data></edge>
<edge target="30449988" source="149325703"><data key="weight">1</data></edge>
<edge target="148895250" source="149325703"><data key="weight">1</data></edge>
<edge target="149367814" source="149325703"><data key="weight">1</data></edge>
<edge target="149372365" source="149325703"><data key="weight">1</data></edge>
<edge target="179230984" source="149325703"><data key="weight">1</data></edge>
<edge target="17592559557412" source="149325703"><data key="weight">1</data></edge>
<edge target="148885762" source="149325703"><data key="weight">0</data></edge>
<edge target="149306280" source="149325703"><data key="weight">0</data></edge>
<edge target="149311504" source="149325703"><data key="weight">0</data></edge>
<edge target="149317440" source="149325703"><data key="weight">0</data></edge>
<edge target="149318800" source="149325703"><data key="weight">0</data></edge>
<edge target="149320622" source="149325703"><data key="weight">0</data></edge>
<edge target="149334002" source="149325703"><data key="weight">0</data></edge>
<edge target="149355181" source="149325703"><data key="weight">0</data></edge>
<edge target="149375747" source="149325703"><data key="weight">0</data></edge>
<edge target="149387817" source="149325703"><data key="weight">0</data></edge>
<edge target="149389336" source="149325703"><data key="weight">0</data></edge>
<edge target="149302540" source="149339732"><data key="weight">1</data></edge>
<edge target="149310976" source="149339732"><data key="weight">1</data></edge>
<edge target="149315144" source="149339732"><data key="weight">1</data></edge>
<edge target="149316777" source="149339732"><data key="weight">1</data></edge>
<edge target="149330914" source="149339732"><data key="weight">1</data></edge>
<edge target="149345473" source="149339732"><data key="weight">1</data></edge>
<edge target="149357555" source="149339732"><data key="weight">1</data></edge>
<edge target="149364200" source="149339732"><data key="weight">1</data></edge>
<edge target="149481697" source="149339732"><data key="weight">0</data></edge>
<edge target="149483993" source="149339732"><data key="weight">0</data></edge>
<edge target="17592371348751" source="149349017"><data key="weight">1</data></edge>
<edge target="148878630" source="149350488"><data key="weight">1</data></edge>
<edge target="148887644" source="149350488"><data key="weight">1</data></edge>
<edge target="149302457" source="149350488"><data key="weight">1</data></edge>
<edge target="149308496" source="149350488"><data key="weight">1</data></edge>
<edge target="149309051" source="149350488"><data key="weight">1</data></edge>
<edge target="149316647" source="149350488"><data key="weight">1</data></edge>
<edge target="149337945" source="149350488"><data key="weight">1</data></edge>
<edge target="149346630" source="149350488"><data key="weight">1</data></edge>
<edge target="149355564" source="149350488"><data key="weight">1</data></edge>
<edge target="149361828" source="149350488"><data key="weight">1</data></edge>
<edge target="149363738" source="149350488"><data key="weight">1</data></edge>
<edge target="149374774" source="149350488"><data key="weight">1</data></edge>
<edge target="149379553" source="149350488"><data key="weight">1</data></edge>
<edge target="149384851" source="149350488"><data key="weight">1</data></edge>
<edge target="149386001" source="149350488"><data key="weight">1</data></edge>
<edge target="149390813" source="149350488"><data key="weight">1</data></edge>
<edge target="149392674" source="149350488"><data key="weight">1</data></edge>
<edge target="178539618" source="149350488"><data key="weight">1</data></edge>
<edge target="149342620" source="149350488"><data key="weight">0</data></edge>
<edge target="174993146" source="149350488"><data key="weight">0</data></edge>
<edge target="148877735" source="149352729"><data key="weight">1</data></edge>
<edge target="149320112" source="149352729"><data key="weight">1</data></edge>
<edge target="149322041" source="149352729"><data key="weight">1</data></edge>
<edge target="149323582" source="149352729"><data key="weight">1</data></edge>
<edge target="149348716" source="149352729"><data key="weight">1</data></edge>
<edge target="149360054" source="149352729"><data key="weight">1</data></edge>
<edge target="149360570" source="149352729"><data key="weight">1</data></edge>
<edge target="149382049" source="149352729"><data key="weight">1</data></edge>
<edge target="149386315" source="149352729"><data key="weight">1</data></edge>
<edge target="149392384" source="149352729"><data key="weight">1</data></edge>
<edge target="149392744" source="149352729"><data key="weight">1</data></edge>
<edge target="149376678" source="149352729"><data key="weight">0</data></edge>
<edge target="148886099" source="149362958"><data key="weight">1</data></edge>
<edge target="149305479" source="149362958"><data key="weight">1</data></edge>
<edge target="149396329" source="149362958"><data key="weight">1</data></edge>
<edge target="149437166" source="149362958"><data key="weight">1</data></edge>
<edge target="149347146" source="149362958"><data key="weight">0</data></edge>
<edge target="149494070" source="149362958"><data key="weight">0</data></edge>
<edge target="148875041" source="149378572"><data key="weight">1</data></edge>
<edge target="148876689" source="149378572"><data key="weight">1</data></edge>
<edge target="148891474" source="149378572"><data key="weight">1</data></edge>
<edge target="149326482" source="149378572"><data key="weight">1</data></edge>
<edge target="149335140" source="149378572"><data key="weight">1</data></edge>
<edge target="149355530" source="149378572"><data key="weight">1</data></edge>
<edge target="149359762" source="149378572"><data key="weight">1</data></edge>
<edge target="149411583" source="149378572"><data key="weight">1</data></edge>
<edge target="149425218" source="149378572"><data key="weight">1</data></edge>
<edge target="149493639" source="149378572"><data key="weight">1</data></edge>
<edge target="155251631" source="149378572"><data key="weight">1</data></edge>
<edge target="149310593" source="149385553"><data key="weight">1</data></edge>
<edge target="149330374" source="149385553"><data key="weight">1</data></edge>
<edge target="149330939" source="149385553"><data key="weight">1</data></edge>
<edge target="149339516" source="149385553"><data key="weight">1</data></edge>
<edge target="149353095" source="149385553"><data key="weight">1</data></edge>
<edge target="149353660" source="149385553"><data key="weight">1</data></edge>
<edge target="149372901" source="149385553"><data key="weight">1</data></edge>
<edge target="149401444" source="149385553"><data key="weight">1</data></edge>
<edge target="152386973" source="149385553"><data key="weight">1</data></edge>
<edge target="148878581" source="149400055"><data key="weight">1</data></edge>
<edge target="148880008" source="149400055"><data key="weight">1</data></edge>
<edge target="148891070" source="149400055"><data key="weight">1</data></edge>
<edge target="149300582" source="149400055"><data key="weight">1</data></edge>
<edge target="149300651" source="149400055"><data key="weight">1</data></edge>
<edge target="149305756" source="149400055"><data key="weight">1</data></edge>
<edge target="149323388" source="149400055"><data key="weight">1</data></edge>
<edge target="149337955" source="149400055"><data key="weight">1</data></edge>
<edge target="149342120" source="149400055"><data key="weight">1</data></edge>
<edge target="149342363" source="149400055"><data key="weight">1</data></edge>
<edge target="149353566" source="149400055"><data key="weight">1</data></edge>
<edge target="149359889" source="149400055"><data key="weight">1</data></edge>
<edge target="149362345" source="149400055"><data key="weight">1</data></edge>
<edge target="149373582" source="149400055"><data key="weight">1</data></edge>
<edge target="149388144" source="149400055"><data key="weight">1</data></edge>
<edge target="149410041" source="149400055"><data key="weight">1</data></edge>
<edge target="207536170" source="149400055"><data key="weight">1</data></edge>
<edge target="149304736" source="149400055"><data key="weight">0</data></edge>
<edge target="149315303" source="149400055"><data key="weight">0</data></edge>
<edge target="149360725" source="149400055"><data key="weight">0</data></edge>
<edge target="149313314" source="149443703"><data key="weight">1</data></edge>
<edge target="149398898" source="149443703"><data key="weight">1</data></edge>
<edge target="149402733" source="149443703"><data key="weight">1</data></edge>
<edge target="184981138" source="149443703"><data key="weight">1</data></edge>
<edge target="244848016" source="149443703"><data key="weight">1</data></edge>
<edge target="247210750" source="149443703"><data key="weight">1</data></edge>
<edge target="148881088" source="149463246"><data key="weight">1</data></edge>
<edge target="148882309" source="149463246"><data key="weight">1</data></edge>
<edge target="148890116" source="149463246"><data key="weight">1</data></edge>
<edge target="149302064" source="149463246"><data key="weight">1</data></edge>
<edge target="149304212" source="149463246"><data key="weight">1</data></edge>
<edge target="149306258" source="149463246"><data key="weight">1</data></edge>
<edge target="149310380" source="149463246"><data key="weight">1</data></edge>
<edge target="149311975" source="149463246"><data key="weight">1</data></edge>
<edge target="149316973" source="149463246"><data key="weight">1</data></edge>
<edge target="149327785" source="149463246"><data key="weight">1</data></edge>
<edge target="149356299" source="149463246"><data key="weight">1</data></edge>
<edge target="149377070" source="149463246"><data key="weight">1</data></edge>
<edge target="149380153" source="149463246"><data key="weight">1</data></edge>
<edge target="149385389" source="149463246"><data key="weight">1</data></edge>
<edge target="149390629" source="149463246"><data key="weight">1</data></edge>
<edge target="149398814" source="149463246"><data key="weight">1</data></edge>
<edge target="149420594" source="149463246"><data key="weight">1</data></edge>
<edge target="149421231" source="149463246"><data key="weight">1</data></edge>
<edge target="149387769" source="149463246"><data key="weight">0</data></edge>
<edge target="59295796" source="279195295"><data key="weight">1</data></edge>
<edge target="148880238" source="279195295"><data key="weight">1</data></edge>
<edge target="149300279" source="279195295"><data key="weight">1</data></edge>
<edge target="149333016" source="279195295"><data key="weight">1</data></edge>
<edge target="149337920" source="279195295"><data key="weight">1</data></edge>
<edge target="149386045" source="279195295"><data key="weight">1</data></edge>
<edge target="149445895" source="279195295"><data key="weight">1</data></edge>
<edge target="271797742" source="279195295"><data key="weight">1</data></edge>
<edge target="17592379665962" source="279195295"><data key="weight">1</data></edge>
<edge target="17592589308820" source="17592598117429"><data key="weight">1</data></edge>
<edge target="17592592017365" source="17592598117429"><data key="weight">1</data></edge>
<edge target="17592612775164" source="17592598117429"><data key="weight">1</data></edge>
<edge target="17592615630934" source="17592598117429"><data key="weight">1</data></edge>
<edge target="17592624302334" source="17592598117429"><data key="weight">1</data></edge>
<edge target="17592626315891" source="17592598117429"><data key="weight">1</data></edge>
<edge target="17592631263031" source="17592598117429"><data key="weight">1</data></edge>
<edge target="17592631341359" source="17592598117429"><data key="weight">1</data></edge>
<edge target="17592643104758" source="17592598117429"><data key="weight">1</data></edge>
<edge target="17592643902913" source="17592598117429"><data key="weight">1</data></edge>
<edge target="148895635" source="149309006"><data key="weight">0</data></edge>
<edge target="148897701" source="149309006"><data key="weight">0</data></edge>
<edge target="149310134" source="149309006"><data key="weight">0</data></edge>
<edge target="149318572" source="149309006"><data key="weight">0</data></edge>
<edge target="149318932" source="149309006"><data key="weight">0</data></edge>
<edge target="149342818" source="149309006"><data key="weight">0</data></edge>
<edge target="149360967" source="149309006"><data key="weight">0</data></edge>
<edge target="149362082" source="149309006"><data key="weight">0</data></edge>
<edge target="149365148" source="149309006"><data key="weight">0</data></edge>
<edge target="149388887" source="149309006"><data key="weight">0</data></edge>
<edge target="149398383" source="149309006"><data key="weight">0</data></edge>
<edge target="17592324855180" source="149309006"><data key="weight">0</data></edge>
<edge target="148878645" source="149375913"><data key="weight">0</data></edge>
<edge target="148886787" source="149375913"><data key="weight">0</data></edge>
<edge target="148893870" source="149375913"><data key="weight">0</data></edge>
<edge target="149325528" source="149375913"><data key="weight">0</data></edge>
<edge target="149328884" source="149375913"><data key="weight">0</data></edge>
<edge target="149335960" source="149375913"><data key="weight">0</data></edge>
<edge target="149353823" source="149375913"><data key="weight">0</data></edge>
<edge target="148890781" source="149402858"><data key="weight">0</data></edge>
<edge target="149315383" source="149402858"><data key="weight">0</data></edge>
<edge target="149318749" source="149402858"><data key="weight">0</data></edge>
<edge target="149361154" source="149402858"><data key="weight">0</data></edge>
<edge target="149363440" source="149402858"><data key="weight">0</data></edge>
<edge target="149371556" source="149402858"><data key="weight">0</data></edge>
<edge target="149374940" source="149402858"><data key="weight">0</data></edge>
<edge target="149387698" source="149402858"><data key="weight">0</data></edge>
<edge target="149420654" source="149402858"><data key="weight">0</data></edge>
<edge target="149424224" source="149402858"><data key="weight">0</data></edge>
<edge target="149432202" source="149402858"><data key="weight">0</data></edge>
<edge target="149434118" source="149402858"><data key="weight">0</data></edge>
<edge target="203150611" source="149402858"><data key="weight">0</data></edge></graph></graphml>