﻿<?xml version="1.0" encoding="utf-8"?><graphml xmlns:xsi="http://www.w3.org/2001/XMLSchema-instance" xsi:schemaLocation="http://graphml.graphdrawing.org/xmlns http://graphml.graphdrawing.org/xmlns/1.0/graphml.xsd" xmlns="http://graphml.graphdrawing.org/xmlns"><key id="Title" for="node" attr.name="Title" attr.type="string"><default>unknown</default></key><key id="hrank" for="node" attr.name="hrank" attr.type="double"><default>0</default></key><key id="numDirects" for="node" attr.name="numDirects" attr.type="double"><default>0</default></key><key id="numCollegues" for="node" attr.name="numCollegues" attr.type="double"><default>0</default></key><key id="RecentlyModifiedCount" for="node" attr.name="RecentlyModifiedCount" attr.type="double"><default>0</default></key><key id="ModifiedTitles" for="node" attr.name="ModifiedTitles" attr.type="string"><default>unknown</default></key><key id="TrendingTitles" for="node" attr.name="TrendingTitles" attr.type="string"><default>unknown</default></key><key id="weight" for="edge" attr.name="weight" attr.type="double"><default>1</default></key><graph id="social_graph" edgedefault="undirected"><node id="148875125"><data key="Title">SHARATH UDUPA </data><data key="hrank">0</data><data key="numDirects">8</data><data key="RecentlyModifiedCount">11</data><data key="ModifiedTitles"> Release DRI Duties Pulse HAM Ideas Power BI SaaS AH2016 My Org TSGs Quick Notes OneNote_DeletedPages pbi blog 1-5 Daily Live Site</data><data key="TrendingTitles"> Daily Live Site Hackathon Dashboards and Reports Vendor Ops OneNote_DeletedPages Power BI Desktop Microsoft Power BI “Embedded” Shared Services  Spring Review Power BI PaaS - Spring 2016 Plan Review (Feb 24 2016).pptx Power BI Data Driven Alerting and Notification Plan</data></node><node id="31502939"><data key="Title">Sonia Dhir (MINDTREE LIMITED)</data><data key="hrank">1</data><data key="numCollegues">8</data><data key="numDirects">0</data><data key="RecentlyModifiedCount">1</data><data key="ModifiedTitles"> Test Scripts</data><data key="TrendingTitles"> Dashboards and Reports Daily Live Site Hackathon Vendor Ops OneNote_DeletedPages ContentPackTracking PBI_Scenarios_AllPhases_throughChlorine Team-based workspace  fact base Power BI PaaS - Spring 2016 Plan Review (Feb 24 2016).pptx Shared Services  Spring Review</data></node><node id="148886704"><data key="Title">Anand Mariappan</data><data key="hrank">1</data><data key="numCollegues">8</data><data key="numDirects">11</data><data key="RecentlyModifiedCount">16</data><data key="ModifiedTitles"> Notification PowerBI SMEs V1 Admin Center Sunset Miscellaneous Info SQL BI Weekly Live Site Review Incident Management PBI Portal Untitled Section Hackathon TSGs Daily Live Site Core Team Dashboards and Reports Admin portal OneNote_DeletedPages Feb 2016, FF</data><data key="TrendingTitles"> Daily Live Site Hackathon Dashboards and Reports TSGs Vendor Ops Power BI Desktop Bing Actions API Microsoft R Server Monthly Update Feb'16 My Org Qlik Compete Profile</data></node><node id="148891163"><data key="Title">Orion Lee</data><data key="hrank">1</data><data key="numCollegues">8</data><data key="numDirects">0</data><data key="RecentlyModifiedCount">12</data><data key="ModifiedTitles"> Dashboards and Reports RLS Alerting PBI Portal Daily Live Site Engineering AviPi Adler AML OneNote_DeletedPages Sharepoint Meetings</data><data key="TrendingTitles"> Daily Live Site Hackathon Vendor Ops Dashboards and Reports TSGs Power BI PaaS - Spring 2016 Plan Review (Feb 24 2016).pptx Shared Services  Spring Review Power BI Desktop Qlik Compete Profile Power BI Data Driven Alerting and Notification Plan</data></node><node id="149336575"><data key="Title">James Wu</data><data key="hrank">1</data><data key="numCollegues">8</data><data key="numDirects">0</data><data key="RecentlyModifiedCount">8</data><data key="ModifiedTitles"> Dashboards and Reports RLS Admin portal RLS Incident Management Daily Live Site Hackathon OneNote_DeletedPages</data><data key="TrendingTitles"> Daily Live Site Hackathon Dashboards and Reports OneNote_DeletedPages Track Readouts March 1st.pptx Query Formulation DRI in Exchange Power BI Data Driven Alerting and Notification Plan Power BI PaaS - Spring 2016 Plan Review (Feb 24 2016).pptx Team-based workspace  fact base Conversation as platform</data></node><node id="149368334"><data key="Title">Saliha Azzam</data><data key="hrank">1</data><data key="numCollegues">8</data><data key="numDirects">8</data><data key="RecentlyModifiedCount">5</data><data key="ModifiedTitles"> Planning Hackathon Untitled Section Specs PowerBI SMEs</data><data key="TrendingTitles"> Hackathon Daily Live Site Vendor Ops Dashboards and Reports Untitled Section Team-based workspace  fact base Power BI PaaS - Spring 2016 Plan Review (Feb 24 2016).pptx Power BI Desktop Shared Services  Spring Review Power BI Data Driven Alerting and Notification Plan</data></node><node id="149394061"><data key="Title">Tyler Peelen</data><data key="hrank">1</data><data key="numCollegues">8</data><data key="numDirects">7</data><data key="RecentlyModifiedCount">1</data><data key="ModifiedTitles"> Power BI SaaS AH2016</data><data key="TrendingTitles"> Daily Live Site Hackathon Vendor Ops Dashboards and Reports TSGs Shared Services  Spring Review Power BI Desktop Team-based workspace  fact base Power BI Data Driven Alerting and Notification Plan Power BI PaaS - Spring 2016 Plan Review (Feb 24 2016).pptx</data></node><node id="149418005"><data key="Title">Hao Xu</data><data key="hrank">1</data><data key="numCollegues">8</data><data key="numDirects">0</data><data key="RecentlyModifiedCount">3</data><data key="ModifiedTitles"> HAM Ideas TSGs Core Team</data><data key="TrendingTitles"> Hackathon Daily Live Site Vendor Ops Dashboards and Reports TSGs Microsoft Power BI “Embedded” Team-based workspace  fact base Power BI PaaS - Spring 2016 Plan Review (Feb 24 2016).pptx Power BI Desktop Power BI Data Driven Alerting and Notification Plan</data></node><node id="194144064"><data key="Title">Hima Vasam (Mindtree)</data><data key="hrank">1</data><data key="numCollegues">8</data><data key="numDirects">0</data><data key="RecentlyModifiedCount">3</data><data key="ModifiedTitles"> Test Scripts OneNote_DeletedPages Getting Started</data><data key="TrendingTitles"> Daily Live Site Engineering Hackathon OneNote_DeletedPages Vendor Ops Jumpstart-Griffin One Pager Nearby Presence Secure Communication Design Proposal 2016.03 - Sprint Plan_OWACalendar.pptx Shared Services  Spring Review Focus Areas</data></node><node id="17847274"><data key="Title">Chuanqi Sun</data><data key="hrank">2</data><data key="numCollegues">11</data><data key="numDirects">0</data><data key="RecentlyModifiedCount">4</data><data key="ModifiedTitles"> DEV Design PM Communication PBI Portal Enterprise Gateway Technology Squad</data><data key="TrendingTitles"> Daily Live Site Hackathon Dashboards and Reports Vendor Ops TSGs Power BI PaaS - Spring 2016 Plan Review (Feb 24 2016).pptx Shared Services  Spring Review Microsoft R Server Monthly Update Feb'16 ESRI – Power BI - Strawman Feb 2016 Microsoft Power BI “Embedded”</data></node><node id="103550087"><data key="Title">Akash Agrawal (Wicresoft)</data><data key="hrank">2</data><data key="numCollegues">11</data><data key="numDirects">0</data><data key="RecentlyModifiedCount">1</data><data key="ModifiedTitles"> PBI Portal</data><data key="TrendingTitles"> Dashboards and Reports Hackathon Daily Live Site Vendor Ops PBI Portal Microsoft Power BI “Embedded” 2016 Data Insights Summit - Shape and Transform data using Excel 2016 Ivy Forward Compat Qlik Compete Profile Team-based workspace  fact base</data></node><node id="107462001"><data key="Title">Kevin Shah</data><data key="hrank">2</data><data key="numCollegues">11</data><data key="numDirects">0</data><data key="RecentlyModifiedCount">6</data><data key="ModifiedTitles"> RLS Untitled Section Improvements Deploying PowerBI to a new Data Center PBI Portal Kusto One Pager</data><data key="TrendingTitles"> Daily Live Site Hackathon Vendor Ops Dashboards and Reports TSGs Team-based workspace  fact base Qlik Compete Profile Microsoft R Server Monthly Update Feb'16 Power BI Excel Add-in PBI_Scenarios_AllPhases_throughChlorine</data></node><node id="145277603"><data key="Title">Nan Zhao</data><data key="hrank">2</data><data key="numCollegues">11</data><data key="numDirects">0</data><data key="RecentlyModifiedCount">2</data><data key="ModifiedTitles"> Hackathon Kusto API</data><data key="TrendingTitles"> Hackathon Kusto API Dashboards and Reports Daily Live Site Kusto.Explorer Team-based workspace  fact base Power BI PaaS - Spring 2016 Plan Review (Feb 24 2016).pptx Plan for continuous delivery PBI_Scenarios_AllPhases_throughChlorine Social Network Analysis </data></node><node id="148884817"><data key="Title">Dina Kawakami</data><data key="hrank">2</data><data key="numCollegues">11</data><data key="numDirects">0</data><data key="RecentlyModifiedCount">3</data><data key="ModifiedTitles"> Dashboards and Reports PBI Portal Hackathon</data><data key="TrendingTitles"> Hackathon Daily Live Site Dashboards and Reports Vendor Ops Untitled Section Power BI PaaS - Spring 2016 Plan Review (Feb 24 2016).pptx Team-based workspace  fact base Shared Services  Spring Review Power BI Desktop Qlik Compete Profile</data></node><node id="149319451"><data key="Title">Sachin Kumar</data><data key="hrank">2</data><data key="numCollegues">11</data><data key="numDirects">0</data><data key="RecentlyModifiedCount">4</data><data key="ModifiedTitles"> PowerShell Hackathon General RLS</data><data key="TrendingTitles"> Hackathon Dashboards and Reports Daily Live Site Perf OneNote_DeletedPages Team-based workspace  fact base Power BI PaaS - Spring 2016 Plan Review (Feb 24 2016).pptx Social Network Analysis  Copy of Leap Day DRI Directory Kusto</data></node><node id="149333851"><data key="Title">Bhanu Dev Jaiswal</data><data key="hrank">2</data><data key="numCollegues">11</data><data key="numDirects">0</data><data key="RecentlyModifiedCount">2</data><data key="ModifiedTitles"> Dev Investigations Static Snapshot</data><data key="TrendingTitles"> Specs Workstreams OneNote_DeletedPages Infrastructure Telemetry SkypeSpace V1 Load Testing and Telemetry ETA and Status Mobile Update 030116.pptx PPESkype- Signature_Scenarios Chat Service Web API Reference Microsoft Enterprise Social</data></node><node id="149343296"><data key="Title">Soumya Shree Das</data><data key="hrank">2</data><data key="numCollegues">11</data><data key="numDirects">0</data><data key="RecentlyModifiedCount">5</data><data key="ModifiedTitles"> Admin HAM Ideas Hackathon OPS Guide on resolving technical issues Untitled Section</data><data key="TrendingTitles"> Hackathon Daily Live Site Dashboards and Reports Untitled Section Vendor Ops FebMonthUpdate.pptx Team-based workspace  fact base SIP Scalable Architecture Requirements 2016 Data Insights Summit - Shape and Transform data using Excel 2016 Power BI PaaS - Spring 2016 Plan Review (Feb 24 2016).pptx</data></node><node id="149419209"><data key="Title">Akilesh Ganesan</data><data key="hrank">2</data><data key="numCollegues">11</data><data key="numDirects">0</data><data key="RecentlyModifiedCount">6</data><data key="ModifiedTitles"> Dashboards and Reports PBI Portal Hackathon Untitled Section Daily Live Site Excel 16 for Anna</data><data key="TrendingTitles"> Daily Live Site Hackathon Vendor Ops Dashboards and Reports TSGs Power BI PaaS - Spring 2016 Plan Review (Feb 24 2016).pptx Qlik Compete Profile Power BI Desktop Team-based workspace  fact base Microsoft R Server Monthly Update Feb'16</data></node><node id="149444663"><data key="Title">Abdulfatai Popoola</data><data key="hrank">2</data><data key="numCollegues">11</data><data key="numDirects">0</data><data key="RecentlyModifiedCount">4</data><data key="ModifiedTitles"> Dashboards and Reports PBI Portal OneNote_DeletedPages Hackathon</data><data key="TrendingTitles"> Hackathon Daily Live Site Dashboards and Reports Vendor Ops TSGs Team-based workspace  fact base Qlik Compete Profile Power BI PaaS - Spring 2016 Plan Review (Feb 24 2016).pptx Feature XX: Convert team Room into Activity Widget Power BI Data Driven Alerting and Notification Plan</data></node><node id="149495056"><data key="Title">John Emau</data><data key="hrank">2</data><data key="numCollegues">11</data><data key="numDirects">0</data><data key="RecentlyModifiedCount">5</data><data key="ModifiedTitles"> Hackathon OneNote_DeletedPages Autopilot Source Depot OneStore on TFS OneNote_DeletedPages</data><data key="TrendingTitles"> Experimentation Team Stuff Weekly Status Reports Hackathon 2-24-2016 - Storefronts Project Review.pptx UHF Subscriptions Foundations Office Migration to Store GMUpdate03_01_2016.pptx OneCMS-Site-Admin-29-Feb</data></node><node id="86661831"><data key="Title">Tuan Pham</data><data key="hrank">2</data><data key="numCollegues">8</data><data key="numDirects">0</data><data key="RecentlyModifiedCount">0</data><data key="ModifiedTitles"></data><data key="TrendingTitles"> Hackathon Dashboards and Reports ShipReadinessScorecard - New Daily Live Site Planning Specs Daily Standup Team-based workspace  fact base Interruptible auto save investigation summary Coauth - Autosave Across Endpoints</data></node><node id="138540056"><data key="Title">Celine Bressler (The Lingua Team LLC)</data><data key="hrank">2</data><data key="numCollegues">8</data><data key="numDirects">0</data><data key="RecentlyModifiedCount">0</data><data key="ModifiedTitles"></data><data key="TrendingTitles"> Hackathon Planning Specs Daily Live Site Vendor Ops Team-based workspace  fact base CodeHow 16.2.1 + 16.2.2 - Release meta data.pptx Enterprise Writing Assistance Notes Qlik Compete Profile</data></node><node id="148890950"><data key="Title">Ankur Sharma (PBI)</data><data key="hrank">2</data><data key="numCollegues">8</data><data key="numDirects">0</data><data key="RecentlyModifiedCount">4</data><data key="ModifiedTitles"> Specs Hackathon Untitled Section Daily Live Site</data><data key="TrendingTitles"> Daily Live Site Hackathon Vendor Ops TSGs Dashboards and Reports Team-based workspace  fact base Shared Services  Spring Review Power BI PaaS - Spring 2016 Plan Review (Feb 24 2016).pptx Microsoft R Server Monthly Update Feb'16 Power BI Excel Add-in</data></node><node id="149308627"><data key="Title">Sean He</data><data key="hrank">2</data><data key="numCollegues">8</data><data key="numDirects">0</data><data key="RecentlyModifiedCount">1</data><data key="ModifiedTitles"> Specs</data><data key="TrendingTitles"> Hackathon Onboard to Engineering Pipeline Planning Daily Live Site Specs Team-based workspace  fact base LiveSite and Service Dashboard Requirements ORDS_API_Design-v3-Latest CodeHow Power BI Data Driven Alerting and Notification Plan</data></node><node id="149421008"><data key="Title">Vikram Rajasekaran</data><data key="hrank">2</data><data key="numCollegues">8</data><data key="numDirects">0</data><data key="RecentlyModifiedCount">4</data><data key="ModifiedTitles"> Hackathon HAM Ideas Specs Start Here</data><data key="TrendingTitles"> Hackathon Daily Live Site Vendor Ops IEP - WebPlat Snap Queue Dev Design - Hero features and InPrivate Protection Team-based workspace  fact base MSDK-MDM-PolicyManager WinRT API Spec OneShell Taskbar Technical Strategy Decision Windows.Storage - Handle Interop</data></node><node id="149428327"><data key="Title">Eeshan Shah</data><data key="hrank">2</data><data key="numCollegues">8</data><data key="numDirects">0</data><data key="RecentlyModifiedCount">6</data><data key="ModifiedTitles"> Planning PBI Portal HAM Ideas TSGs Hackathon Untitled Section</data><data key="TrendingTitles"> Hackathon Daily Live Site Vendor Ops TSGs Untitled Section Mission Control - Adding Make &amp; Model Pivots Team-based workspace  fact base Mission Control - Statistical Views in Measure Viewer Data Landscape (Deliverable 4861852).pptx Power BI Data Driven Alerting and Notification Plan</data></node><node id="149467121"><data key="Title">Youssef El Fassy Fihry</data><data key="hrank">2</data><data key="numCollegues">8</data><data key="numDirects">0</data><data key="RecentlyModifiedCount">5</data><data key="ModifiedTitles"> Specs Planning Evaluation in PBI Untitled Section Daily Live Site</data><data key="TrendingTitles"> Daily Live Site Vendor Ops Hackathon TSGs Dashboards and Reports Team-based workspace  fact base Power BI Data Driven Alerting and Notification Plan Microsoft Power BI “Embedded” Qlik Compete Profile Power BI CEN GA</data></node><node id="17592261266866"><data key="Title">Manal Alassaf</data><data key="hrank">2</data><data key="numCollegues">8</data><data key="numDirects">0</data><data key="RecentlyModifiedCount">4</data><data key="ModifiedTitles"> Specs Hackathon Untitled Section IcM</data><data key="TrendingTitles"> Hackathon Daily Live Site Untitled Section Dashboards and Reports Vendor Ops Team-based workspace  fact base 2016 Data Insights Summit - Shape and Transform data using Excel 2016 Qlik Compete Profile Power BI Excel Add-in Power BI Desktop</data></node><node id="28444040"><data key="Title">Olivia Waring</data><data key="hrank">2</data><data key="numCollegues">7</data><data key="numDirects">0</data><data key="RecentlyModifiedCount">1</data><data key="ModifiedTitles"> Hackathon</data><data key="TrendingTitles"> Hackathon Daily Live Site Untitled Section Vendor Ops Dashboards and Reports WED Features Release Schedules Import API 4105025 - Collecting email address from Retail users with SIUF responses 5792361 - Feedback Hub non-compliant APIs for Store Team-based workspace  fact base</data></node><node id="92251778"><data key="Title">Manav Fogla</data><data key="hrank">2</data><data key="numCollegues">7</data><data key="numDirects">0</data><data key="RecentlyModifiedCount">3</data><data key="ModifiedTitles"> RLS Hackathon Tools and Portals</data><data key="TrendingTitles"> Hackathon Daily Live Site Vendor Ops Dashboards and Reports TSGs Team-based workspace  fact base Creation Options Qlik Compete Profile Shared Services  Spring Review Power BI Excel Add-in</data></node><node id="148892480"><data key="Title">Chris Chua</data><data key="hrank">2</data><data key="numCollegues">7</data><data key="numDirects">0</data><data key="RecentlyModifiedCount">9</data><data key="ModifiedTitles"> Getting Started User Acquisition Dashboards and Reports TSGs Miscellaneous Info Test Scripts Partner teams Escalation OneNote_DeletedPages SyntheticRunner</data><data key="TrendingTitles"> Daily Live Site Hackathon Dashboards and Reports Vendor Ops TSGs Power BI PaaS - Spring 2016 Plan Review (Feb 24 2016).pptx Power BI Data Driven Alerting and Notification Plan Power BI Desktop Qlik Compete Profile Shared Services  Spring Review</data></node><node id="149308341"><data key="Title">Tu Phan</data><data key="hrank">2</data><data key="numCollegues">7</data><data key="numDirects">0</data><data key="RecentlyModifiedCount">0</data><data key="ModifiedTitles"></data><data key="TrendingTitles"> Daily Live Site Vendor Ops Hackathon TSGs Dashboards and Reports Shared Services  Spring Review Power BI PaaS - Spring 2016 Plan Review (Feb 24 2016).pptx Engineering Systems Team Microsoft R Server Monthly Update Feb'16 Team-based workspace  fact base</data></node><node id="149329198"><data key="Title">Michel Abd Elmalik</data><data key="hrank">2</data><data key="numCollegues">7</data><data key="numDirects">0</data><data key="RecentlyModifiedCount">0</data><data key="ModifiedTitles"></data><data key="TrendingTitles"> Hackathon Daily Live Site Vendor Ops Dashboards and Reports Untitled Section Import API Power BI PaaS - Spring 2016 Plan Review (Feb 24 2016).pptx Power BI Data Driven Alerting and Notification Plan Team-based workspace  fact base Shared Services  Spring Review</data></node><node id="149347034"><data key="Title">Rob Knuth</data><data key="hrank">2</data><data key="numCollegues">7</data><data key="numDirects">0</data><data key="RecentlyModifiedCount">3</data><data key="ModifiedTitles"> Sharing and permissions PowerBI SMEs (Pre-Repair) OneNote_DeletedPages</data><data key="TrendingTitles"> Daily Live Site Vendor Ops Hackathon Dashboards and Reports TSGs Shared Services  Spring Review PBI_Scenarios_AllPhases_throughChlorine Power BI PaaS - Spring 2016 Plan Review (Feb 24 2016).pptx Team-based workspace  fact base Power BI CEN GA</data></node><node id="149374221"><data key="Title">Patrick O'Brien (ICE)</data><data key="hrank">2</data><data key="numCollegues">7</data><data key="numDirects">0</data><data key="RecentlyModifiedCount">2</data><data key="ModifiedTitles"> Hackathon OneNote_DeletedPages</data><data key="TrendingTitles"> Daily Live Site Hackathon Vendor Ops TSGs Dashboards and Reports Team-based workspace  fact base Power BI Data Driven Alerting and Notification Plan Microsoft Power BI “Embedded” Track Readouts March 1st.pptx Shared Services  Spring Review</data></node><node id="-100"><data key="Title">OUTSIDE</data><data key="RecentlyModifiedCount">0</data><data key="ModifiedTitles"></data><data key="TrendingTitles"></data></node>
<edge target="148886704" source="148875125"><data key="weight">200</data></edge>
<edge target="148891163" source="148875125"><data key="weight">199</data></edge>
<edge target="-100" source="148875125"><data key="weight">566</data></edge>
<edge target="148892480" source="148875125"><data key="weight">196</data></edge>
<edge target="149347034" source="148875125"><data key="weight">193</data></edge>
<edge target="194144064" source="31502939"><data key="weight">100</data></edge>
<edge target="-100" source="31502939"><data key="weight">194</data></edge>
<edge target="148886704" source="31502939"><data key="weight">98</data></edge>
<edge target="148875125" source="31502939"><data key="weight">97</data></edge>
<edge target="149394061" source="31502939"><data key="weight">96</data></edge>
<edge target="103550087" source="31502939"><data key="weight">191</data></edge>
<edge target="148891163" source="31502939"><data key="weight">93</data></edge>
<edge target="149368334" source="31502939"><data key="weight">92</data></edge>
<edge target="149336575" source="31502939"><data key="weight">91</data></edge>
<edge target="148891163" source="148886704"><data key="weight">198</data></edge>
<edge target="148892480" source="148886704"><data key="weight">197</data></edge>
<edge target="-100" source="148886704"><data key="weight">288</data></edge>
<edge target="103550087" source="148886704"><data key="weight">194</data></edge>
<edge target="107462001" source="148886704"><data key="weight">193</data></edge>
<edge target="149419209" source="148886704"><data key="weight">192</data></edge>
<edge target="148890950" source="148886704"><data key="weight">191</data></edge>
<edge target="-100" source="148891163"><data key="weight">550</data></edge>
<edge target="148892480" source="148891163"><data key="weight">194</data></edge>
<edge target="149336575" source="148891163"><data key="weight">194</data></edge>
<edge target="148886704" source="149336575"><data key="weight">99</data></edge>
<edge target="148875125" source="149336575"><data key="weight">98</data></edge>
<edge target="-100" source="149336575"><data key="weight">374</data></edge>
<edge target="148892480" source="149336575"><data key="weight">96</data></edge>
<edge target="149394061" source="149336575"><data key="weight">95</data></edge>
<edge target="149308341" source="149336575"><data key="weight">93</data></edge>
<edge target="148875125" source="149368334"><data key="weight">100</data></edge>
<edge target="148890950" source="149368334"><data key="weight">195</data></edge>
<edge target="148886704" source="149368334"><data key="weight">98</data></edge>
<edge target="149308627" source="149368334"><data key="weight">197</data></edge>
<edge target="-100" source="149368334"><data key="weight">378</data></edge>
<edge target="149467121" source="149368334"><data key="weight">188</data></edge>
<edge target="149428327" source="149368334"><data key="weight">188</data></edge>
<edge target="148875125" source="149394061"><data key="weight">100</data></edge>
<edge target="148886704" source="149394061"><data key="weight">99</data></edge>
<edge target="149374221" source="149394061"><data key="weight">191</data></edge>
<edge target="149329198" source="149394061"><data key="weight">197</data></edge>
<edge target="148892480" source="149394061"><data key="weight">185</data></edge>
<edge target="149308341" source="149394061"><data key="weight">193</data></edge>
<edge target="28444040" source="149394061"><data key="weight">192</data></edge>
<edge target="-100" source="149394061"><data key="weight">180</data></edge>
<edge target="149368334" source="149394061"><data key="weight">90</data></edge>
<edge target="148886704" source="149418005"><data key="weight">100</data></edge>
<edge target="148875125" source="149418005"><data key="weight">99</data></edge>
<edge target="148892480" source="149418005"><data key="weight">98</data></edge>
<edge target="148884817" source="149418005"><data key="weight">97</data></edge>
<edge target="149336575" source="149418005"><data key="weight">96</data></edge>
<edge target="148891163" source="149418005"><data key="weight">95</data></edge>
<edge target="149444663" source="149418005"><data key="weight">94</data></edge>
<edge target="-100" source="149418005"><data key="weight">185</data></edge>
<edge target="149347034" source="149418005"><data key="weight">186</data></edge>
<edge target="-100" source="194144064"><data key="weight">376</data></edge>
<edge target="148892480" source="194144064"><data key="weight">98</data></edge>
<edge target="148875125" source="194144064"><data key="weight">97</data></edge>
<edge target="148886704" source="194144064"><data key="weight">96</data></edge>
<edge target="149394061" source="194144064"><data key="weight">95</data></edge>
<edge target="149418005" source="194144064"><data key="weight">94</data></edge>
<edge target="149347034" source="194144064"><data key="weight">90</data></edge>
<edge target="148886704" source="17847274"><data key="weight">100</data></edge>
<edge target="-100" source="17847274"><data key="weight">742</data></edge>
<edge target="149419209" source="17847274"><data key="weight">96</data></edge>
<edge target="-100" source="103550087"><data key="weight">285</data></edge>
<edge target="149419209" source="103550087"><data key="weight">197</data></edge>
<edge target="194144064" source="103550087"><data key="weight">94</data></edge>
<edge target="107462001" source="103550087"><data key="weight">93</data></edge>
<edge target="148891163" source="103550087"><data key="weight">92</data></edge>
<edge target="149343296" source="103550087"><data key="weight">89</data></edge>
<edge target="-100" source="107462001"><data key="weight">193</data></edge>
<edge target="148875125" source="107462001"><data key="weight">98</data></edge>
<edge target="148891163" source="107462001"><data key="weight">97</data></edge>
<edge target="92251778" source="107462001"><data key="weight">194</data></edge>
<edge target="148892480" source="107462001"><data key="weight">95</data></edge>
<edge target="149419209" source="107462001"><data key="weight">93</data></edge>
<edge target="149319451" source="107462001"><data key="weight">186</data></edge>
<edge target="149368334" source="107462001"><data key="weight">90</data></edge>
<edge target="148886704" source="145277603"><data key="weight">100</data></edge>
<edge target="-100" source="145277603"><data key="weight">566</data></edge>
<edge target="148875125" source="145277603"><data key="weight">98</data></edge>
<edge target="149394061" source="145277603"><data key="weight">97</data></edge>
<edge target="148892480" source="145277603"><data key="weight">94</data></edge>
<edge target="-100" source="148884817"><data key="weight">372</data></edge>
<edge target="148886704" source="148884817"><data key="weight">99</data></edge>
<edge target="149419209" source="148884817"><data key="weight">196</data></edge>
<edge target="148892480" source="148884817"><data key="weight">96</data></edge>
<edge target="148875125" source="148884817"><data key="weight">94</data></edge>
<edge target="149444663" source="148884817"><data key="weight">188</data></edge>
<edge target="149394061" source="148884817"><data key="weight">88</data></edge>
<edge target="-100" source="149319451"><data key="weight">478</data></edge>
<edge target="149343296" source="149319451"><data key="weight">95</data></edge>
<edge target="148886704" source="149319451"><data key="weight">93</data></edge>
<edge target="149495056" source="149319451"><data key="weight">89</data></edge>
<edge target="149333851" source="149319451"><data key="weight">88</data></edge>
<edge target="-100" source="149333851"><data key="weight">954</data></edge>
<edge target="148886704" source="149343296"><data key="weight">100</data></edge>
<edge target="-100" source="149343296"><data key="weight">378</data></edge>
<edge target="148884817" source="149343296"><data key="weight">98</data></edge>
<edge target="107462001" source="149343296"><data key="weight">94</data></edge>
<edge target="145277603" source="149343296"><data key="weight">93</data></edge>
<edge target="149419209" source="149343296"><data key="weight">90</data></edge>
<edge target="149495056" source="149343296"><data key="weight">186</data></edge>
<edge target="148875125" source="149419209"><data key="weight">97</data></edge>
<edge target="-100" source="149419209"><data key="weight">279</data></edge>
<edge target="148890950" source="149419209"><data key="weight">184</data></edge>
<edge target="148891163" source="149419209"><data key="weight">94</data></edge>
<edge target="148892480" source="149419209"><data key="weight">93</data></edge>
<edge target="-100" source="149444663"><data key="weight">194</data></edge>
<edge target="148886704" source="149444663"><data key="weight">99</data></edge>
<edge target="148875125" source="149444663"><data key="weight">98</data></edge>
<edge target="148892480" source="149444663"><data key="weight">97</data></edge>
<edge target="148891163" source="149444663"><data key="weight">93</data></edge>
<edge target="149347034" source="149444663"><data key="weight">188</data></edge>
<edge target="149343296" source="149444663"><data key="weight">88</data></edge>
<edge target="107462001" source="149444663"><data key="weight">87</data></edge>
<edge target="148886704" source="149495056"><data key="weight">100</data></edge>
<edge target="-100" source="149495056"><data key="weight">377</data></edge>
<edge target="148884817" source="149495056"><data key="weight">97</data></edge>
<edge target="145277603" source="149495056"><data key="weight">96</data></edge>
<edge target="149419209" source="149495056"><data key="weight">92</data></edge>
<edge target="107462001" source="149495056"><data key="weight">87</data></edge>
<edge target="149368334" source="86661831"><data key="weight">100</data></edge>
<edge target="148890950" source="86661831"><data key="weight">99</data></edge>
<edge target="149428327" source="86661831"><data key="weight">98</data></edge>
<edge target="149421008" source="86661831"><data key="weight">97</data></edge>
<edge target="149308627" source="86661831"><data key="weight">96</data></edge>
<edge target="149467121" source="86661831"><data key="weight">95</data></edge>
<edge target="17592261266866" source="86661831"><data key="weight">94</data></edge>
<edge target="138540056" source="86661831"><data key="weight">92</data></edge>
<edge target="148875125" source="86661831"><data key="weight">91</data></edge>
<edge target="149394061" source="86661831"><data key="weight">90</data></edge>
<edge target="149368334" source="138540056"><data key="weight">100</data></edge>
<edge target="149467121" source="138540056"><data key="weight">99</data></edge>
<edge target="17592261266866" source="138540056"><data key="weight">98</data></edge>
<edge target="149421008" source="138540056"><data key="weight">97</data></edge>
<edge target="149428327" source="138540056"><data key="weight">96</data></edge>
<edge target="149308627" source="138540056"><data key="weight">95</data></edge>
<edge target="148890950" source="138540056"><data key="weight">94</data></edge>
<edge target="-100" source="138540056"><data key="weight">185</data></edge>
<edge target="194144064" source="138540056"><data key="weight">91</data></edge>
<edge target="-100" source="148890950"><data key="weight">389</data></edge>
<edge target="149467121" source="148890950"><data key="weight">191</data></edge>
<edge target="149428327" source="148890950"><data key="weight">190</data></edge>
<edge target="149421008" source="148890950"><data key="weight">190</data></edge>
<edge target="149467121" source="149308627"><data key="weight">199</data></edge>
<edge target="-100" source="149308627"><data key="weight">665</data></edge>
<edge target="149428327" source="149308627"><data key="weight">91</data></edge>
<edge target="149368334" source="149421008"><data key="weight">100</data></edge>
<edge target="-100" source="149421008"><data key="weight">378</data></edge>
<edge target="149428327" source="149421008"><data key="weight">192</data></edge>
<edge target="149467121" source="149421008"><data key="weight">187</data></edge>
<edge target="17592261266866" source="149421008"><data key="weight">186</data></edge>
<edge target="149308627" source="149421008"><data key="weight">91</data></edge>
<edge target="148875125" source="149428327"><data key="weight">100</data></edge>
<edge target="-100" source="149428327"><data key="weight">99</data></edge>
<edge target="149467121" source="149428327"><data key="weight">189</data></edge>
<edge target="148886704" source="149428327"><data key="weight">94</data></edge>
<edge target="148891163" source="149428327"><data key="weight">93</data></edge>
<edge target="148892480" source="149428327"><data key="weight">92</data></edge>
<edge target="17592261266866" source="149428327"><data key="weight">182</data></edge>
<edge target="-100" source="149467121"><data key="weight">384</data></edge>
<edge target="148886704" source="149467121"><data key="weight">94</data></edge>
<edge target="149368334" source="17592261266866"><data key="weight">100</data></edge>
<edge target="149308627" source="17592261266866"><data key="weight">99</data></edge>
<edge target="-100" source="17592261266866"><data key="weight">289</data></edge>
<edge target="148890950" source="17592261266866"><data key="weight">97</data></edge>
<edge target="149467121" source="17592261266866"><data key="weight">94</data></edge>
<edge target="92251778" source="17592261266866"><data key="weight">93</data></edge>
<edge target="-100" source="28444040"><data key="weight">568</data></edge>
<edge target="149374221" source="28444040"><data key="weight">95</data></edge>
<edge target="149308341" source="28444040"><data key="weight">191</data></edge>
<edge target="92251778" source="28444040"><data key="weight">92</data></edge>
<edge target="149336575" source="92251778"><data key="weight">100</data></edge>
<edge target="148892480" source="92251778"><data key="weight">99</data></edge>
<edge target="148891163" source="92251778"><data key="weight">97</data></edge>
<edge target="149394061" source="92251778"><data key="weight">96</data></edge>
<edge target="-100" source="92251778"><data key="weight">187</data></edge>
<edge target="148886704" source="92251778"><data key="weight">93</data></edge>
<edge target="149368334" source="92251778"><data key="weight">91</data></edge>
<edge target="149308341" source="92251778"><data key="weight">89</data></edge>
<edge target="-100" source="148892480"><data key="weight">469</data></edge>
<edge target="149347034" source="148892480"><data key="weight">194</data></edge>
<edge target="-100" source="149308341"><data key="weight">278</data></edge>
<edge target="149374221" source="149308341"><data key="weight">195</data></edge>
<edge target="148875125" source="149308341"><data key="weight">95</data></edge>
<edge target="149467121" source="149308341"><data key="weight">93</data></edge>
<edge target="148886704" source="149308341"><data key="weight">86</data></edge>
<edge target="148891163" source="149308341"><data key="weight">85</data></edge>
<edge target="149308341" source="149329198"><data key="weight">99</data></edge>
<edge target="-100" source="149329198"><data key="weight">469</data></edge>
<edge target="149374221" source="149329198"><data key="weight">193</data></edge>
<edge target="149368334" source="149329198"><data key="weight">95</data></edge>
<edge target="148892480" source="149329198"><data key="weight">93</data></edge>
<edge target="-100" source="149347034"><data key="weight">468</data></edge>
<edge target="149394061" source="149347034"><data key="weight">94</data></edge>
<edge target="149336575" source="149374221"><data key="weight">100</data></edge>
<edge target="148875125" source="149374221"><data key="weight">98</data></edge>
<edge target="148892480" source="149374221"><data key="weight">97</data></edge>
<edge target="-100" source="149374221"><data key="weight">276</data></edge>
<edge target="92251778" source="149374221"><data key="weight">94</data></edge></graph></graphml>