<?xml version="1.0" encoding="UTF-8"?>
<graphml xmlns="http://graphml.graphdrawing.org/xmlns"
         xmlns:xsi="http://www.w3.org/2001/XMLSchema-instance"
         xsi:schemaLocation="http://graphml.graphdrawing.org/xmlns
         http://graphml.graphdrawing.org/xmlns/1.0/graphml.xsd">
<!-- Created by igraph -->
  <key id="v_Title" for="node" attr.name="Title" attr.type="string"/>
  <key id="v_hrank" for="node" attr.name="hrank" attr.type="double"/>
  <key id="v_numDirects" for="node" attr.name="numDirects" attr.type="double"/>
  <key id="v_numCollegues" for="node" attr.name="numCollegues" attr.type="double"/>
  <key id="v_RecentlyModifiedCount" for="node" attr.name="RecentlyModifiedCount" attr.type="double"/>
  <key id="v_ModifiedTitles" for="node" attr.name="ModifiedTitles" attr.type="string"/>
  <key id="v_TrendingTitles" for="node" attr.name="TrendingTitles" attr.type="string"/>
  <key id="v_id" for="node" attr.name="id" attr.type="string"/>
  <key id="e_weight" for="edge" attr.name="weight" attr.type="double"/>
  <graph id="G" edgedefault="undirected">
    <node id="n0">
      <data key="v_Title">Yoav Yassour</data>
      <data key="v_hrank">0</data>
      <data key="v_numDirects">5</data>
      <data key="v_numCollegues">0</data>
      <data key="v_RecentlyModifiedCount">9</data>
      <data key="v_ModifiedTitles"> ; Core Team ; ProcSiMo Kick-off ; Process Simple Mobile ; Process Simple Mobile Notifications ; Process Simple Mobile ; Sela registration June 2016 ; OneNote_DeletedPages ; TSG ; Business Day</data>
      <data key="v_TrendingTitles"> ; James Product review April 2016.pptx ; 16.5.1 - Release meta data.pptx ; Mobile reports review April 2016.pptx ; Vendor Ops ; TSGs ; Sela registration June 2016 ; Get Engaged 4MAY2016.pptx ; Engineering ; Microsoft confidential ; 16.4.2 - Release meta data.pptx ; Training ; 16.5.2 - Release meta data.pptx ; Business Day ; Power BI Mobile release (4.1 + 4.2)  ; Mobile BI ; 16.4.1 - Release meta data.pptx ; Mobile apps dashboard refresh functionality ; Telemetry Requirements for Unified Notifications ; Power BI Shared Services  ; internal-scanner-BC.8.5.16</data>
      <data key="v_id">148893199</data>
    </node>
    <node id="n1">
      <data key="v_Title">Ali Mostafa</data>
      <data key="v_hrank">1</data>
      <data key="v_numDirects">0</data>
      <data key="v_numCollegues">5</data>
      <data key="v_RecentlyModifiedCount">1</data>
      <data key="v_ModifiedTitles"> ; Sela registration June 2016</data>
      <data key="v_TrendingTitles"> ; Sela registration June 2016 ; Planning ; Engineering ; Vendor Ops ; Mobile reports review April 2016.pptx ; Designs ; MobileDashboardsPersistancyChanges ; Business Day ; 16.5.1 - Release meta data.pptx ; James Product review April 2016.pptx ; Get Engaged 4MAY2016.pptx ; Mobile Dashboards Architecture ; Mobile apps dashboard refresh functionality ; Microsoft confidential ; Mobile Reports Design ; 16.5.2 - Release meta data.pptx ; Telemetry Requirements for Unified Notifications ; Mobile BI ; 16.4.2 - Release meta data.pptx ; 16.4.1 - Release meta data.pptx</data>
      <data key="v_id">95844937</data>
    </node>
    <node id="n2">
      <data key="v_Title">Dor Goldbaum</data>
      <data key="v_hrank">1</data>
      <data key="v_numDirects">0</data>
      <data key="v_numCollegues">5</data>
      <data key="v_RecentlyModifiedCount">4</data>
      <data key="v_ModifiedTitles"> ; Designs ; Yitzhak&apos;s Team ; PA.Com ; Patent Notes</data>
      <data key="v_TrendingTitles"> ; James Product review April 2016.pptx ; Sela registration June 2016 ; Engineering ; 16.5.1 - Release meta data.pptx ; Mobile reports review April 2016.pptx ; Microsoft confidential ; Planning ; Business Day ; Blogpost - Create app from template ; Get Engaged 4MAY2016.pptx ; Mobile BI ; 16.5.2 - Release meta data.pptx ; Telemetry Requirements for Unified Notifications ; Telemetries Definition for FFXL ; Measuring PBIO Workloads Business Success ; Mobile apps dashboard refresh functionality ; 16.4.2 - Release meta data.pptx ; Mobile Dashboards Architecture ; internal-scanner-BC.8.5.16 ; XR - Save and Publish</data>
      <data key="v_id">148858247</data>
    </node>
    <node id="n3">
      <data key="v_Title">Boaz Chen</data>
      <data key="v_hrank">1</data>
      <data key="v_numDirects">0</data>
      <data key="v_numCollegues">5</data>
      <data key="v_RecentlyModifiedCount">6</data>
      <data key="v_ModifiedTitles"> ; Process Simple Mobile ; Core Team ; Daily Live Site ; ILDC BI Hackathon ; PBI Portal ; OneNote_DeletedPages</data>
      <data key="v_TrendingTitles"> ; Vendor Ops ; Sela registration June 2016 ; TSGs ; Designs ; Raw Data Access ; Microsoft confidential ; Test Coverage &amp; Unicorns ; GM Review Apr 2016.pptx ; PowerApps Product Review ; App Model ; Pillar Review Template ; James Product review April 2016.pptx ; Flow | Functions | Logic Apps BizTalk Server | MABS ; 16.5.1 - Release meta data.pptx ; UX Backlog ; Power BI Shared Services  ; PBI &amp; XL Better Together ; PowerApps Executive Summary - May 2016 ; SQL BI Weekly Live Site Review ; &lt;Presentation title here&gt;</data>
      <data key="v_id">149323889</data>
    </node>
    <node id="n4">
      <data key="v_Title">Adi Regev</data>
      <data key="v_hrank">1</data>
      <data key="v_numDirects">0</data>
      <data key="v_numCollegues">5</data>
      <data key="v_RecentlyModifiedCount">10</data>
      <data key="v_ModifiedTitles"> ; Windows ; OneNote_DeletedPages ; Process Simple Mobile Notifications ; New Section 1 ; Process Simple Mobile ; Get Engaged 10FEB2016.pptx ; ProcSiMo Kick-off ; PM ; Product review FEB 2016.pptx ; OneNote_DeletedPages</data>
      <data key="v_TrendingTitles"> ; James Product review April 2016.pptx ; 16.5.1 - Release meta data.pptx ; Mobile reports review April 2016.pptx ; Microsoft confidential ; Planning ; Vendor Ops ; 16.5.2 - Release meta data.pptx ; Business Day ; Get Engaged 4MAY2016.pptx ; OneNote_DeletedPages ; OneNote_DeletedPages ; 16.4.2 - Release meta data.pptx ; Mobile BI ; Sela registration June 2016 ; Power BI Mobile release (4.1 + 4.2)  ; Telemetry Requirements for Unified Notifications ; Telemetries Definition for FFXL ; Measuring PBIO Workloads Business Success ; 16.4.1 - Release meta data.pptx ; Mobile apps dashboard refresh functionality</data>
      <data key="v_id">149355385</data>
    </node>
    <node id="n5">
      <data key="v_Title">Khalid Awwad</data>
      <data key="v_hrank">1</data>
      <data key="v_numDirects">0</data>
      <data key="v_numCollegues">5</data>
      <data key="v_RecentlyModifiedCount">0</data>
      <data key="v_ModifiedTitles">unknown</data>
      <data key="v_TrendingTitles"> ; James Product review April 2016.pptx ; 16.5.1 - Release meta data.pptx ; Engineering ; Sela registration June 2016 ; Mobile reports review April 2016.pptx ; Get Engaged 4MAY2016.pptx ; Planning ; 16.5.2 - Release meta data.pptx ; 16.4.2 - Release meta data.pptx ; Telemetry Requirements for Unified Notifications ; Power BI Mobile release (4.1 + 4.2)  ; Vendor Ops ; Microsoft confidential ; Business Day ; Mobile apps dashboard refresh functionality ; Mobile BI ; 16.4.1 - Release meta data.pptx ; internal-scanner-BC.8.5.16 ; MD-DesignReview-14.4 ; Product review April 2016.pptx</data>
      <data key="v_id">315872352</data>
    </node>
    <node id="n6">
      <data key="v_Title">OUTSIDE</data>
      <data key="v_hrank">0</data>
      <data key="v_numDirects">0</data>
      <data key="v_numCollegues">0</data>
      <data key="v_RecentlyModifiedCount">0</data>
      <data key="v_ModifiedTitles">unknown</data>
      <data key="v_TrendingTitles">unknown</data>
      <data key="v_id">-100</data>
    </node>
    <edge source="n0" target="n1">
      <data key="e_weight">95</data>
    </edge>
    <edge source="n0" target="n2">
      <data key="e_weight">198</data>
    </edge>
    <edge source="n0" target="n3">
      <data key="e_weight">200</data>
    </edge>
    <edge source="n0" target="n4">
      <data key="e_weight">195</data>
    </edge>
    <edge source="n0" target="n5">
      <data key="e_weight">97</data>
    </edge>
    <edge source="n0" target="n6">
      <data key="e_weight">1428</data>
    </edge>
    <edge source="n1" target="n2">
      <data key="e_weight">100</data>
    </edge>
    <edge source="n1" target="n3">
      <data key="e_weight">99</data>
    </edge>
    <edge source="n1" target="n4">
      <data key="e_weight">96</data>
    </edge>
    <edge source="n1" target="n5">
      <data key="e_weight">84</data>
    </edge>
    <edge source="n1" target="n6">
      <data key="e_weight">557</data>
    </edge>
    <edge source="n2" target="n3">
      <data key="e_weight">197</data>
    </edge>
    <edge source="n2" target="n4">
      <data key="e_weight">197</data>
    </edge>
    <edge source="n2" target="n5">
      <data key="e_weight">91</data>
    </edge>
    <edge source="n2" target="n6">
      <data key="e_weight">925</data>
    </edge>
    <edge source="n3" target="n4">
      <data key="e_weight">195</data>
    </edge>
    <edge source="n3" target="n6">
      <data key="e_weight">942</data>
    </edge>
    <edge source="n4" target="n5">
      <data key="e_weight">89</data>
    </edge>
    <edge source="n4" target="n6">
      <data key="e_weight">1126</data>
    </edge>
    <edge source="n5" target="n6">
      <data key="e_weight">1014</data>
    </edge>
  </graph>
</graphml>
