﻿<?xml version="1.0" encoding="utf-8"?><graphml xmlns:xsi="http://www.w3.org/2001/XMLSchema-instance" xsi:schemaLocation="http://graphml.graphdrawing.org/xmlns http://graphml.graphdrawing.org/xmlns/1.0/graphml.xsd" xmlns="http://graphml.graphdrawing.org/xmlns"><key id="Title" for="node" attr.name="Title" attr.type="string"><default>unknown</default></key><key id="hrank" for="node" attr.name="hrank" attr.type="double"><default>0</default></key><key id="numDirects" for="node" attr.name="numDirects" attr.type="double"><default>0</default></key><key id="numCollegues" for="node" attr.name="numCollegues" attr.type="double"><default>0</default></key><key id="weight" for="edge" attr.name="weight" attr.type="double"><default>1</default></key><graph id="hierarchy_graph" edgedefault="directed"><node id="148884407"><data key="Title">Stas Klyachkovsky</data><data key="hrank">0</data><data key="numDirects">9</data></node><node id="96517627"><data key="Title">Guy Moses</data><data key="hrank">1</data><data key="numCollegues">9</data><data key="numDirects">0</data></node><node id="148876967"><data key="Title">Avi Sander</data><data key="hrank">1</data><data key="numCollegues">9</data><data key="numDirects">0</data></node><node id="148881353"><data key="Title">Jenny Feldman</data><data key="hrank">1</data><data key="numCollegues">9</data><data key="numDirects">0</data></node><node id="149330050"><data key="Title">Avi Piechenick</data><data key="hrank">1</data><data key="numCollegues">9</data><data key="numDirects">0</data></node><node id="149348192"><data key="Title">Noam Behar</data><data key="hrank">1</data><data key="numCollegues">9</data><data key="numDirects">0</data></node><node id="149369272"><data key="Title">Shlomo David</data><data key="hrank">1</data><data key="numCollegues">9</data><data key="numDirects">0</data></node><node id="149425689"><data key="Title">Jacob Minsky</data><data key="hrank">1</data><data key="numCollegues">9</data><data key="numDirects">0</data></node><node id="149437524"><data key="Title">Shay Markanty</data><data key="hrank">1</data><data key="numCollegues">9</data><data key="numDirects">0</data></node><node id="17592455500473"><data key="Title">Hilla Cohen</data><data key="hrank">1</data><data key="numCollegues">9</data><data key="numDirects">0</data></node><node id="-100"><data key="Title">OUTSIDE</data></node>
<edge target="96517627" source="148884407"><data key="weight">1</data></edge>
<edge target="148876967" source="148884407"><data key="weight">1</data></edge>
<edge target="148881353" source="148884407"><data key="weight">1</data></edge>
<edge target="149330050" source="148884407"><data key="weight">1</data></edge>
<edge target="149348192" source="148884407"><data key="weight">1</data></edge>
<edge target="149369272" source="148884407"><data key="weight">1</data></edge>
<edge target="149425689" source="148884407"><data key="weight">1</data></edge>
<edge target="149437524" source="148884407"><data key="weight">1</data></edge>
<edge target="17592455500473" source="148884407"><data key="weight">1</data></edge></graph></graphml>