﻿<?xml version="1.0" encoding="utf-8"?><graphml xmlns:xsi="http://www.w3.org/2001/XMLSchema-instance" xsi:schemaLocation="http://graphml.graphdrawing.org/xmlns http://graphml.graphdrawing.org/xmlns/1.0/graphml.xsd" xmlns="http://graphml.graphdrawing.org/xmlns"><key id="Title" for="node" attr.name="Title" attr.type="string"><default>unknown</default></key><key id="hrank" for="node" attr.name="hrank" attr.type="double"><default>0</default></key><key id="numDirects" for="node" attr.name="numDirects" attr.type="double"><default>0</default></key><key id="numCollegues" for="node" attr.name="numCollegues" attr.type="double"><default>0</default></key><key id="RecentlyModifiedCount" for="node" attr.name="RecentlyModifiedCount" attr.type="double"><default>0</default></key><key id="ModifiedTitles" for="node" attr.name="ModifiedTitles" attr.type="string"><default>unknown</default></key><key id="TrendingTitles" for="node" attr.name="TrendingTitles" attr.type="string"><default>unknown</default></key><key id="weight" for="edge" attr.name="weight" attr.type="double"><default>1</default></key><graph id="social_graph" edgedefault="undirected"><node id="148884407"><data key="Title">Stas Klyachkovsky</data><data key="hrank">0</data><data key="numDirects">9</data><data key="RecentlyModifiedCount">1</data><data key="ModifiedTitles"> PBIO Hackaton</data><data key="TrendingTitles"> Daily Live Site Hackathon Vendor Ops OneNote_DeletedPages TSGs Document6 Power BI Excel Add-in UX Backlog Weekly Checkpoint 121015 Social Network Analysis </data></node><node id="96517627"><data key="Title">Guy Moses</data><data key="hrank">1</data><data key="numCollegues">9</data><data key="numDirects">0</data><data key="RecentlyModifiedCount">3</data><data key="ModifiedTitles"> Engineering PBIO Hackaton Project</data><data key="TrendingTitles"> OneNote_DeletedPages Daily Live Site AML Hackathon AviPi Import API Business Day Social Network Analysis  MyTasks Power BI PaaS - Spring 2016 Plan Review (Feb 24 2016).pptx</data></node><node id="148876967"><data key="Title">Avi Sander</data><data key="hrank">1</data><data key="numCollegues">9</data><data key="numDirects">0</data><data key="RecentlyModifiedCount">11</data><data key="ModifiedTitles"> Meetings Engineering AviPi March 2016 20160110 R AML Mashup OneNote_DeletedPages Fundamentals Mobile Marketing New Section 2</data><data key="TrendingTitles"> Daily Live Site Vendor Ops TSGs Hackathon Dashboards and Reports Microsoft Power BI “Embedded” Power BI PaaS - Spring 2016 Plan Review (Feb 24 2016).pptx Photomath.pptx Microsoft R Server Monthly Update Feb'16 Alerts and Notifications in Power BI.pptx</data></node><node id="148881353"><data key="Title">Jenny Feldman</data><data key="hrank">1</data><data key="numCollegues">9</data><data key="numDirects">0</data><data key="RecentlyModifiedCount">0</data><data key="ModifiedTitles"></data><data key="TrendingTitles"> Daily Live Site OneNote_DeletedPages AML AviPi Misc DaaS Overview MBR Proposal Power BI Excel Add-in Import API Northwestern Mutual EBC</data></node><node id="149330050"><data key="Title">Avi Piechenick</data><data key="hrank">1</data><data key="numCollegues">9</data><data key="numDirects">0</data><data key="RecentlyModifiedCount">20</data><data key="ModifiedTitles"> AviPi 20160110 R AML Windows Fabric Emulator Engineering OneNote_DeletedPages Project PBIO Hackaton Adler Daily Live Site Getting Started Tools and Portals Meetings Hilla Misc Kusto One Pager TSGs Vendor Ops Testing Telemetry and reports</data><data key="TrendingTitles"> Daily Live Site Vendor Ops TSGs Hackathon Dashboards and Reports Get Engaged 2MAR2016.pptx Power BI PaaS - Spring 2016 Plan Review (Feb 24 2016).pptx Product deliverables Spring semster 25FEB2016.pptx Power BI Excel Add-in Photomath.pptx</data></node><node id="149348192"><data key="Title">Noam Behar</data><data key="hrank">1</data><data key="numCollegues">9</data><data key="numDirects">0</data><data key="RecentlyModifiedCount">3</data><data key="ModifiedTitles"> AML Engineering XL2PBI publishing</data><data key="TrendingTitles"> Daily Live Site Hackathon OneNote_DeletedPages Vendor Ops AML 16.2.1 + 16.2.2 - Release meta data.pptx Microsoft Power BI “Embedded” Business Day Power BI Excel Add-in Notifications on Share dashboard</data></node><node id="149369272"><data key="Title">Shlomo David</data><data key="hrank">1</data><data key="numCollegues">9</data><data key="numDirects">0</data><data key="RecentlyModifiedCount">11</data><data key="ModifiedTitles"> Backend Development AML R branch Windows Fabric Emulator XL2PBI publishing Getting Started PBIO Hackaton PBI Portal Telemetry and reports Engineering Project</data><data key="TrendingTitles"> Daily Live Site Vendor Ops TSGs Hackathon Dashboards and Reports Microsoft Power BI “Embedded” Photomath.pptx Microsoft R Server Monthly Update Feb'16 Alerts and Notifications in Power BI.pptx Power BI Excel Add-in</data></node><node id="149425689"><data key="Title">Jacob Minsky</data><data key="hrank">1</data><data key="numCollegues">9</data><data key="numDirects">0</data><data key="RecentlyModifiedCount">1</data><data key="ModifiedTitles"> Engineering</data><data key="TrendingTitles"> AML Daily Live Site OneNote_DeletedPages AviPi Windows Fabric Emulator Document6 Power BI Desktop Kusto Usage survey Shared Services  Spring Review</data></node><node id="149437524"><data key="Title">Shay Markanty</data><data key="hrank">1</data><data key="numCollegues">9</data><data key="numDirects">0</data><data key="RecentlyModifiedCount">8</data><data key="ModifiedTitles"> ShayM Engineering OneNote_DeletedPages Windows Fabric Emulator AML RLS Daily Live Site Project</data><data key="TrendingTitles"> Daily Live Site Vendor Ops TSGs Hackathon Dashboards and Reports Power BI Excel Add-in Microsoft R Server Monthly Update Feb'16 Alerts and Notifications in Power BI.pptx Power BI PaaS - Spring 2016 Plan Review (Feb 24 2016).pptx Engineering Systems Team</data></node><node id="17592455500473"><data key="Title">Hilla Cohen</data><data key="hrank">1</data><data key="numCollegues">9</data><data key="numDirects">0</data><data key="RecentlyModifiedCount">7</data><data key="ModifiedTitles"> Hilla Engineering PBIO Hackaton Getting Started Windows Fabric Emulator R branch OneNote_DeletedPages</data><data key="TrendingTitles"> OneNote_DeletedPages Hackathon Daily Live Site Power BI add-in AML Import API 16.2.1 + 16.2.2 - Release meta data.pptx Product deliverables Spring semster 25FEB2016.pptx Power BI Excel Add-in QR initial.pptx</data></node><node id="-100"><data key="Title">OUTSIDE</data><data key="RecentlyModifiedCount">0</data><data key="ModifiedTitles"></data><data key="TrendingTitles"></data></node>
<edge target="-100" source="148884407"><data key="weight">468</data></edge>
<edge target="148876967" source="148884407"><data key="weight">198</data></edge>
<edge target="149330050" source="148884407"><data key="weight">198</data></edge>
<edge target="149369272" source="148884407"><data key="weight">94</data></edge>
<edge target="96517627" source="148884407"><data key="weight">181</data></edge>
<edge target="149348192" source="148884407"><data key="weight">185</data></edge>
<edge target="149369272" source="96517627"><data key="weight">100</data></edge>
<edge target="-100" source="96517627"><data key="weight">197</data></edge>
<edge target="149437524" source="96517627"><data key="weight">97</data></edge>
<edge target="17592455500473" source="96517627"><data key="weight">189</data></edge>
<edge target="149348192" source="96517627"><data key="weight">93</data></edge>
<edge target="149330050" source="96517627"><data key="weight">187</data></edge>
<edge target="148881353" source="96517627"><data key="weight">88</data></edge>
<edge target="-100" source="148876967"><data key="weight">471</data></edge>
<edge target="96517627" source="148876967"><data key="weight">97</data></edge>
<edge target="149330050" source="148876967"><data key="weight">96</data></edge>
<edge target="148881353" source="148876967"><data key="weight">87</data></edge>
<edge target="149348192" source="148876967"><data key="weight">186</data></edge>
<edge target="148884407" source="148881353"><data key="weight">100</data></edge>
<edge target="-100" source="148881353"><data key="weight">635</data></edge>
<edge target="149330050" source="148881353"><data key="weight">192</data></edge>
<edge target="149348192" source="148881353"><data key="weight">97</data></edge>
<edge target="-100" source="149330050"><data key="weight">286</data></edge>
<edge target="149437524" source="149330050"><data key="weight">93</data></edge>
<edge target="149348192" source="149330050"><data key="weight">186</data></edge>
<edge target="149369272" source="149330050"><data key="weight">90</data></edge>
<edge target="17592455500473" source="149330050"><data key="weight">178</data></edge>
<edge target="149369272" source="149348192"><data key="weight">192</data></edge>
<edge target="-100" source="149348192"><data key="weight">537</data></edge>
<edge target="148876967" source="149369272"><data key="weight">100</data></edge>
<edge target="-100" source="149369272"><data key="weight">649</data></edge>
<edge target="148881353" source="149369272"><data key="weight">97</data></edge>
<edge target="-100" source="149425689"><data key="weight">199</data></edge>
<edge target="96517627" source="149425689"><data key="weight">97</data></edge>
<edge target="17592455500473" source="149425689"><data key="weight">191</data></edge>
<edge target="149330050" source="149425689"><data key="weight">94</data></edge>
<edge target="149437524" source="149425689"><data key="weight">93</data></edge>
<edge target="149348192" source="149425689"><data key="weight">92</data></edge>
<edge target="149369272" source="149425689"><data key="weight">89</data></edge>
<edge target="148884407" source="149425689"><data key="weight">88</data></edge>
<edge target="148881353" source="149425689"><data key="weight">87</data></edge>
<edge target="-100" source="149437524"><data key="weight">849</data></edge>
<edge target="148884407" source="149437524"><data key="weight">99</data></edge>
<edge target="149369272" source="17592455500473"><data key="weight">100</data></edge>
<edge target="148884407" source="17592455500473"><data key="weight">99</data></edge>
<edge target="-100" source="17592455500473"><data key="weight">98</data></edge>
<edge target="149348192" source="17592455500473"><data key="weight">96</data></edge>
<edge target="149437524" source="17592455500473"><data key="weight">90</data></edge>
<edge target="148881353" source="17592455500473"><data key="weight">87</data></edge></graph></graphml>