﻿<?xml version="1.0" encoding="utf-8"?><graphml xmlns:xsi="http://www.w3.org/2001/XMLSchema-instance" xsi:schemaLocation="http://graphml.graphdrawing.org/xmlns http://graphml.graphdrawing.org/xmlns/1.0/graphml.xsd" xmlns="http://graphml.graphdrawing.org/xmlns"><key id="Title" for="node" attr.name="Title" attr.type="string"><default>unknown</default></key><key id="hrank" for="node" attr.name="hrank" attr.type="double"><default>0</default></key>
<key id="numDirects" for="node" attr.name="numDirects" attr.type="double"><default>0</default></key>
<key id="numCollegues" for="node" attr.name="numCollegues" attr.type="double"><default>0</default></key>
<key id="RecentlyModifiedCount" for="node" attr.name="RecentlyModifiedCount" attr.type="double"><default>0</default></key>
<key id="weight" for="edge" attr.name="weight" attr.type="double"><default>1</default></key><graph id="social_graph" edgedefault="undirected">
<node id="149344314"><data key="Title">LORRISSA HORTON </data><data key="hrank">0</data><data key="numDirects">4</data><data key="RecentlyModifiedCount">14</data></node>
<node id="149387189"><data key="Title">Fetiye Karabay</data><data key="hrank">1</data><data key="numCollegues">4</data><data key="numDirects">0</data><data key="RecentlyModifiedCount">1</data></node>
<node id="149407613"><data key="Title">Ajay Anandan</data><data key="hrank">1</data><data key="numCollegues">4</data><data key="numDirects">0</data><data key="RecentlyModifiedCount">3</data></node>
<node id="149407748"><data key="Title">Julie Zhu (POWER BI)</data><data key="hrank">1</data><data key="numCollegues">4</data><data key="numDirects">0</data><data key="RecentlyModifiedCount">11</data></node>
<node id="149428369"><data key="Title">Amanda Cofsky</data><data key="hrank">1</data><data key="numCollegues">4</data><data key="numDirects">0</data><data key="RecentlyModifiedCount">19</data></node>
<node id="-100"><data key="Title">OUTSIDE</data><data key="RecentlyModifiedCount">0</data></node>
<edge target="149407748" source="149344314"><data key="weight">197</data></edge>
<edge target="-100" source="149344314"><data key="weight">855</data></edge>
<edge target="-100" source="149387189"><data key="weight">953</data></edge>
<edge target="149407748" source="149407613"><data key="weight">198</data></edge>
<edge target="149428369" source="149407613"><data key="weight">193</data></edge>
<edge target="149344314" source="149407613"><data key="weight">98</data></edge>
<edge target="-100" source="149407613"><data key="weight">658</data></edge>
<edge target="-100" source="149407748"><data key="weight">661</data></edge>
<edge target="149428369" source="149407748"><data key="weight">194</data></edge>
<edge target="149344314" source="149428369"><data key="weight">100</data></edge>
<edge target="-100" source="149428369"><data key="weight">666</data></edge></graph></graphml>