﻿<?xml version="1.0" encoding="utf-8"?><graphml xmlns:xsi="http://www.w3.org/2001/XMLSchema-instance" xsi:schemaLocation="http://graphml.graphdrawing.org/xmlns http://graphml.graphdrawing.org/xmlns/1.0/graphml.xsd" xmlns="http://graphml.graphdrawing.org/xmlns"><key id="Title" for="node" attr.name="Title" attr.type="string"><default>unknown</default></key><key id="hrank" for="node" attr.name="hrank" attr.type="double"><default>0</default></key><key id="numDirects" for="node" attr.name="numDirects" attr.type="double"><default>0</default></key><key id="numCollegues" for="node" attr.name="numCollegues" attr.type="double"><default>0</default></key><key id="RecentlyModifiedCount" for="node" attr.name="RecentlyModifiedCount" attr.type="double"><default>0</default></key><key id="weight" for="edge" attr.name="weight" attr.type="double"><default>1</default></key><graph id="social_graph" edgedefault="undirected"><node id="148886980"><data key="Title">Yifat</data><data key="hrank">0</data><data key="numDirects">12</data><data key="RecentlyModifiedCount">11</data></node><node id="20198260"><data key="Title">Omri Armstrong</data><data key="hrank">1</data><data key="numCollegues">12</data><data key="numDirects">0</data><data key="RecentlyModifiedCount">4</data></node><node id="59256133"><data key="Title">Noa Nutkevitch</data><data key="hrank">1</data><data key="numCollegues">12</data><data key="numDirects">0</data><data key="RecentlyModifiedCount">8</data></node><node id="148876580"><data key="Title">Arina Hantsis</data><data key="hrank">1</data><data key="numCollegues">12</data><data key="numDirects">0</data><data key="RecentlyModifiedCount">5</data></node><node id="149303890"><data key="Title">Gilad Taragano</data><data key="hrank">1</data><data key="numCollegues">12</data><data key="numDirects">0</data><data key="RecentlyModifiedCount">3</data></node><node id="149323889"><data key="Title">Boaz Chen</data><data key="hrank">1</data><data key="numCollegues">12</data><data key="numDirects">0</data><data key="RecentlyModifiedCount">11</data></node><node id="149368345"><data key="Title">Sasha Alperovich</data><data key="hrank">1</data><data key="numCollegues">12</data><data key="numDirects">0</data><data key="RecentlyModifiedCount">12</data></node><node id="149395698"><data key="Title">Yehuda Arkin Adar</data><data key="hrank">1</data><data key="numCollegues">12</data><data key="numDirects">0</data><data key="RecentlyModifiedCount">22</data></node><node id="149397057"><data key="Title">Ran Didi</data><data key="hrank">1</data><data key="numCollegues">12</data><data key="numDirects">0</data><data key="RecentlyModifiedCount">23</data></node><node id="149401203"><data key="Title">Yoav Ossia</data><data key="hrank">1</data><data key="numCollegues">12</data><data key="numDirects">0</data><data key="RecentlyModifiedCount">7</data></node><node id="149423285"><data key="Title">Eli Greenwald</data><data key="hrank">1</data><data key="numCollegues">12</data><data key="numDirects">0</data><data key="RecentlyModifiedCount">8</data></node><node id="149427618"><data key="Title">Ali Hamud</data><data key="hrank">1</data><data key="numCollegues">12</data><data key="numDirects">0</data><data key="RecentlyModifiedCount">7</data></node><node id="17592400532612"><data key="Title">Najib Abu Samra</data><data key="hrank">1</data><data key="numCollegues">12</data><data key="numDirects">0</data><data key="RecentlyModifiedCount">1</data></node><node id="148884407"><data key="Title">Stas</data><data key="hrank">0</data><data key="numDirects">9</data><data key="RecentlyModifiedCount">1</data></node><node id="96517627"><data key="Title">Guy Moses</data><data key="hrank">1</data><data key="numDirects">0</data><data key="RecentlyModifiedCount">3</data></node><node id="148876967"><data key="Title">Avi Sander</data><data key="hrank">1</data><data key="numDirects">0</data><data key="RecentlyModifiedCount">11</data></node><node id="148881353"><data key="Title">Jenny Feldman</data><data key="hrank">1</data><data key="numDirects">0</data><data key="RecentlyModifiedCount">0</data></node><node id="148885510"><data key="Title">Raanan Zvi</data><data key="hrank">1</data><data key="numDirects">0</data><data key="RecentlyModifiedCount">5</data></node><node id="149348192"><data key="Title">Noam Behar</data><data key="hrank">1</data><data key="numDirects">0</data><data key="RecentlyModifiedCount">4</data></node><node id="149369272"><data key="Title">Shlomo David</data><data key="hrank">1</data><data key="numDirects">0</data><data key="RecentlyModifiedCount">10</data></node><node id="149425689"><data key="Title">Jacob Minsky</data><data key="hrank">1</data><data key="numDirects">0</data><data key="RecentlyModifiedCount">1</data></node><node id="17592397292165"><data key="Title">Lana Salameh</data><data key="hrank">1</data><data key="numDirects">0</data><data key="RecentlyModifiedCount">1</data></node><node id="17592455500473"><data key="Title">Hilla Cohen</data><data key="hrank">1</data><data key="numDirects">0</data><data key="RecentlyModifiedCount">7</data></node><node id="-100"><data key="Title">OUTSIDE</data><data key="RecentlyModifiedCount">0</data></node>
<edge target="148884407" source="148886980"><data key="weight">200</data></edge>
<edge target="-100" source="148886980"><data key="weight">666</data></edge>
<edge target="148876580" source="148886980"><data key="weight">197</data></edge>
<edge target="149423285" source="148886980"><data key="weight">190</data></edge>
<edge target="149395698" source="20198260"><data key="weight">196</data></edge>
<edge target="149401203" source="20198260"><data key="weight">193</data></edge>
<edge target="59256133" source="20198260"><data key="weight">192</data></edge>
<edge target="149323889" source="20198260"><data key="weight">194</data></edge>
<edge target="148886980" source="20198260"><data key="weight">95</data></edge>
<edge target="148876580" source="20198260"><data key="weight">188</data></edge>
<edge target="149397057" source="20198260"><data key="weight">193</data></edge>
<edge target="149368345" source="20198260"><data key="weight">92</data></edge>
<edge target="149427618" source="20198260"><data key="weight">181</data></edge>
<edge target="-100" source="20198260"><data key="weight">90</data></edge>
<edge target="148876580" source="59256133"><data key="weight">192</data></edge>
<edge target="149368345" source="59256133"><data key="weight">99</data></edge>
<edge target="148886980" source="59256133"><data key="weight">98</data></edge>
<edge target="149303890" source="59256133"><data key="weight">97</data></edge>
<edge target="149323889" source="59256133"><data key="weight">194</data></edge>
<edge target="149423285" source="59256133"><data key="weight">93</data></edge>
<edge target="-100" source="59256133"><data key="weight">92</data></edge>
<edge target="149401203" source="59256133"><data key="weight">187</data></edge>
<edge target="17592400532612" source="59256133"><data key="weight">188</data></edge>
<edge target="-100" source="148876580"><data key="weight">190</data></edge>
<edge target="149368345" source="148876580"><data key="weight">196</data></edge>
<edge target="149323889" source="148876580"><data key="weight">197</data></edge>
<edge target="149401203" source="148876580"><data key="weight">194</data></edge>
<edge target="149303890" source="148876580"><data key="weight">191</data></edge>
<edge target="149397057" source="148876580"><data key="weight">187</data></edge>
<edge target="149423285" source="149303890"><data key="weight">198</data></edge>
<edge target="149323889" source="149303890"><data key="weight">198</data></edge>
<edge target="149368345" source="149303890"><data key="weight">98</data></edge>
<edge target="-100" source="149303890"><data key="weight">366</data></edge>
<edge target="149427618" source="149303890"><data key="weight">93</data></edge>
<edge target="149348192" source="149303890"><data key="weight">89</data></edge>
<edge target="148886980" source="149323889"><data key="weight">96</data></edge>
<edge target="-100" source="149323889"><data key="weight">461</data></edge>
<edge target="-100" source="149368345"><data key="weight">658</data></edge>
<edge target="148886980" source="149368345"><data key="weight">99</data></edge>
<edge target="148884407" source="149368345"><data key="weight">97</data></edge>
<edge target="148886980" source="149395698"><data key="weight">100</data></edge>
<edge target="149368345" source="149395698"><data key="weight">99</data></edge>
<edge target="149323889" source="149395698"><data key="weight">98</data></edge>
<edge target="149303890" source="149395698"><data key="weight">97</data></edge>
<edge target="59256133" source="149395698"><data key="weight">95</data></edge>
<edge target="148876580" source="149395698"><data key="weight">94</data></edge>
<edge target="148884407" source="149395698"><data key="weight">92</data></edge>
<edge target="-100" source="149395698"><data key="weight">178</data></edge>
<edge target="149368345" source="149397057"><data key="weight">99</data></edge>
<edge target="59256133" source="149397057"><data key="weight">98</data></edge>
<edge target="149303890" source="149397057"><data key="weight">97</data></edge>
<edge target="149323889" source="149397057"><data key="weight">96</data></edge>
<edge target="148886980" source="149397057"><data key="weight">95</data></edge>
<edge target="-100" source="149397057"><data key="weight">93</data></edge>
<edge target="149369272" source="149397057"><data key="weight">183</data></edge>
<edge target="148884407" source="149397057"><data key="weight">91</data></edge>
<edge target="148886980" source="149401203"><data key="weight">100</data></edge>
<edge target="149368345" source="149401203"><data key="weight">99</data></edge>
<edge target="149323889" source="149401203"><data key="weight">97</data></edge>
<edge target="149303890" source="149401203"><data key="weight">95</data></edge>
<edge target="-100" source="149401203"><data key="weight">185</data></edge>
<edge target="148884407" source="149401203"><data key="weight">91</data></edge>
<edge target="-100" source="149423285"><data key="weight">193</data></edge>
<edge target="149368345" source="149423285"><data key="weight">97</data></edge>
<edge target="149427618" source="149423285"><data key="weight">192</data></edge>
<edge target="149401203" source="149423285"><data key="weight">92</data></edge>
<edge target="149323889" source="149423285"><data key="weight">91</data></edge>
<edge target="148876580" source="149423285"><data key="weight">89</data></edge>
<edge target="149397057" source="149423285"><data key="weight">87</data></edge>
<edge target="-100" source="149427618"><data key="weight">199</data></edge>
<edge target="148886980" source="149427618"><data key="weight">98</data></edge>
<edge target="148876580" source="149427618"><data key="weight">97</data></edge>
<edge target="149368345" source="149427618"><data key="weight">95</data></edge>
<edge target="149401203" source="149427618"><data key="weight">94</data></edge>
<edge target="149397057" source="149427618"><data key="weight">93</data></edge>
<edge target="59256133" source="149427618"><data key="weight">89</data></edge>
<edge target="20198260" source="17592400532612"><data key="weight">100</data></edge>
<edge target="149427618" source="17592400532612"><data key="weight">98</data></edge>
<edge target="-100" source="17592400532612"><data key="weight">191</data></edge>
<edge target="149397057" source="17592400532612"><data key="weight">96</data></edge>
<edge target="148886980" source="17592400532612"><data key="weight">95</data></edge>
<edge target="149395698" source="17592400532612"><data key="weight">93</data></edge>
<edge target="149323889" source="17592400532612"><data key="weight">92</data></edge>
<edge target="149401203" source="17592400532612"><data key="weight">89</data></edge>
<edge target="-100" source="148884407"><data key="weight">381</data></edge>
<edge target="148876967" source="148884407"><data key="weight">196</data></edge>
<edge target="149369272" source="148884407"><data key="weight">95</data></edge>
<edge target="149348192" source="148884407"><data key="weight">190</data></edge>
<edge target="148885510" source="148884407"><data key="weight">191</data></edge>
<edge target="96517627" source="148884407"><data key="weight">180</data></edge>
<edge target="-100" source="96517627"><data key="weight">296</data></edge>
<edge target="148885510" source="96517627"><data key="weight">192</data></edge>
<edge target="149348192" source="96517627"><data key="weight">94</data></edge>
<edge target="17592455500473" source="96517627"><data key="weight">183</data></edge>
<edge target="149369272" source="96517627"><data key="weight">92</data></edge>
<edge target="17592397292165" source="96517627"><data key="weight">87</data></edge>
<edge target="148885510" source="148876967"><data key="weight">200</data></edge>
<edge target="96517627" source="148876967"><data key="weight">98</data></edge>
<edge target="-100" source="148876967"><data key="weight">378</data></edge>
<edge target="149323889" source="148876967"><data key="weight">93</data></edge>
<edge target="149348192" source="148876967"><data key="weight">187</data></edge>
<edge target="149369272" source="148876967"><data key="weight">185</data></edge>
<edge target="148884407" source="148881353"><data key="weight">100</data></edge>
<edge target="148885510" source="148881353"><data key="weight">99</data></edge>
<edge target="-100" source="148881353"><data key="weight">363</data></edge>
<edge target="149348192" source="148881353"><data key="weight">97</data></edge>
<edge target="148876967" source="148881353"><data key="weight">96</data></edge>
<edge target="148886980" source="148881353"><data key="weight">93</data></edge>
<edge target="149368345" source="148881353"><data key="weight">87</data></edge>
<edge target="149348192" source="148885510"><data key="weight">197</data></edge>
<edge target="149369272" source="148885510"><data key="weight">197</data></edge>
<edge target="-100" source="148885510"><data key="weight">368</data></edge>
<edge target="149368345" source="148885510"><data key="weight">90</data></edge>
<edge target="149369272" source="149348192"><data key="weight">193</data></edge>
<edge target="-100" source="149348192"><data key="weight">441</data></edge>
<edge target="148886980" source="149348192"><data key="weight">91</data></edge>
<edge target="-100" source="149369272"><data key="weight">467</data></edge>
<edge target="148881353" source="149369272"><data key="weight">94</data></edge>
<edge target="-100" source="149425689"><data key="weight">388</data></edge>
<edge target="96517627" source="149425689"><data key="weight">98</data></edge>
<edge target="17592455500473" source="149425689"><data key="weight">97</data></edge>
<edge target="149348192" source="149425689"><data key="weight">93</data></edge>
<edge target="149369272" source="149425689"><data key="weight">90</data></edge>
<edge target="17592397292165" source="149425689"><data key="weight">89</data></edge>
<edge target="148884407" source="149425689"><data key="weight">87</data></edge>
<edge target="148876967" source="17592397292165"><data key="weight">100</data></edge>
<edge target="-100" source="17592397292165"><data key="weight">280</data></edge>
<edge target="149348192" source="17592397292165"><data key="weight">96</data></edge>
<edge target="17592455500473" source="17592397292165"><data key="weight">187</data></edge>
<edge target="148884407" source="17592397292165"><data key="weight">94</data></edge>
<edge target="149369272" source="17592397292165"><data key="weight">92</data></edge>
<edge target="20198260" source="17592397292165"><data key="weight">90</data></edge>
<edge target="149427618" source="17592397292165"><data key="weight">89</data></edge>
<edge target="-100" source="17592455500473"><data key="weight">295</data></edge>
<edge target="148885510" source="17592455500473"><data key="weight">99</data></edge>
<edge target="148884407" source="17592455500473"><data key="weight">95</data></edge>
<edge target="149369272" source="17592455500473"><data key="weight">91</data></edge>
<edge target="149348192" source="17592455500473"><data key="weight">88</data></edge></graph></graphml>