﻿<?xml version="1.0" encoding="utf-8"?><graphml xmlns:xsi="http://www.w3.org/2001/XMLSchema-instance" xsi:schemaLocation="http://graphml.graphdrawing.org/xmlns http://graphml.graphdrawing.org/xmlns/1.0/graphml.xsd" xmlns="http://graphml.graphdrawing.org/xmlns"><key id="Title" for="node" attr.name="Title" attr.type="string"><default>unknown</default></key><key id="hrank" for="node" attr.name="hrank" attr.type="double"><default>0</default></key><key id="numDirects" for="node" attr.name="numDirects" attr.type="double"><default>0</default></key><key id="numCollegues" for="node" attr.name="numCollegues" attr.type="double"><default>0</default></key><key id="RecentlyModifiedCount" for="node" attr.name="RecentlyModifiedCount" attr.type="double"><default>0</default></key><key id="weight" for="edge" attr.name="weight" attr.type="double"><default>1</default></key><graph id="social_graph" edgedefault="undirected"><node id="148886980"><data key="Title">Yifat Sagiv</data><data key="hrank">0</data><data key="numDirects">12</data><data key="RecentlyModifiedCount">11</data></node><node id="20198260"><data key="Title">Omri Armstrong</data><data key="hrank">1</data><data key="numCollegues">12</data><data key="numDirects">0</data><data key="RecentlyModifiedCount">4</data></node><node id="59256133"><data key="Title">Noa Nutkevitch</data><data key="hrank">1</data><data key="numCollegues">12</data><data key="numDirects">0</data><data key="RecentlyModifiedCount">8</data></node><node id="148876580"><data key="Title">Arina Hantsis</data><data key="hrank">1</data><data key="numCollegues">12</data><data key="numDirects">0</data><data key="RecentlyModifiedCount">5</data></node><node id="149303890"><data key="Title">Gilad Taragano</data><data key="hrank">1</data><data key="numCollegues">12</data><data key="numDirects">0</data><data key="RecentlyModifiedCount">3</data></node><node id="149323889"><data key="Title">Boaz Chen</data><data key="hrank">1</data><data key="numCollegues">12</data><data key="numDirects">0</data><data key="RecentlyModifiedCount">11</data></node><node id="149368345"><data key="Title">Sasha Alperovich</data><data key="hrank">1</data><data key="numCollegues">12</data><data key="numDirects">0</data><data key="RecentlyModifiedCount">12</data></node><node id="149395698"><data key="Title">Yehuda Arkin Adar</data><data key="hrank">1</data><data key="numCollegues">12</data><data key="numDirects">0</data><data key="RecentlyModifiedCount">22</data></node><node id="149397057"><data key="Title">Ran Didi</data><data key="hrank">1</data><data key="numCollegues">12</data><data key="numDirects">0</data><data key="RecentlyModifiedCount">22</data></node><node id="149401203"><data key="Title">Yoav Ossia</data><data key="hrank">1</data><data key="numCollegues">12</data><data key="numDirects">0</data><data key="RecentlyModifiedCount">7</data></node><node id="149423285"><data key="Title">Eli Greenwald</data><data key="hrank">1</data><data key="numCollegues">12</data><data key="numDirects">0</data><data key="RecentlyModifiedCount">8</data></node><node id="149427618"><data key="Title">Ali Hamud</data><data key="hrank">1</data><data key="numCollegues">12</data><data key="numDirects">0</data><data key="RecentlyModifiedCount">7</data></node><node id="17592400532612"><data key="Title">Najib Abu Samra</data><data key="hrank">1</data><data key="numCollegues">12</data><data key="numDirects">0</data><data key="RecentlyModifiedCount">1</data></node><node id="149393701"><data key="Title">SHAY GURMAN </data><data key="hrank">0</data><data key="numDirects">5</data><data key="RecentlyModifiedCount">4</data></node><node id="148884247"><data key="Title">Fred Garcia</data><data key="hrank">1</data><data key="numDirects">3</data><data key="RecentlyModifiedCount">5</data></node><node id="149314692"><data key="Title">Irina Gorbach</data><data key="hrank">1</data><data key="numDirects">5</data><data key="RecentlyModifiedCount">2</data></node><node id="149382088"><data key="Title">Jon Gallant</data><data key="hrank">1</data><data key="numDirects">17</data><data key="RecentlyModifiedCount">3</data></node><node id="149405311"><data key="Title">Tony Bencic</data><data key="hrank">1</data><data key="numDirects">0</data><data key="RecentlyModifiedCount">11</data></node><node id="17592360484015"><data key="Title">Kalavathi Pappuru (MINDTREE LIMITED)</data><data key="hrank">1</data><data key="numDirects">0</data><data key="RecentlyModifiedCount">3</data></node><node id="149330980"><data key="Title">Bashir Souid</data><data key="hrank">2</data><data key="numDirects">0</data><data key="RecentlyModifiedCount">1</data></node><node id="219614112"><data key="Title">Lenny Urbanowski</data><data key="hrank">2</data><data key="numDirects">0</data><data key="RecentlyModifiedCount">1</data></node><node id="321232892"><data key="Title">Jiadong Jin</data><data key="hrank">2</data><data key="numDirects">0</data><data key="RecentlyModifiedCount">4</data></node><node id="84307044"><data key="Title">Pawel Kwiecien</data><data key="hrank">2</data><data key="numDirects">0</data><data key="RecentlyModifiedCount">3</data></node><node id="149300579"><data key="Title">Chandrakumar Bhumireddy</data><data key="hrank">2</data><data key="numDirects">0</data><data key="RecentlyModifiedCount">8</data></node><node id="149384862"><data key="Title">Courtney O'Keefe</data><data key="hrank">2</data><data key="numDirects">0</data><data key="RecentlyModifiedCount">4</data></node><node id="149406086"><data key="Title">Dejun Zhou</data><data key="hrank">2</data><data key="numDirects">0</data><data key="RecentlyModifiedCount">0</data></node><node id="149407101"><data key="Title">Joey Wang</data><data key="hrank">2</data><data key="numDirects">0</data><data key="RecentlyModifiedCount">11</data></node><node id="29313967"><data key="Title">Wesley Yao</data><data key="hrank">2</data><data key="numDirects">0</data><data key="RecentlyModifiedCount">1</data></node><node id="107287106"><data key="Title">Ignat Vilesov (Akvelon)</data><data key="hrank">2</data><data key="numDirects">0</data><data key="RecentlyModifiedCount">1</data></node><node id="107287107"><data key="Title">Aleksei Tkach (Akvelon)</data><data key="hrank">2</data><data key="numDirects">0</data><data key="RecentlyModifiedCount">0</data></node><node id="107461984"><data key="Title">Nikita Grachev (Akvelon)</data><data key="hrank">2</data><data key="numDirects">0</data><data key="RecentlyModifiedCount">0</data></node><node id="148880505"><data key="Title">Russell West</data><data key="hrank">2</data><data key="numDirects">0</data><data key="RecentlyModifiedCount">3</data></node><node id="149332803"><data key="Title">Craig Boucher</data><data key="hrank">2</data><data key="numDirects">0</data><data key="RecentlyModifiedCount">0</data></node><node id="149379237"><data key="Title">Tony Ferrell</data><data key="hrank">2</data><data key="numDirects">0</data><data key="RecentlyModifiedCount">1</data></node><node id="149420430"><data key="Title">John Kurlak</data><data key="hrank">2</data><data key="numDirects">0</data><data key="RecentlyModifiedCount">3</data></node><node id="149432910"><data key="Title">Andy Luong</data><data key="hrank">2</data><data key="numDirects">0</data><data key="RecentlyModifiedCount">3</data></node><node id="149439718"><data key="Title">Will Anderson</data><data key="hrank">2</data><data key="numDirects">0</data><data key="RecentlyModifiedCount">1</data></node><node id="149442513"><data key="Title">Vishnuvardhan Vaidhyanathan</data><data key="hrank">2</data><data key="numDirects">0</data><data key="RecentlyModifiedCount">5</data></node><node id="293461384"><data key="Title">Dmitriy Tarasov (Akvelon)</data><data key="hrank">2</data><data key="numDirects">0</data><data key="RecentlyModifiedCount">1</data></node><node id="313143155"><data key="Title">Kamil Zakiev (Akvelon)</data><data key="hrank">2</data><data key="numDirects">0</data><data key="RecentlyModifiedCount">1</data></node><node id="354005826"><data key="Title">Michael Goldsberry (Akvelon)</data><data key="hrank">2</data><data key="numDirects">0</data><data key="RecentlyModifiedCount">0</data></node><node id="17592414746873"><data key="Title">Denis Kudelin (Akvelon)</data><data key="hrank">2</data><data key="numDirects">0</data><data key="RecentlyModifiedCount">0</data></node><node id="17592486242689"><data key="Title">Sidorenko Mikhail (Akvelon)</data><data key="hrank">2</data><data key="numDirects">0</data><data key="RecentlyModifiedCount">0</data></node><node id="17592501359581"><data key="Title">Dmitry Kurkin (Akvelon)</data><data key="hrank">2</data><data key="numDirects">0</data><data key="RecentlyModifiedCount">0</data></node><node id="-100"><data key="Title">OUTSIDE</data><data key="RecentlyModifiedCount">0</data></node>
<edge target="-100" source="148886980"><data key="weight">857</data></edge>
<edge target="148876580" source="148886980"><data key="weight">197</data></edge>
<edge target="149397057" source="20198260"><data key="weight">194</data></edge>
<edge target="148886980" source="20198260"><data key="weight">99</data></edge>
<edge target="149303890" source="20198260"><data key="weight">98</data></edge>
<edge target="-100" source="20198260"><data key="weight">97</data></edge>
<edge target="149423285" source="20198260"><data key="weight">183</data></edge>
<edge target="149368345" source="20198260"><data key="weight">93</data></edge>
<edge target="149323889" source="20198260"><data key="weight">190</data></edge>
<edge target="148876580" source="20198260"><data key="weight">182</data></edge>
<edge target="149427618" source="20198260"><data key="weight">182</data></edge>
<edge target="59256133" source="20198260"><data key="weight">183</data></edge>
<edge target="148876580" source="59256133"><data key="weight">194</data></edge>
<edge target="149303890" source="59256133"><data key="weight">99</data></edge>
<edge target="149323889" source="59256133"><data key="weight">195</data></edge>
<edge target="149368345" source="59256133"><data key="weight">97</data></edge>
<edge target="148886980" source="59256133"><data key="weight">96</data></edge>
<edge target="-100" source="59256133"><data key="weight">93</data></edge>
<edge target="149401203" source="59256133"><data key="weight">187</data></edge>
<edge target="17592400532612" source="59256133"><data key="weight">188</data></edge>
<edge target="149427618" source="59256133"><data key="weight">181</data></edge>
<edge target="-100" source="148876580"><data key="weight">190</data></edge>
<edge target="149368345" source="148876580"><data key="weight">196</data></edge>
<edge target="149323889" source="148876580"><data key="weight">196</data></edge>
<edge target="149401203" source="148876580"><data key="weight">194</data></edge>
<edge target="149303890" source="148876580"><data key="weight">192</data></edge>
<edge target="149397057" source="148876580"><data key="weight">193</data></edge>
<edge target="149423285" source="149303890"><data key="weight">197</data></edge>
<edge target="149323889" source="149303890"><data key="weight">199</data></edge>
<edge target="149368345" source="149303890"><data key="weight">98</data></edge>
<edge target="-100" source="149303890"><data key="weight">454</data></edge>
<edge target="149427618" source="149303890"><data key="weight">93</data></edge>
<edge target="148886980" source="149323889"><data key="weight">96</data></edge>
<edge target="-100" source="149323889"><data key="weight">460</data></edge>
<edge target="-100" source="149368345"><data key="weight">755</data></edge>
<edge target="148886980" source="149368345"><data key="weight">99</data></edge>
<edge target="148886980" source="149395698"><data key="weight">100</data></edge>
<edge target="149368345" source="149395698"><data key="weight">99</data></edge>
<edge target="149323889" source="149395698"><data key="weight">98</data></edge>
<edge target="149303890" source="149395698"><data key="weight">97</data></edge>
<edge target="59256133" source="149395698"><data key="weight">96</data></edge>
<edge target="20198260" source="149395698"><data key="weight">95</data></edge>
<edge target="148876580" source="149395698"><data key="weight">94</data></edge>
<edge target="-100" source="149395698"><data key="weight">267</data></edge>
<edge target="59256133" source="149397057"><data key="weight">99</data></edge>
<edge target="149368345" source="149397057"><data key="weight">98</data></edge>
<edge target="149323889" source="149397057"><data key="weight">97</data></edge>
<edge target="149303890" source="149397057"><data key="weight">96</data></edge>
<edge target="148886980" source="149397057"><data key="weight">95</data></edge>
<edge target="-100" source="149397057"><data key="weight">276</data></edge>
<edge target="148886980" source="149401203"><data key="weight">100</data></edge>
<edge target="149368345" source="149401203"><data key="weight">99</data></edge>
<edge target="149323889" source="149401203"><data key="weight">97</data></edge>
<edge target="149303890" source="149401203"><data key="weight">96</data></edge>
<edge target="20198260" source="149401203"><data key="weight">94</data></edge>
<edge target="-100" source="149401203"><data key="weight">276</data></edge>
<edge target="148886980" source="149423285"><data key="weight">100</data></edge>
<edge target="-100" source="149423285"><data key="weight">192</data></edge>
<edge target="148876580" source="149423285"><data key="weight">98</data></edge>
<edge target="149427618" source="149423285"><data key="weight">191</data></edge>
<edge target="149368345" source="149423285"><data key="weight">95</data></edge>
<edge target="149401203" source="149423285"><data key="weight">92</data></edge>
<edge target="149323889" source="149423285"><data key="weight">90</data></edge>
<edge target="-100" source="149427618"><data key="weight">199</data></edge>
<edge target="148886980" source="149427618"><data key="weight">98</data></edge>
<edge target="148876580" source="149427618"><data key="weight">97</data></edge>
<edge target="149368345" source="149427618"><data key="weight">96</data></edge>
<edge target="149401203" source="149427618"><data key="weight">94</data></edge>
<edge target="149397057" source="149427618"><data key="weight">93</data></edge>
<edge target="20198260" source="17592400532612"><data key="weight">100</data></edge>
<edge target="149397057" source="17592400532612"><data key="weight">99</data></edge>
<edge target="149427618" source="17592400532612"><data key="weight">98</data></edge>
<edge target="-100" source="17592400532612"><data key="weight">190</data></edge>
<edge target="148886980" source="17592400532612"><data key="weight">95</data></edge>
<edge target="149368345" source="17592400532612"><data key="weight">93</data></edge>
<edge target="149401203" source="17592400532612"><data key="weight">92</data></edge>
<edge target="148876580" source="17592400532612"><data key="weight">89</data></edge>
<edge target="-100" source="149393701"><data key="weight">667</data></edge>
<edge target="17592360484015" source="149393701"><data key="weight">199</data></edge>
<edge target="149314692" source="149393701"><data key="weight">185</data></edge>
<edge target="148884247" source="149393701"><data key="weight">182</data></edge>
<edge target="-100" source="148884247"><data key="weight">481</data></edge>
<edge target="29313967" source="148884247"><data key="weight">195</data></edge>
<edge target="149382088" source="148884247"><data key="weight">196</data></edge>
<edge target="321232892" source="148884247"><data key="weight">195</data></edge>
<edge target="149314692" source="148884247"><data key="weight">190</data></edge>
<edge target="-100" source="149314692"><data key="weight">764</data></edge>
<edge target="148880505" source="149382088"><data key="weight">199</data></edge>
<edge target="-100" source="149382088"><data key="weight">192</data></edge>
<edge target="149314692" source="149382088"><data key="weight">97</data></edge>
<edge target="29313967" source="149382088"><data key="weight">195</data></edge>
<edge target="149332803" source="149382088"><data key="weight">194</data></edge>
<edge target="149439718" source="149382088"><data key="weight">183</data></edge>
<edge target="149432910" source="149382088"><data key="weight">188</data></edge>
<edge target="149379237" source="149382088"><data key="weight">189</data></edge>
<edge target="149314692" source="149405311"><data key="weight">100</data></edge>
<edge target="-100" source="149405311"><data key="weight">755</data></edge>
<edge target="149393701" source="149405311"><data key="weight">92</data></edge>
<edge target="-100" source="17592360484015"><data key="weight">755</data></edge>
<edge target="149405311" source="17592360484015"><data key="weight">94</data></edge>
<edge target="148884247" source="149330980"><data key="weight">100</data></edge>
<edge target="219614112" source="149330980"><data key="weight">197</data></edge>
<edge target="-100" source="149330980"><data key="weight">376</data></edge>
<edge target="149382088" source="149330980"><data key="weight">97</data></edge>
<edge target="321232892" source="149330980"><data key="weight">95</data></edge>
<edge target="149300579" source="149330980"><data key="weight">94</data></edge>
<edge target="29313967" source="149330980"><data key="weight">93</data></edge>
<edge target="148884247" source="219614112"><data key="weight">100</data></edge>
<edge target="-100" source="219614112"><data key="weight">380</data></edge>
<edge target="29313967" source="219614112"><data key="weight">97</data></edge>
<edge target="149382088" source="219614112"><data key="weight">95</data></edge>
<edge target="321232892" source="219614112"><data key="weight">94</data></edge>
<edge target="354005826" source="219614112"><data key="weight">91</data></edge>
<edge target="-100" source="321232892"><data key="weight">571</data></edge>
<edge target="29313967" source="321232892"><data key="weight">188</data></edge>
<edge target="149382088" source="321232892"><data key="weight">92</data></edge>
<edge target="149300579" source="321232892"><data key="weight">91</data></edge>
<edge target="-100" source="84307044"><data key="weight">848</data></edge>
<edge target="149300579" source="84307044"><data key="weight">99</data></edge>
<edge target="-100" source="149300579"><data key="weight">757</data></edge>
<edge target="149393701" source="149300579"><data key="weight">95</data></edge>
<edge target="149407101" source="149300579"><data key="weight">194</data></edge>
<edge target="149314692" source="149384862"><data key="weight">100</data></edge>
<edge target="149300579" source="149384862"><data key="weight">99</data></edge>
<edge target="-100" source="149384862"><data key="weight">658</data></edge>
<edge target="84307044" source="149384862"><data key="weight">94</data></edge>
<edge target="149384862" source="149406086"><data key="weight">100</data></edge>
<edge target="149314692" source="149406086"><data key="weight">99</data></edge>
<edge target="-100" source="149406086"><data key="weight">737</data></edge>
<edge target="149384862" source="149407101"><data key="weight">99</data></edge>
<edge target="-100" source="149407101"><data key="weight">738</data></edge>
<edge target="-100" source="29313967"><data key="weight">472</data></edge>
<edge target="149432910" source="29313967"><data key="weight">97</data></edge>
<edge target="149420430" source="29313967"><data key="weight">178</data></edge>
<edge target="313143155" source="107287106"><data key="weight">198</data></edge>
<edge target="293461384" source="107287106"><data key="weight">194</data></edge>
<edge target="-100" source="107287106"><data key="weight">366</data></edge>
<edge target="107287107" source="107287106"><data key="weight">195</data></edge>
<edge target="107461984" source="107287106"><data key="weight">190</data></edge>
<edge target="17592414746873" source="107287106"><data key="weight">185</data></edge>
<edge target="149382088" source="107287106"><data key="weight">90</data></edge>
<edge target="313143155" source="107287107"><data key="weight">100</data></edge>
<edge target="293461384" source="107287107"><data key="weight">192</data></edge>
<edge target="107461984" source="107287107"><data key="weight">196</data></edge>
<edge target="-100" source="107287107"><data key="weight">371</data></edge>
<edge target="17592414746873" source="107287107"><data key="weight">94</data></edge>
<edge target="149382088" source="107287107"><data key="weight">91</data></edge>
<edge target="313143155" source="107461984"><data key="weight">196</data></edge>
<edge target="17592414746873" source="107461984"><data key="weight">189</data></edge>
<edge target="-100" source="107461984"><data key="weight">278</data></edge>
<edge target="149382088" source="107461984"><data key="weight">92</data></edge>
<edge target="354005826" source="107461984"><data key="weight">183</data></edge>
<edge target="293461384" source="107461984"><data key="weight">185</data></edge>
<edge target="149379237" source="148880505"><data key="weight">196</data></edge>
<edge target="-100" source="148880505"><data key="weight">370</data></edge>
<edge target="149439718" source="148880505"><data key="weight">196</data></edge>
<edge target="149420430" source="148880505"><data key="weight">195</data></edge>
<edge target="149432910" source="148880505"><data key="weight">91</data></edge>
<edge target="29313967" source="148880505"><data key="weight">88</data></edge>
<edge target="149379237" source="149332803"><data key="weight">198</data></edge>
<edge target="-100" source="149332803"><data key="weight">474</data></edge>
<edge target="149439718" source="149332803"><data key="weight">97</data></edge>
<edge target="149432910" source="149332803"><data key="weight">93</data></edge>
<edge target="149420430" source="149332803"><data key="weight">92</data></edge>
<edge target="149439718" source="149379237"><data key="weight">190</data></edge>
<edge target="149432910" source="149379237"><data key="weight">191</data></edge>
<edge target="149420430" source="149379237"><data key="weight">193</data></edge>
<edge target="-100" source="149379237"><data key="weight">186</data></edge>
<edge target="149442513" source="149379237"><data key="weight">90</data></edge>
<edge target="29313967" source="149379237"><data key="weight">86</data></edge>
<edge target="149382088" source="149420430"><data key="weight">99</data></edge>
<edge target="149432910" source="149420430"><data key="weight">194</data></edge>
<edge target="149439718" source="149420430"><data key="weight">96</data></edge>
<edge target="-100" source="149420430"><data key="weight">280</data></edge>
<edge target="149442513" source="149420430"><data key="weight">94</data></edge>
<edge target="148884247" source="149432910"><data key="weight">100</data></edge>
<edge target="-100" source="149432910"><data key="weight">468</data></edge>
<edge target="149439718" source="149432910"><data key="weight">186</data></edge>
<edge target="-100" source="149439718"><data key="weight">387</data></edge>
<edge target="148884247" source="149439718"><data key="weight">95</data></edge>
<edge target="149300579" source="149439718"><data key="weight">93</data></edge>
<edge target="-100" source="149442513"><data key="weight">669</data></edge>
<edge target="149382088" source="149442513"><data key="weight">99</data></edge>
<edge target="148880505" source="149442513"><data key="weight">94</data></edge>
<edge target="29313967" source="149442513"><data key="weight">93</data></edge>
<edge target="313143155" source="293461384"><data key="weight">193</data></edge>
<edge target="-100" source="293461384"><data key="weight">283</data></edge>
<edge target="17592414746873" source="293461384"><data key="weight">197</data></edge>
<edge target="149382088" source="293461384"><data key="weight">92</data></edge>
<edge target="148884247" source="293461384"><data key="weight">85</data></edge>
<edge target="-100" source="313143155"><data key="weight">288</data></edge>
<edge target="17592414746873" source="313143155"><data key="weight">194</data></edge>
<edge target="354005826" source="313143155"><data key="weight">192</data></edge>
<edge target="148884247" source="313143155"><data key="weight">90</data></edge>
<edge target="149382088" source="313143155"><data key="weight">89</data></edge>
<edge target="-100" source="354005826"><data key="weight">195</data></edge>
<edge target="293461384" source="354005826"><data key="weight">97</data></edge>
<edge target="148884247" source="354005826"><data key="weight">95</data></edge>
<edge target="149382088" source="354005826"><data key="weight">94</data></edge>
<edge target="17592414746873" source="354005826"><data key="weight">92</data></edge>
<edge target="107287106" source="354005826"><data key="weight">91</data></edge>
<edge target="29313967" source="354005826"><data key="weight">90</data></edge>
<edge target="-100" source="17592414746873"><data key="weight">291</data></edge>
<edge target="149382088" source="17592414746873"><data key="weight">91</data></edge>
<edge target="148884247" source="17592414746873"><data key="weight">90</data></edge>
<edge target="149379237" source="17592414746873"><data key="weight">89</data></edge>
<edge target="354005826" source="17592486242689"><data key="weight">100</data></edge>
<edge target="149332803" source="17592486242689"><data key="weight">99</data></edge>
<edge target="107461984" source="17592486242689"><data key="weight">98</data></edge>
<edge target="149382088" source="17592486242689"><data key="weight">97</data></edge>
<edge target="148880505" source="17592486242689"><data key="weight">96</data></edge>
<edge target="-100" source="17592486242689"><data key="weight">95</data></edge>
<edge target="293461384" source="17592486242689"><data key="weight">93</data></edge>
<edge target="149432910" source="17592486242689"><data key="weight">91</data></edge>
<edge target="149439718" source="17592486242689"><data key="weight">90</data></edge>
<edge target="149420430" source="17592486242689"><data key="weight">89</data></edge>
<edge target="149442513" source="17592501359581"><data key="weight">100</data></edge>
<edge target="-100" source="17592501359581"><data key="weight">99</data></edge>
<edge target="149382088" source="17592501359581"><data key="weight">98</data></edge>
<edge target="107287107" source="17592501359581"><data key="weight">97</data></edge>
<edge target="149439718" source="17592501359581"><data key="weight">95</data></edge>
<edge target="313143155" source="17592501359581"><data key="weight">94</data></edge>
<edge target="17592414746873" source="17592501359581"><data key="weight">93</data></edge>
<edge target="149379237" source="17592501359581"><data key="weight">91</data></edge>
<edge target="149420430" source="17592501359581"><data key="weight">90</data></edge>
<edge target="148880505" source="17592501359581"><data key="weight">89</data></edge></graph></graphml>