<?xml version="1.0" encoding="UTF-8"?>
<graphml xmlns="http://graphml.graphdrawing.org/xmlns"
         xmlns:xsi="http://www.w3.org/2001/XMLSchema-instance"
         xsi:schemaLocation="http://graphml.graphdrawing.org/xmlns
         http://graphml.graphdrawing.org/xmlns/1.0/graphml.xsd">
<!-- Created by igraph -->
  <key id="v_Title" for="node" attr.name="Title" attr.type="string"/>
  <key id="v_hrank" for="node" attr.name="hrank" attr.type="double"/>
  <key id="v_numDirects" for="node" attr.name="numDirects" attr.type="double"/>
  <key id="v_numCollegues" for="node" attr.name="numCollegues" attr.type="double"/>
  <key id="v_RecentlyModifiedCount" for="node" attr.name="RecentlyModifiedCount" attr.type="double"/>
  <key id="v_ModifiedTitles" for="node" attr.name="ModifiedTitles" attr.type="string"/>
  <key id="v_TrendingTitles" for="node" attr.name="TrendingTitles" attr.type="string"/>
  <key id="v_id" for="node" attr.name="id" attr.type="string"/>
  <key id="e_weight" for="edge" attr.name="weight" attr.type="double"/>
  <graph id="G" edgedefault="undirected">
    <node id="n0">
      <data key="v_Title">Ron Gilad</data>
      <data key="v_hrank">0</data>
      <data key="v_numDirects">8</data>
      <data key="v_numCollegues">0</data>
      <data key="v_RecentlyModifiedCount">10</data>
      <data key="v_ModifiedTitles"> ; PALS and Telemetry ; Demo&apos;s ; James Product review April 2016.pptx ; Process ; Product review March 2016.pptx ; Microsoft confidential ; Product review April 2016_V1.pptx ; Mobile Dashboards Architecture ; Stores Submission ; Business Day</data>
      <data key="v_TrendingTitles"> ; 16.5.1 - Release meta data.pptx ; James Product review April 2016.pptx ; Training ; Mobile reports review April 2016.pptx ; TSGs ; Vendor Ops ; Microsoft confidential ; Get Engaged 4MAY2016.pptx ; 16.4.2 - Release meta data.pptx ; Power BI Mobile release (4.1 + 4.2)  ; 16.5.2 - Release meta data.pptx ; Planning ; Power BI Shared Services  ; Engineering ; Sela registration June 2016 ; Business Day ; Mobile BI ; Power BI PR - PaaS May 9.pptx ; Mobile apps dashboard refresh functionality ; Telemetry Requirements for Unified Notifications</data>
      <data key="v_id">149343873</data>
    </node>
    <node id="n1">
      <data key="v_Title">Haim Sabo</data>
      <data key="v_hrank">1</data>
      <data key="v_numDirects">0</data>
      <data key="v_numCollegues">8</data>
      <data key="v_RecentlyModifiedCount">5</data>
      <data key="v_ModifiedTitles"> ; Mobile Dashboard and Reports tasks ; Mobile Dashboards Architecture ; ES Admin ; New Section 1 ; Daily Live Site</data>
      <data key="v_TrendingTitles"> ; Planning ; Sela registration June 2016 ; TSGs ; Engineering ; Vendor Ops ; James Product review April 2016.pptx ; Training ; Microsoft confidential ; Power BI Shared Services  ; Mobile reports review April 2016.pptx ; 16.5.1 - Release meta data.pptx ; Mobile BI ; MobileDashboardsPersistancyChanges ; Get Engaged 4MAY2016.pptx ; Mobile Dashboards Architecture ; Mobile Reports Design ; internal-scanner-BC.8.5.16 ; MD-DesignReview-14.4 ; Business Day ; Mobile apps dashboard refresh functionality</data>
      <data key="v_id">24786230</data>
    </node>
    <node id="n2">
      <data key="v_Title">Sruly Taber</data>
      <data key="v_hrank">1</data>
      <data key="v_numDirects">0</data>
      <data key="v_numCollegues">8</data>
      <data key="v_RecentlyModifiedCount">2</data>
      <data key="v_ModifiedTitles"> ; Windows ; Stores Submission</data>
      <data key="v_TrendingTitles"> ; Planning ; James Product review April 2016.pptx ; 16.5.1 - Release meta data.pptx ; Mobile reports review April 2016.pptx ; Sela registration June 2016 ; Engineering ; 16.5.2 - Release meta data.pptx ; Business Day ; Get Engaged 4MAY2016.pptx ; Vendor Ops ; OneNote_DeletedPages ; OneNote_DeletedPages ; 16.4.2 - Release meta data.pptx ; Mobile BI ; Power BI Mobile release (4.1 + 4.2)  ; Microsoft confidential ; Telemetry Requirements for Unified Notifications ; Mobile apps dashboard refresh functionality ; MobileDashboardsPersistancyChanges ; Mobile Dashboards Architecture</data>
      <data key="v_id">31093401</data>
    </node>
    <node id="n3">
      <data key="v_Title">Inbar Ron</data>
      <data key="v_hrank">1</data>
      <data key="v_numDirects">0</data>
      <data key="v_numCollegues">8</data>
      <data key="v_RecentlyModifiedCount">1</data>
      <data key="v_ModifiedTitles"> ; PALS and Telemetry</data>
      <data key="v_TrendingTitles"> ; James Product review April 2016.pptx ; Mobile reports review April 2016.pptx ; 16.5.1 - Release meta data.pptx ; Planning ; Engineering ; Sela registration June 2016 ; Microsoft confidential ; Get Engaged 4MAY2016.pptx ; Business Day ; OneNote_DeletedPages ; Vendor Ops ; 16.4.2 - Release meta data.pptx ; 16.5.2 - Release meta data.pptx ; Telemetry Requirements for Unified Notifications ; Mobile apps dashboard refresh functionality ; Mobile BI ; Using Excel Reports in Power BI is Easier Than Ever with Local Files Support ; Mobile Dashboards Architecture ; Telemetries Definition for FFXL ; Measuring PBIO Workloads Business Success</data>
      <data key="v_id">148888952</data>
    </node>
    <node id="n4">
      <data key="v_Title">Yonatan Appel</data>
      <data key="v_hrank">1</data>
      <data key="v_numDirects">0</data>
      <data key="v_numCollegues">8</data>
      <data key="v_RecentlyModifiedCount">0</data>
      <data key="v_ModifiedTitles">unknown</data>
      <data key="v_TrendingTitles"> ; Planning ; James Product review April 2016.pptx ; Mobile reports review April 2016.pptx ; 16.5.1 - Release meta data.pptx ; Engineering ; Sela registration June 2016 ; Vendor Ops ; Business Day ; Get Engaged 4MAY2016.pptx ; Microsoft confidential ; OneNote_DeletedPages ; Mobile BI ; 16.4.2 - Release meta data.pptx ; 16.5.2 - Release meta data.pptx ; Training ; Mobile apps dashboard refresh functionality ; Telemetry Requirements for Unified Notifications ; Power BI Mobile release (4.1 + 4.2)  ; 16.4.1 - Release meta data.pptx ; Power BI Shared Services </data>
      <data key="v_id">149317946</data>
    </node>
    <node id="n5">
      <data key="v_Title">Guy Arad</data>
      <data key="v_hrank">1</data>
      <data key="v_numDirects">0</data>
      <data key="v_numCollegues">8</data>
      <data key="v_RecentlyModifiedCount">10</data>
      <data key="v_ModifiedTitles"> ; Engineering ; Kusto ; PALS and Telemetry ; Windows 10 ; Vendor Ops ; OneNote_DeletedPages ; Engineering ; TSG ; Daily Live Site ; Common Data Sets</data>
      <data key="v_TrendingTitles"> ; Planning ; Vendor Ops ; Mobile reports review April 2016.pptx ; James Product review April 2016.pptx ; 16.5.1 - Release meta data.pptx ; TSGs ; Training ; Sela registration June 2016 ; Microsoft confidential ; Engineering ; Get Engaged 4MAY2016.pptx ; Business Day ; Telemetry Requirements for Unified Notifications ; 16.4.2 - Release meta data.pptx ; 16.5.2 - Release meta data.pptx ; Mobile apps dashboard refresh functionality ; MobileDashboardsPersistancyChanges ; Mobile Dashboards Architecture ; 16.4.1 - Release meta data.pptx ; Test Coverage &amp; Unicorns</data>
      <data key="v_id">149373676</data>
    </node>
    <node id="n6">
      <data key="v_Title">Yaniv Kravitz</data>
      <data key="v_hrank">1</data>
      <data key="v_numDirects">0</data>
      <data key="v_numCollegues">8</data>
      <data key="v_RecentlyModifiedCount">10</data>
      <data key="v_ModifiedTitles"> ; Demo&apos;s ; Weekly Execution Review ; General ; Demodata ; OneNote_DeletedPages ; Power BI Data summit ; Excet demo ; Mobile BI ; Exec Retreat DemoFest ; ILDC Drivers</data>
      <data key="v_TrendingTitles"> ; James Product review April 2016.pptx ; 16.5.1 - Release meta data.pptx ; Mobile reports review April 2016.pptx ; Planning ; Engineering ; Get Engaged 4MAY2016.pptx ; Vendor Ops ; TSGs ; Training ; Microsoft confidential ; 16.5.2 - Release meta data.pptx ; 16.4.2 - Release meta data.pptx ; Power BI Mobile release (4.1 + 4.2)  ; Business Day ; Mobile apps dashboard refresh functionality ; Power BI PR - PaaS May 9.pptx ; Mobile BI ; Telemetry Requirements for Unified Notifications ; Sela registration June 2016 ; 16.4.1 - Release meta data.pptx</data>
      <data key="v_id">149395605</data>
    </node>
    <node id="n7">
      <data key="v_Title">Yehonatan Ginzberg</data>
      <data key="v_hrank">1</data>
      <data key="v_numDirects">0</data>
      <data key="v_numCollegues">8</data>
      <data key="v_RecentlyModifiedCount">6</data>
      <data key="v_ModifiedTitles"> ; Core Team ; Fundamentals - Certification ; Mobile apps dashboard refresh functionality ; Training ; Engineering ; OneNote_DeletedPages</data>
      <data key="v_TrendingTitles"> ; James Product review April 2016.pptx ; 16.5.1 - Release meta data.pptx ; Mobile reports review April 2016.pptx ; Engineering ; Sela registration June 2016 ; Planning ; Get Engaged 4MAY2016.pptx ; TSGs ; Vendor Ops ; Microsoft confidential ; 16.4.2 - Release meta data.pptx ; 16.5.2 - Release meta data.pptx ; Training ; Business Day ; Power BI Mobile release (4.1 + 4.2)  ; Mobile BI ; Telemetry Requirements for Unified Notifications ; Mobile apps dashboard refresh functionality ; 16.4.1 - Release meta data.pptx ; App Model</data>
      <data key="v_id">149469572</data>
    </node>
    <node id="n8">
      <data key="v_Title">Adam Yaari</data>
      <data key="v_hrank">1</data>
      <data key="v_numDirects">0</data>
      <data key="v_numCollegues">8</data>
      <data key="v_RecentlyModifiedCount">2</data>
      <data key="v_ModifiedTitles"> ; ES Admin ; Windows 10</data>
      <data key="v_TrendingTitles"> ; Planning ; Engineering ; Sela registration June 2016 ; Mobile reports review April 2016.pptx ; James Product review April 2016.pptx ; Microsoft confidential ; OneNote_DeletedPages ; Training ; Business Day ; Microsoft confidential ; Mobile BI ; Get Engaged 4MAY2016.pptx ; internal-scanner-BC.8.5.16 ; Mobile apps dashboard refresh functionality ; Mobile Dashboards Architecture ; Telemetry Requirements for Unified Notifications ; 16.5.1 - Release meta data.pptx ; MD-DesignReview-14.4 ; Microsoft confidential ; PBI service Loc engineering improvements</data>
      <data key="v_id">187825319</data>
    </node>
    <node id="n9">
      <data key="v_Title">OUTSIDE</data>
      <data key="v_hrank">0</data>
      <data key="v_numDirects">0</data>
      <data key="v_numCollegues">0</data>
      <data key="v_RecentlyModifiedCount">0</data>
      <data key="v_ModifiedTitles">unknown</data>
      <data key="v_TrendingTitles">unknown</data>
      <data key="v_id">-100</data>
    </node>
    <edge source="n0" target="n1">
      <data key="e_weight">100</data>
    </edge>
    <edge source="n0" target="n2">
      <data key="e_weight">192</data>
    </edge>
    <edge source="n0" target="n3">
      <data key="e_weight">100</data>
    </edge>
    <edge source="n0" target="n4">
      <data key="e_weight">99</data>
    </edge>
    <edge source="n0" target="n5">
      <data key="e_weight">92</data>
    </edge>
    <edge source="n0" target="n6">
      <data key="e_weight">184</data>
    </edge>
    <edge source="n0" target="n7">
      <data key="e_weight">96</data>
    </edge>
    <edge source="n0" target="n8">
      <data key="e_weight">96</data>
    </edge>
    <edge source="n0" target="n9">
      <data key="e_weight">3104</data>
    </edge>
    <edge source="n1" target="n2">
      <data key="e_weight">185</data>
    </edge>
    <edge source="n1" target="n5">
      <data key="e_weight">193</data>
    </edge>
    <edge source="n1" target="n7">
      <data key="e_weight">98</data>
    </edge>
    <edge source="n1" target="n9">
      <data key="e_weight">840</data>
    </edge>
    <edge source="n2" target="n4">
      <data key="e_weight">189</data>
    </edge>
    <edge source="n2" target="n5">
      <data key="e_weight">195</data>
    </edge>
    <edge source="n2" target="n6">
      <data key="e_weight">96</data>
    </edge>
    <edge source="n2" target="n7">
      <data key="e_weight">97</data>
    </edge>
    <edge source="n2" target="n8">
      <data key="e_weight">85</data>
    </edge>
    <edge source="n2" target="n9">
      <data key="e_weight">1100</data>
    </edge>
    <edge source="n3" target="n5">
      <data key="e_weight">198</data>
    </edge>
    <edge source="n3" target="n6">
      <data key="e_weight">93</data>
    </edge>
    <edge source="n3" target="n7">
      <data key="e_weight">197</data>
    </edge>
    <edge source="n3" target="n9">
      <data key="e_weight">754</data>
    </edge>
    <edge source="n4" target="n5">
      <data key="e_weight">192</data>
    </edge>
    <edge source="n4" target="n6">
      <data key="e_weight">97</data>
    </edge>
    <edge source="n4" target="n9">
      <data key="e_weight">831</data>
    </edge>
    <edge source="n5" target="n6">
      <data key="e_weight">86</data>
    </edge>
    <edge source="n5" target="n7">
      <data key="e_weight">182</data>
    </edge>
    <edge source="n5" target="n8">
      <data key="e_weight">98</data>
    </edge>
    <edge source="n5" target="n9">
      <data key="e_weight">797</data>
    </edge>
    <edge source="n6" target="n7">
      <data key="e_weight">89</data>
    </edge>
    <edge source="n6" target="n8">
      <data key="e_weight">76</data>
    </edge>
    <edge source="n6" target="n9">
      <data key="e_weight">1305</data>
    </edge>
    <edge source="n7" target="n8">
      <data key="e_weight">93</data>
    </edge>
    <edge source="n7" target="n9">
      <data key="e_weight">801</data>
    </edge>
    <edge source="n8" target="n9">
      <data key="e_weight">737</data>
    </edge>
  </graph>
</graphml>
