﻿<?xml version="1.0" encoding="utf-8"?><graphml xmlns:xsi="http://www.w3.org/2001/XMLSchema-instance" xsi:schemaLocation="http://graphml.graphdrawing.org/xmlns http://graphml.graphdrawing.org/xmlns/1.0/graphml.xsd" xmlns="http://graphml.graphdrawing.org/xmlns"><key id="Title" for="node" attr.name="Title" attr.type="string"><default>unknown</default></key><key id="hrank" for="node" attr.name="hrank" attr.type="double"><default>0</default></key><key id="numDirects" for="node" attr.name="numDirects" attr.type="double"><default>0</default></key><key id="numCollegues" for="node" attr.name="numCollegues" attr.type="double"><default>0</default></key><key id="weight" for="edge" attr.name="weight" attr.type="double"><default>1</default></key><graph id="hierarchy_graph" edgedefault="directed"><node id="148886980"><data key="Title">Yifat</data><data key="hrank">0</data><data key="numDirects">12</data></node><node id="20198260"><data key="Title">Omri Armstrong</data><data key="hrank">1</data><data key="numCollegues">12</data><data key="numDirects">0</data></node><node id="59256133"><data key="Title">Noa Nutkevitch</data><data key="hrank">1</data><data key="numCollegues">12</data><data key="numDirects">0</data></node><node id="148876580"><data key="Title">Arina Hantsis</data><data key="hrank">1</data><data key="numCollegues">12</data><data key="numDirects">0</data></node><node id="149303890"><data key="Title">Gilad Taragano</data><data key="hrank">1</data><data key="numCollegues">12</data><data key="numDirects">0</data></node><node id="149323889"><data key="Title">Boaz Chen</data><data key="hrank">1</data><data key="numCollegues">12</data><data key="numDirects">0</data></node><node id="149368345"><data key="Title">Sasha Alperovich</data><data key="hrank">1</data><data key="numCollegues">12</data><data key="numDirects">0</data></node><node id="149395698"><data key="Title">Yehuda Arkin Adar</data><data key="hrank">1</data><data key="numCollegues">12</data><data key="numDirects">0</data></node><node id="149397057"><data key="Title">Ran Didi</data><data key="hrank">1</data><data key="numCollegues">12</data><data key="numDirects">0</data></node><node id="149401203"><data key="Title">Yoav Ossia</data><data key="hrank">1</data><data key="numCollegues">12</data><data key="numDirects">0</data></node><node id="149423285"><data key="Title">Eli Greenwald</data><data key="hrank">1</data><data key="numCollegues">12</data><data key="numDirects">0</data></node><node id="149427618"><data key="Title">Ali Hamud</data><data key="hrank">1</data><data key="numCollegues">12</data><data key="numDirects">0</data></node><node id="17592400532612"><data key="Title">Najib Abu Samra</data><data key="hrank">1</data><data key="numCollegues">12</data><data key="numDirects">0</data></node><node id="-100"><data key="Title">OUTSIDE</data></node>
<edge target="20198260" source="148886980"><data key="weight">1</data></edge>
<edge target="59256133" source="148886980"><data key="weight">1</data></edge>
<edge target="148876580" source="148886980"><data key="weight">1</data></edge>
<edge target="149303890" source="148886980"><data key="weight">1</data></edge>
<edge target="149323889" source="148886980"><data key="weight">1</data></edge>
<edge target="149368345" source="148886980"><data key="weight">1</data></edge>
<edge target="149395698" source="148886980"><data key="weight">1</data></edge>
<edge target="149397057" source="148886980"><data key="weight">1</data></edge>
<edge target="149401203" source="148886980"><data key="weight">1</data></edge>
<edge target="149423285" source="148886980"><data key="weight">1</data></edge>
<edge target="149427618" source="148886980"><data key="weight">1</data></edge>
<edge target="17592400532612" source="148886980"><data key="weight">1</data></edge></graph></graphml>