﻿<?xml version="1.0" encoding="utf-8"?><graphml xmlns:xsi="http://www.w3.org/2001/XMLSchema-instance" xsi:schemaLocation="http://graphml.graphdrawing.org/xmlns http://graphml.graphdrawing.org/xmlns/1.0/graphml.xsd" xmlns="http://graphml.graphdrawing.org/xmlns"><key id="Title" for="node" attr.name="Title" attr.type="string"><default>unknown</default></key><key id="hrank" for="node" attr.name="hrank" attr.type="double"><default>0</default></key><key id="numDirects" for="node" attr.name="numDirects" attr.type="double"><default>0</default></key><key id="numCollegues" for="node" attr.name="numCollegues" attr.type="double"><default>0</default></key><key id="weight" for="edge" attr.name="weight" attr.type="double"><default>1</default></key><graph id="hierarchy_graph" edgedefault="directed"><node id="148878581"><data key="Title">Sri Srinivasan</data><data key="hrank">0</data><data key="numDirects">10</data></node><node id="148882938"><data key="Title">Amar Nalla</data><data key="hrank">1</data><data key="numCollegues">10</data><data key="numDirects">0</data></node><node id="148890781"><data key="Title">Muhammad Alam</data><data key="hrank">1</data><data key="numCollegues">10</data><data key="numDirects">8</data></node><node id="149314786"><data key="Title">Sarah Solis</data><data key="hrank">1</data><data key="numCollegues">10</data><data key="numDirects">0</data></node><node id="149318174"><data key="Title">Ahmad El Husseini</data><data key="hrank">1</data><data key="numCollegues">10</data><data key="numDirects">0</data></node><node id="149325694"><data key="Title">Jakob Steen Hansen</data><data key="hrank">1</data><data key="numCollegues">10</data><data key="numDirects">5</data></node><node id="149354246"><data key="Title">Kartik Mithal</data><data key="hrank">1</data><data key="numCollegues">10</data><data key="numDirects">14</data></node><node id="149368456"><data key="Title">Josh Honeyman</data><data key="hrank">1</data><data key="numCollegues">10</data><data key="numDirects">11</data></node><node id="149369183"><data key="Title">Sreenivas Simhadri</data><data key="hrank">1</data><data key="numCollegues">10</data><data key="numDirects">8</data></node><node id="149373535"><data key="Title">Susan Davies</data><data key="hrank">1</data><data key="numCollegues">10</data><data key="numDirects">4</data></node><node id="149311152"><data key="Title">Arif Kureshy</data><data key="hrank">1</data><data key="numCollegues">10</data><data key="numDirects">8</data></node><node id="88323178"><data key="Title">Manoj Swaminathan</data><data key="hrank">2</data><data key="numCollegues">8</data><data key="numDirects">14</data></node><node id="148875035"><data key="Title">Omar Choudhry</data><data key="hrank">2</data><data key="numCollegues">8</data><data key="numDirects">1</data></node><node id="148898589"><data key="Title">Dave Danford</data><data key="hrank">2</data><data key="numCollegues">8</data><data key="numDirects">0</data></node><node id="149338067"><data key="Title">Mary Beth Landau</data><data key="hrank">2</data><data key="numCollegues">8</data><data key="numDirects">0</data></node><node id="149339258"><data key="Title">Dan Ogren</data><data key="hrank">2</data><data key="numCollegues">8</data><data key="numDirects">9</data></node><node id="149352478"><data key="Title">Arijit Basu (DYNAMICS)</data><data key="hrank">2</data><data key="numCollegues">8</data><data key="numDirects">0</data></node><node id="149371735"><data key="Title">Swamy Narayana</data><data key="hrank">2</data><data key="numCollegues">8</data><data key="numDirects">12</data></node><node id="149409034"><data key="Title">Gurkan Salk</data><data key="hrank">2</data><data key="numCollegues">8</data><data key="numDirects">23</data></node><node id="86688200"><data key="Title">v-vichee Cheekoti (Sonata Software North America)</data><data key="hrank">3</data><data key="numCollegues">14</data><data key="numDirects">0</data></node><node id="89561065"><data key="Title">Joris de Gruyter</data><data key="hrank">3</data><data key="numCollegues">14</data><data key="numDirects">0</data></node><node id="95580454"><data key="Title">Raghav Vurrinka (Sonata Software North America)</data><data key="hrank">3</data><data key="numCollegues">14</data><data key="numDirects">0</data></node><node id="149311544"><data key="Title">Rajesh Jampula (Sonata Software North America)</data><data key="hrank">3</data><data key="numCollegues">14</data><data key="numDirects">0</data></node><node id="149314898"><data key="Title">Kishore Penugonda</data><data key="hrank">3</data><data key="numCollegues">14</data><data key="numDirects">0</data></node><node id="149327216"><data key="Title">Ray Bennett</data><data key="hrank">3</data><data key="numCollegues">14</data><data key="numDirects">0</data></node><node id="149385481"><data key="Title">Davy Vliegen</data><data key="hrank">3</data><data key="numCollegues">14</data><data key="numDirects">0</data></node><node id="149392731"><data key="Title">Tariq Bell</data><data key="hrank">3</data><data key="numCollegues">14</data><data key="numDirects">0</data></node><node id="149396517"><data key="Title">Paul Wu (MBS)</data><data key="hrank">3</data><data key="numCollegues">14</data><data key="numDirects">0</data></node><node id="149410588"><data key="Title">v-bhdomm Dommata (Sonata Software North America)</data><data key="hrank">3</data><data key="numCollegues">14</data><data key="numDirects">0</data></node><node id="149461827"><data key="Title">Zach Greenvoss</data><data key="hrank">3</data><data key="numCollegues">14</data><data key="numDirects">0</data></node><node id="208321430"><data key="Title">Naresh Kota (Sonata Software North America)</data><data key="hrank">3</data><data key="numCollegues">14</data><data key="numDirects">0</data></node><node id="252317829"><data key="Title">Ankur Srivastava (Sonata Software Ltd)</data><data key="hrank">3</data><data key="numCollegues">14</data><data key="numDirects">0</data></node><node id="17592277562937"><data key="Title">Feba Thomas (Sonata Software North America)</data><data key="hrank">3</data><data key="numCollegues">14</data><data key="numDirects">0</data></node><node id="149435653"><data key="Title">Heather Vaughan (Kalvi Consulting Services Inc)</data><data key="hrank">3</data><data key="numCollegues">1</data><data key="numDirects">0</data></node><node id="148875755"><data key="Title">Matt Sheard</data><data key="hrank">3</data><data key="numCollegues">9</data><data key="numDirects">0</data></node><node id="148898952"><data key="Title">Piyush Agrawal</data><data key="hrank">3</data><data key="numCollegues">9</data><data key="numDirects">0</data></node><node id="149313700"><data key="Title">Andreas Hofmann</data><data key="hrank">3</data><data key="numCollegues">9</data><data key="numDirects">0</data></node><node id="149366737"><data key="Title">Marc De Deygere</data><data key="hrank">3</data><data key="numCollegues">9</data><data key="numDirects">0</data></node><node id="149389796"><data key="Title">Archana Prasad</data><data key="hrank">3</data><data key="numCollegues">9</data><data key="numDirects">0</data></node><node id="149404396"><data key="Title">Kirill Val</data><data key="hrank">3</data><data key="numCollegues">9</data><data key="numDirects">0</data></node><node id="149426571"><data key="Title">Sachin Gandhi</data><data key="hrank">3</data><data key="numCollegues">9</data><data key="numDirects">0</data></node><node id="149434436"><data key="Title">Sid Datta</data><data key="hrank">3</data><data key="numCollegues">9</data><data key="numDirects">0</data></node><node id="231494233"><data key="Title">Murali Kumanduri</data><data key="hrank">3</data><data key="numCollegues">9</data><data key="numDirects">0</data></node><node id="2286710"><data key="Title">Agust Bjornsson</data><data key="hrank">3</data><data key="numCollegues">12</data><data key="numDirects">0</data></node><node id="148876010"><data key="Title">Sunil Garg</data><data key="hrank">3</data><data key="numCollegues">12</data><data key="numDirects">0</data></node><node id="148895017"><data key="Title">Eric Pegors</data><data key="hrank">3</data><data key="numCollegues">12</data><data key="numDirects">0</data></node><node id="149306610"><data key="Title">Claudia Betz-Haubold</data><data key="hrank">3</data><data key="numCollegues">12</data><data key="numDirects">0</data></node><node id="149325189"><data key="Title">Kim Nelson (DYNAMICS)</data><data key="hrank">3</data><data key="numCollegues">12</data><data key="numDirects">0</data></node><node id="149344181"><data key="Title">Sushant Mudholkar</data><data key="hrank">3</data><data key="numCollegues">12</data><data key="numDirects">0</data></node><node id="149365962"><data key="Title">Praveen Kumar Srinivasan Rajendiran</data><data key="hrank">3</data><data key="numCollegues">12</data><data key="numDirects">0</data></node><node id="149494898"><data key="Title">Ajit Kotwal</data><data key="hrank">3</data><data key="numCollegues">12</data><data key="numDirects">0</data></node><node id="194905707"><data key="Title">Clay Wesener</data><data key="hrank">3</data><data key="numCollegues">12</data><data key="numDirects">0</data></node><node id="194937521"><data key="Title">d6627066-fd68-4b89-b125-c5f54f7334d5</data><data key="hrank">3</data><data key="numCollegues">12</data><data key="numDirects">0</data></node><node id="223317613"><data key="Title">Alejandro Gutierrez</data><data key="hrank">3</data><data key="numCollegues">12</data><data key="numDirects">0</data></node><node id="149319576"><data key="Title">Nalin Shukla</data><data key="hrank">3</data><data key="numCollegues">12</data><data key="numDirects">0</data></node><node id="129038442"><data key="Title">v-sydesa Desam (Sonata Software North America)</data><data key="hrank">3</data><data key="numCollegues">23</data><data key="numDirects">0</data></node><node id="148888375"><data key="Title">Chanpreet Saluja</data><data key="hrank">3</data><data key="numCollegues">23</data><data key="numDirects">0</data></node><node id="148891569"><data key="Title">Phil Hand</data><data key="hrank">3</data><data key="numCollegues">23</data><data key="numDirects">0</data></node><node id="149303348"><data key="Title">Jason Kim</data><data key="hrank">3</data><data key="numCollegues">23</data><data key="numDirects">0</data></node><node id="149315271"><data key="Title">Paul Maré</data><data key="hrank">3</data><data key="numCollegues">23</data><data key="numDirects">0</data></node><node id="149320977"><data key="Title">Aditya Varma</data><data key="hrank">3</data><data key="numCollegues">23</data><data key="numDirects">0</data></node><node id="149335777"><data key="Title">Roger Gilchrist</data><data key="hrank">3</data><data key="numCollegues">23</data><data key="numDirects">0</data></node><node id="149360571"><data key="Title">Prashanth GanapathyRaj</data><data key="hrank">3</data><data key="numCollegues">23</data><data key="numDirects">0</data></node><node id="149385259"><data key="Title">Darren Liu</data><data key="hrank">3</data><data key="numCollegues">23</data><data key="numDirects">0</data></node><node id="149393535"><data key="Title">Jayme Pechan</data><data key="hrank">3</data><data key="numCollegues">23</data><data key="numDirects">0</data></node><node id="149414520"><data key="Title">Manjunath Gubbi</data><data key="hrank">3</data><data key="numCollegues">23</data><data key="numDirects">0</data></node><node id="149441704"><data key="Title">Simon Matthews</data><data key="hrank">3</data><data key="numCollegues">23</data><data key="numDirects">0</data></node><node id="149454768"><data key="Title">Chris Knowles</data><data key="hrank">3</data><data key="numCollegues">23</data><data key="numDirects">0</data></node><node id="149493725"><data key="Title">v-karvar Varatharajan (Sonata Software North America)</data><data key="hrank">3</data><data key="numCollegues">23</data><data key="numDirects">0</data></node><node id="228826861"><data key="Title">Paresh Kumar Baroda (Sonata Software North America)</data><data key="hrank">3</data><data key="numCollegues">23</data><data key="numDirects">0</data></node><node id="340284288"><data key="Title">Rajesh Nichenametla (Sonata Software North America)</data><data key="hrank">3</data><data key="numCollegues">23</data><data key="numDirects">0</data></node><node id="340284297"><data key="Title">Subramanya GV (Sonata Software North America)</data><data key="hrank">3</data><data key="numCollegues">23</data><data key="numDirects">0</data></node><node id="17592312618775"><data key="Title">David Parker (Persistent Systems Ltd.)</data><data key="hrank">3</data><data key="numCollegues">23</data><data key="numDirects">0</data></node><node id="17592352153979"><data key="Title">Pramod Pratil (Persistent Systems Ltd.)</data><data key="hrank">3</data><data key="numCollegues">23</data><data key="numDirects">0</data></node><node id="17592374812842"><data key="Title">Avinash Wasnik (Persistent Systems Ltd.)</data><data key="hrank">3</data><data key="numCollegues">23</data><data key="numDirects">0</data></node><node id="17592415007404"><data key="Title">Jiro Koumi</data><data key="hrank">3</data><data key="numCollegues">23</data><data key="numDirects">0</data></node><node id="17592489390427"><data key="Title">v-sabhu Bhure (Sonata Software North America)</data><data key="hrank">3</data><data key="numCollegues">23</data><data key="numDirects">0</data></node><node id="17592509014770"><data key="Title">Ramakrishna Mastamardi (Sonata Software North America)</data><data key="hrank">3</data><data key="numCollegues">23</data><data key="numDirects">0</data></node><node id="148881141"><data key="Title">Gopal Madhavan</data><data key="hrank">2</data><data key="numCollegues">5</data><data key="numDirects">5</data></node><node id="148894431"><data key="Title">Tao Wang (MBS)</data><data key="hrank">2</data><data key="numCollegues">5</data><data key="numDirects">4</data></node><node id="149347239"><data key="Title">John Stairs</data><data key="hrank">2</data><data key="numCollegues">5</data><data key="numDirects">11</data></node><node id="149384434"><data key="Title">Abhijit Kundu</data><data key="hrank">2</data><data key="numCollegues">5</data><data key="numDirects">0</data></node><node id="149391500"><data key="Title">Ross Hillier</data><data key="hrank">2</data><data key="numCollegues">5</data><data key="numDirects">9</data></node><node id="149300544"><data key="Title">Kanaka Komandur</data><data key="hrank">3</data><data key="numCollegues">5</data><data key="numDirects">0</data></node><node id="149302396"><data key="Title">Kayton Parekh</data><data key="hrank">3</data><data key="numCollegues">5</data><data key="numDirects">0</data></node><node id="149331530"><data key="Title">Sarvani Sathish Kumar</data><data key="hrank">3</data><data key="numCollegues">5</data><data key="numDirects">0</data></node><node id="149343841"><data key="Title">Kranthi Erusu</data><data key="hrank">3</data><data key="numCollegues">5</data><data key="numDirects">0</data></node><node id="149477958"><data key="Title">Olga Nikonova</data><data key="hrank">3</data><data key="numCollegues">5</data><data key="numDirects">0</data></node><node id="148878702"><data key="Title">Mike Nordick</data><data key="hrank">3</data><data key="numCollegues">4</data><data key="numDirects">0</data></node><node id="148882577"><data key="Title">Andre Lamego</data><data key="hrank">3</data><data key="numCollegues">4</data><data key="numDirects">6</data></node><node id="149351184"><data key="Title">Liang Yu</data><data key="hrank">3</data><data key="numCollegues">4</data><data key="numDirects">4</data></node><node id="149381978"><data key="Title">Michael Gall</data><data key="hrank">3</data><data key="numCollegues">4</data><data key="numDirects">5</data></node><node id="149309643"><data key="Title">Alex Prodan</data><data key="hrank">4</data><data key="numCollegues">6</data><data key="numDirects">0</data></node><node id="149365699"><data key="Title">Pankaj Thakur</data><data key="hrank">4</data><data key="numCollegues">6</data><data key="numDirects">0</data></node><node id="149405312"><data key="Title">Alex Stakh</data><data key="hrank">4</data><data key="numCollegues">6</data><data key="numDirects">0</data></node><node id="149409094"><data key="Title">Lang Gou</data><data key="hrank">4</data><data key="numCollegues">6</data><data key="numDirects">0</data></node><node id="149435068"><data key="Title">Jenja Gomolskyi</data><data key="hrank">4</data><data key="numCollegues">6</data><data key="numDirects">0</data></node><node id="277913336"><data key="Title">Alice Xu</data><data key="hrank">4</data><data key="numCollegues">6</data><data key="numDirects">0</data></node><node id="148858735"><data key="Title">Yunji Zhong</data><data key="hrank">4</data><data key="numCollegues">4</data><data key="numDirects">0</data></node><node id="148876122"><data key="Title">Duc Luong</data><data key="hrank">4</data><data key="numCollegues">4</data><data key="numDirects">0</data></node><node id="149330814"><data key="Title">Gregory Christiaens</data><data key="hrank">4</data><data key="numCollegues">4</data><data key="numDirects">0</data></node><node id="149460730"><data key="Title">Dmitry Mikhaylov</data><data key="hrank">4</data><data key="numCollegues">4</data><data key="numDirects">0</data></node><node id="149354595"><data key="Title">Sam Peng</data><data key="hrank">4</data><data key="numCollegues">5</data><data key="numDirects">0</data></node><node id="149376994"><data key="Title">Andy Stach</data><data key="hrank">4</data><data key="numCollegues">5</data><data key="numDirects">0</data></node><node id="149378883"><data key="Title">Pramit Desai</data><data key="hrank">4</data><data key="numCollegues">5</data><data key="numDirects">0</data></node><node id="149381796"><data key="Title">Sellakumaran Kanagarathnam</data><data key="hrank">4</data><data key="numCollegues">5</data><data key="numDirects">0</data></node><node id="149444764"><data key="Title">Colton Manville</data><data key="hrank">4</data><data key="numCollegues">5</data><data key="numDirects">0</data></node><node id="108979244"><data key="Title">Junnan Wan</data><data key="hrank">3</data><data key="numCollegues">11</data><data key="numDirects">0</data></node><node id="148885565"><data key="Title">Ashish Gupta (MBS)</data><data key="hrank">3</data><data key="numCollegues">11</data><data key="numDirects">0</data></node><node id="148887856"><data key="Title">Ian Beck</data><data key="hrank">3</data><data key="numCollegues">11</data><data key="numDirects">0</data></node><node id="148896949"><data key="Title">Annaji Sharma Ganti</data><data key="hrank">3</data><data key="numCollegues">11</data><data key="numDirects">0</data></node><node id="149324969"><data key="Title">Truong Do</data><data key="hrank">3</data><data key="numCollegues">11</data><data key="numDirects">0</data></node><node id="149351785"><data key="Title">Nitin Shah</data><data key="hrank">3</data><data key="numCollegues">11</data><data key="numDirects">0</data></node><node id="149356409"><data key="Title">Marcos Calderon Macias</data><data key="hrank">3</data><data key="numCollegues">11</data><data key="numDirects">0</data></node><node id="149376363"><data key="Title">Maria Iazykova</data><data key="hrank">3</data><data key="numCollegues">11</data><data key="numDirects">0</data></node><node id="149421539"><data key="Title">Rakesh Ganimini</data><data key="hrank">3</data><data key="numCollegues">11</data><data key="numDirects">0</data></node><node id="149444897"><data key="Title">Anton Shakirzianov</data><data key="hrank">3</data><data key="numCollegues">11</data><data key="numDirects">0</data></node><node id="208350009"><data key="Title">Kevin Bazan Williams</data><data key="hrank">3</data><data key="numCollegues">11</data><data key="numDirects">0</data></node><node id="149332312"><data key="Title">Vincent Arth</data><data key="hrank">3</data><data key="numCollegues">9</data><data key="numDirects">0</data></node><node id="149376760"><data key="Title">Anurag Tokhi</data><data key="hrank">3</data><data key="numCollegues">9</data><data key="numDirects">0</data></node><node id="149379149"><data key="Title">Jeremy Jensen</data><data key="hrank">3</data><data key="numCollegues">9</data><data key="numDirects">0</data></node><node id="149381799"><data key="Title">Andrew Kies</data><data key="hrank">3</data><data key="numCollegues">9</data><data key="numDirects">0</data></node><node id="149427651"><data key="Title">Eric Momsen</data><data key="hrank">3</data><data key="numCollegues">9</data><data key="numDirects">0</data></node><node id="149427698"><data key="Title">Tanner Dozark</data><data key="hrank">3</data><data key="numCollegues">9</data><data key="numDirects">0</data></node><node id="149444024"><data key="Title">Ali Roudaki</data><data key="hrank">3</data><data key="numCollegues">9</data><data key="numDirects">0</data></node><node id="149496602"><data key="Title">Sanzad Siddique</data><data key="hrank">3</data><data key="numCollegues">9</data><data key="numDirects">0</data></node><node id="17592239823218"><data key="Title">Tom Postler</data><data key="hrank">3</data><data key="numCollegues">9</data><data key="numDirects">0</data></node><node id="46188379"><data key="Title">Marisa Parker</data><data key="hrank">2</data><data key="numCollegues">14</data><data key="numDirects">0</data></node><node id="107465407"><data key="Title">Jackson Finlay (Intergen Limited)</data><data key="hrank">2</data><data key="numCollegues">14</data><data key="numDirects">0</data></node><node id="134743473"><data key="Title">Nalini Kotamraju</data><data key="hrank">2</data><data key="numCollegues">14</data><data key="numDirects">0</data></node><node id="148899478"><data key="Title">Hans Have</data><data key="hrank">2</data><data key="numCollegues">14</data><data key="numDirects">0</data></node><node id="149306047"><data key="Title">Julianne Prekaski</data><data key="hrank">2</data><data key="numCollegues">14</data><data key="numDirects">0</data></node><node id="149331291"><data key="Title">Kevin Honeyman</data><data key="hrank">2</data><data key="numCollegues">14</data><data key="numDirects">0</data></node><node id="149349993"><data key="Title">Morten Holm-Petersen</data><data key="hrank">2</data><data key="numCollegues">14</data><data key="numDirects">0</data></node><node id="149355772"><data key="Title">Monique Sauvageau</data><data key="hrank">2</data><data key="numCollegues">14</data><data key="numDirects">0</data></node><node id="149391299"><data key="Title">Brian Glaeske</data><data key="hrank">2</data><data key="numCollegues">14</data><data key="numDirects">0</data></node><node id="149414619"><data key="Title">Loba van Heugten</data><data key="hrank">2</data><data key="numCollegues">14</data><data key="numDirects">0</data></node><node id="149466310"><data key="Title">Kate Spengler</data><data key="hrank">2</data><data key="numCollegues">14</data><data key="numDirects">0</data></node><node id="149476903"><data key="Title">Ben Smith</data><data key="hrank">2</data><data key="numCollegues">14</data><data key="numDirects">0</data></node><node id="220290000"><data key="Title">Yana Bernadskaya</data><data key="hrank">2</data><data key="numCollegues">14</data><data key="numDirects">0</data></node><node id="149496642"><data key="Title">Karen Levinthal</data><data key="hrank">2</data><data key="numCollegues">14</data><data key="numDirects">0</data></node><node id="149322022"><data key="Title">Alejandro Aquino</data><data key="hrank">2</data><data key="numCollegues">11</data><data key="numDirects">22</data></node><node id="149324648"><data key="Title">Jeppe Oskar Meyer Larsen</data><data key="hrank">2</data><data key="numCollegues">11</data><data key="numDirects">8</data></node><node id="149332798"><data key="Title">Simon Ejsing</data><data key="hrank">2</data><data key="numCollegues">11</data><data key="numDirects">0</data></node><node id="149350628"><data key="Title">Ned Baker</data><data key="hrank">2</data><data key="numCollegues">11</data><data key="numDirects">6</data></node><node id="149353851"><data key="Title">Mudit Mittal</data><data key="hrank">2</data><data key="numCollegues">11</data><data key="numDirects">3</data></node><node id="149361377"><data key="Title">Patrick Nelson (MBS)</data><data key="hrank">2</data><data key="numCollegues">11</data><data key="numDirects">0</data></node><node id="149371116"><data key="Title">Steven Omberg</data><data key="hrank">2</data><data key="numCollegues">11</data><data key="numDirects">5</data></node><node id="149380934"><data key="Title">Adrian Marius Marin</data><data key="hrank">2</data><data key="numCollegues">11</data><data key="numDirects">0</data></node><node id="149386102"><data key="Title">Ajay Jha</data><data key="hrank">2</data><data key="numCollegues">11</data><data key="numDirects">5</data></node><node id="149390987"><data key="Title">Bo Lund</data><data key="hrank">2</data><data key="numCollegues">11</data><data key="numDirects">0</data></node><node id="149396616"><data key="Title">Paul Bramel</data><data key="hrank">2</data><data key="numCollegues">11</data><data key="numDirects">0</data></node><node id="10227315"><data key="Title">Dinesh Shaligram Wagh (Infosys Ltd)</data><data key="hrank">3</data><data key="numCollegues">22</data><data key="numDirects">0</data></node><node id="30843286"><data key="Title">Anekant Kamate (Infosys Ltd)</data><data key="hrank">3</data><data key="numCollegues">22</data><data key="numDirects">0</data></node><node id="42024779"><data key="Title">Manish Hiraman Ghadge (Infosys Ltd)</data><data key="hrank">3</data><data key="numCollegues">22</data><data key="numDirects">0</data></node><node id="79803438"><data key="Title">Kevin McGinn</data><data key="hrank">3</data><data key="numCollegues">22</data><data key="numDirects">0</data></node><node id="104105737"><data key="Title">Abhinav Gupta (Infosys Ltd)</data><data key="hrank">3</data><data key="numCollegues">22</data><data key="numDirects">0</data></node><node id="148894794"><data key="Title">Eric Borg</data><data key="hrank">3</data><data key="numCollegues">22</data><data key="numDirects">0</data></node><node id="148895886"><data key="Title">Joel Carr</data><data key="hrank">3</data><data key="numCollegues">22</data><data key="numDirects">0</data></node><node id="149303697"><data key="Title">Vitaly Kukushkin (Akvelon)</data><data key="hrank">3</data><data key="numCollegues">22</data><data key="numDirects">0</data></node><node id="149320195"><data key="Title">Dave Hanson (DCS FARGO)</data><data key="hrank">3</data><data key="numCollegues">22</data><data key="numDirects">0</data></node><node id="149328244"><data key="Title">John Mathieu Soreno</data><data key="hrank">3</data><data key="numCollegues">22</data><data key="numDirects">0</data></node><node id="149334525"><data key="Title">Amresh Deochake Deochake (Infosys Ltd)</data><data key="hrank">3</data><data key="numCollegues">22</data><data key="numDirects">0</data></node><node id="149335949"><data key="Title">Dan Hanke</data><data key="hrank">3</data><data key="numCollegues">22</data><data key="numDirects">0</data></node><node id="149341295"><data key="Title">Rufus Littlefield</data><data key="hrank">3</data><data key="numCollegues">22</data><data key="numDirects">0</data></node><node id="149366245"><data key="Title">Travis Schlecht</data><data key="hrank">3</data><data key="numCollegues">22</data><data key="numDirects">0</data></node><node id="149369745"><data key="Title">Jason Parvu</data><data key="hrank">3</data><data key="numCollegues">22</data><data key="numDirects">0</data></node><node id="149398800"><data key="Title">Jordan Locke</data><data key="hrank">3</data><data key="numCollegues">22</data><data key="numDirects">0</data></node><node id="149399177"><data key="Title">Mitesh Neema (Infosys Ltd)</data><data key="hrank">3</data><data key="numCollegues">22</data><data key="numDirects">0</data></node><node id="149429990"><data key="Title">Amey Sathe (Infosys)</data><data key="hrank">3</data><data key="numCollegues">22</data><data key="numDirects">0</data></node><node id="149430770"><data key="Title">Sachin Tekade (Infosys Ltd)</data><data key="hrank">3</data><data key="numCollegues">22</data><data key="numDirects">0</data></node><node id="149431468"><data key="Title">Sharad Nair (Infosys Ltd)</data><data key="hrank">3</data><data key="numCollegues">22</data><data key="numDirects">0</data></node><node id="149565727"><data key="Title">Gopal Iyer Iyer (Infosys Ltd)</data><data key="hrank">3</data><data key="numCollegues">22</data><data key="numDirects">0</data></node><node id="17592263246818"><data key="Title">Akshay Babu (Infosys Ltd)</data><data key="hrank">3</data><data key="numCollegues">22</data><data key="numDirects">0</data></node><node id="11243056"><data key="Title">Cassio Melo</data><data key="hrank">3</data><data key="numCollegues">8</data><data key="numDirects">0</data></node><node id="148879069"><data key="Title">Vinod Kumar (DYNAMICS)</data><data key="hrank">3</data><data key="numCollegues">8</data><data key="numDirects">0</data></node><node id="149314243"><data key="Title">Dempsey Swan</data><data key="hrank">3</data><data key="numCollegues">8</data><data key="numDirects">0</data></node><node id="149333321"><data key="Title">Krishnan Duraisamy</data><data key="hrank">3</data><data key="numCollegues">8</data><data key="numDirects">0</data></node><node id="149338217"><data key="Title">Nima Kamoosi</data><data key="hrank">3</data><data key="numCollegues">8</data><data key="numDirects">0</data></node><node id="149405813"><data key="Title">Hadeel Elbitar</data><data key="hrank">3</data><data key="numCollegues">8</data><data key="numDirects">0</data></node><node id="149440902"><data key="Title">Mark Pleskac</data><data key="hrank">3</data><data key="numCollegues">8</data><data key="numDirects">0</data></node><node id="149443575"><data key="Title">Christian Petrin</data><data key="hrank">3</data><data key="numCollegues">8</data><data key="numDirects">0</data></node><node id="149321680"><data key="Title">Ahana Ghosh</data><data key="hrank">3</data><data key="numCollegues">6</data><data key="numDirects">0</data></node><node id="149324679"><data key="Title">Jimmy Liu</data><data key="hrank">3</data><data key="numCollegues">6</data><data key="numDirects">0</data></node><node id="149325536"><data key="Title">Raoguang Song</data><data key="hrank">3</data><data key="numCollegues">6</data><data key="numDirects">0</data></node><node id="149378077"><data key="Title">Lance Wheelwright</data><data key="hrank">3</data><data key="numCollegues">6</data><data key="numDirects">0</data></node><node id="149411839"><data key="Title">April Sun</data><data key="hrank">3</data><data key="numCollegues">6</data><data key="numDirects">0</data></node><node id="305364070"><data key="Title">Andrew Mittleider</data><data key="hrank">3</data><data key="numCollegues">6</data><data key="numDirects">0</data></node><node id="35078526"><data key="Title">Swathi Pasupuleti (Sonata Software North America)</data><data key="hrank">3</data><data key="numCollegues">3</data><data key="numDirects">0</data></node><node id="149409435"><data key="Title">Naresh Mupparaju (Sonata Software North America)</data><data key="hrank">3</data><data key="numCollegues">3</data><data key="numDirects">0</data></node><node id="17592502175156"><data key="Title">Raghu Challa (Sonata Software North America)</data><data key="hrank">3</data><data key="numCollegues">3</data><data key="numDirects">0</data></node><node id="148859935"><data key="Title">John Benes</data><data key="hrank">3</data><data key="numCollegues">5</data><data key="numDirects">0</data></node><node id="148882225"><data key="Title">Jason Huck</data><data key="hrank">3</data><data key="numCollegues">5</data><data key="numDirects">0</data></node><node id="149366509"><data key="Title">Ashley Polkinghorn</data><data key="hrank">3</data><data key="numCollegues">5</data><data key="numDirects">0</data></node><node id="149401764"><data key="Title">Keith Zilmer</data><data key="hrank">3</data><data key="numCollegues">5</data><data key="numDirects">0</data></node><node id="315826435"><data key="Title">Rob Williams</data><data key="hrank">3</data><data key="numCollegues">5</data><data key="numDirects">0</data></node><node id="148891012"><data key="Title">Vasudev Burle</data><data key="hrank">3</data><data key="numCollegues">5</data><data key="numDirects">0</data></node><node id="149309015"><data key="Title">Rune Hakansson</data><data key="hrank">3</data><data key="numCollegues">5</data><data key="numDirects">0</data></node><node id="149317260"><data key="Title">Sagar Bakliwal</data><data key="hrank">3</data><data key="numCollegues">5</data><data key="numDirects">0</data></node><node id="149377499"><data key="Title">Josh Swedberg</data><data key="hrank">3</data><data key="numCollegues">5</data><data key="numDirects">0</data></node><node id="149449200"><data key="Title">Chris Jiang</data><data key="hrank">3</data><data key="numCollegues">5</data><data key="numDirects">0</data></node><node id="96140303"><data key="Title">Cecilia Zheng</data><data key="hrank">2</data><data key="numCollegues">8</data><data key="numDirects">0</data></node><node id="108979219"><data key="Title">Xi Zheng</data><data key="hrank">2</data><data key="numCollegues">8</data><data key="numDirects">0</data></node><node id="149306593"><data key="Title">Gana Sadasivam</data><data key="hrank">2</data><data key="numCollegues">8</data><data key="numDirects">2</data></node><node id="149311930"><data key="Title">Yanli Tong</data><data key="hrank">2</data><data key="numCollegues">8</data><data key="numDirects">0</data></node><node id="149314930"><data key="Title">Ryan Harlicker</data><data key="hrank">2</data><data key="numCollegues">8</data><data key="numDirects">0</data></node><node id="149367511"><data key="Title">Ming Cheng</data><data key="hrank">2</data><data key="numCollegues">8</data><data key="numDirects">0</data></node><node id="149369117"><data key="Title">Rakesh Parida</data><data key="hrank">2</data><data key="numCollegues">8</data><data key="numDirects">0</data></node><node id="149444846"><data key="Title">Alexey Vasin</data><data key="hrank">2</data><data key="numCollegues">8</data><data key="numDirects">0</data></node><node id="148882224"><data key="Title">Lars David Jørgensen</data><data key="hrank">3</data><data key="numCollegues">2</data><data key="numDirects">0</data></node><node id="149334016"><data key="Title">Chang Lee (MBS)</data><data key="hrank">3</data><data key="numCollegues">2</data><data key="numDirects">0</data></node><node id="149313150"><data key="Title">Tetyana Pryymak</data><data key="hrank">2</data><data key="numCollegues">4</data><data key="numDirects">0</data></node><node id="149342118"><data key="Title">Patrick Gelle</data><data key="hrank">2</data><data key="numCollegues">4</data><data key="numDirects">4</data></node><node id="149389430"><data key="Title">Ann Beebe</data><data key="hrank">2</data><data key="numCollegues">4</data><data key="numDirects">12</data></node><node id="149393047"><data key="Title">Mathangi Ramanathan</data><data key="hrank">2</data><data key="numCollegues">4</data><data key="numDirects">7</data></node><node id="148876001"><data key="Title">Luciana Martins Franco</data><data key="hrank">3</data><data key="numCollegues">4</data><data key="numDirects">9</data></node><node id="148894807"><data key="Title">Faisal Jilani</data><data key="hrank">3</data><data key="numCollegues">4</data><data key="numDirects">16</data></node><node id="149374038"><data key="Title">Barry O'Sullivan (DYNAMICS)</data><data key="hrank">3</data><data key="numCollegues">4</data><data key="numDirects">9</data></node><node id="149388312"><data key="Title">Alfredo de Almeida</data><data key="hrank">3</data><data key="numCollegues">4</data><data key="numDirects">2</data></node><node id="36616447"><data key="Title">Zach Owen (WD3 LLC)</data><data key="hrank">4</data><data key="numCollegues">9</data><data key="numDirects">0</data></node><node id="42341683"><data key="Title">Brian Messenlehner (WD3 LLC)</data><data key="hrank">4</data><data key="numCollegues">9</data><data key="numDirects">0</data></node><node id="148876952"><data key="Title">Tatsuichiro Furukawa</data><data key="hrank">4</data><data key="numCollegues">9</data><data key="numDirects">0</data></node><node id="148890598"><data key="Title">Tim Fitzgerald</data><data key="hrank">4</data><data key="numCollegues">9</data><data key="numDirects">0</data></node><node id="149323585"><data key="Title">Juan Navas</data><data key="hrank">4</data><data key="numCollegues">9</data><data key="numDirects">0</data></node><node id="149337086"><data key="Title">Eun Ji Cho</data><data key="hrank">4</data><data key="numCollegues">9</data><data key="numDirects">0</data></node><node id="149338124"><data key="Title">Ilhyuk Kim</data><data key="hrank">4</data><data key="numCollegues">9</data><data key="numDirects">0</data></node><node id="149365731"><data key="Title">Ping Yin (Pactera Technologies)</data><data key="hrank">4</data><data key="numCollegues">9</data><data key="numDirects">0</data></node><node id="149329567"><data key="Title">Vince Nolan</data><data key="hrank">4</data><data key="numCollegues">9</data><data key="numDirects">0</data></node><node id="24719432"><data key="Title">John Yu (Lionbridge Technologies Inc)</data><data key="hrank">4</data><data key="numCollegues">16</data><data key="numDirects">0</data></node><node id="94872720"><data key="Title">Guanjie Wang (Lionbridge Technologies Inc)</data><data key="hrank">4</data><data key="numCollegues">16</data><data key="numDirects">0</data></node><node id="106630666"><data key="Title">Vera Liu (Lionbridge Technologies Inc)</data><data key="hrank">4</data><data key="numCollegues">16</data><data key="numDirects">0</data></node><node id="141197805"><data key="Title">Joanne Zhao (Lionbridge Technologies Inc)</data><data key="hrank">4</data><data key="numCollegues">16</data><data key="numDirects">0</data></node><node id="148858358"><data key="Title">Tugdual Delisle (Lionbridge Technologies Inc)</data><data key="hrank">4</data><data key="numCollegues">16</data><data key="numDirects">0</data></node><node id="148875795"><data key="Title">Daisy Yin (Lionbridge)</data><data key="hrank">4</data><data key="numCollegues">16</data><data key="numDirects">0</data></node><node id="148879591"><data key="Title">Kelly Zhang (Lionbridge)</data><data key="hrank">4</data><data key="numCollegues">16</data><data key="numDirects">0</data></node><node id="149321181"><data key="Title">Elena Lopez (Lionbridge Technologies Inc)</data><data key="hrank">4</data><data key="numCollegues">16</data><data key="numDirects">0</data></node><node id="149331524"><data key="Title">Vivian Deng (Lionbridge)</data><data key="hrank">4</data><data key="numCollegues">16</data><data key="numDirects">0</data></node><node id="149336722"><data key="Title">April Zhou (Lionbridge)</data><data key="hrank">4</data><data key="numCollegues">16</data><data key="numDirects">0</data></node><node id="149407316"><data key="Title">Achraf Oumghar (Lionbridge Technologies Inc)</data><data key="hrank">4</data><data key="numCollegues">16</data><data key="numDirects">0</data></node><node id="149418649"><data key="Title">Annie Chen (Lionbridge Technologies Inc)</data><data key="hrank">4</data><data key="numCollegues">16</data><data key="numDirects">0</data></node><node id="149436144"><data key="Title">Abel de Frutos Aragüe (Lionbridge Technologies Inc)</data><data key="hrank">4</data><data key="numCollegues">16</data><data key="numDirects">0</data></node><node id="149436150"><data key="Title">Juan Carlos Lloret Cazcarra (Lionbridge Technologies Inc)</data><data key="hrank">4</data><data key="numCollegues">16</data><data key="numDirects">0</data></node><node id="149479223"><data key="Title">Anne Wang (Lionbridge Technologies Inc)</data><data key="hrank">4</data><data key="numCollegues">16</data><data key="numDirects">0</data></node><node id="210416099"><data key="Title">Jordi Macias (Lionbridge Technologies Inc)</data><data key="hrank">4</data><data key="numCollegues">16</data><data key="numDirects">0</data></node><node id="148878640"><data key="Title">Kris Reynolds</data><data key="hrank">4</data><data key="numCollegues">9</data><data key="numDirects">0</data></node><node id="148884915"><data key="Title">Toshio Shimoaraiso</data><data key="hrank">4</data><data key="numCollegues">9</data><data key="numDirects">0</data></node><node id="148888889"><data key="Title">Andrea Lippert</data><data key="hrank">4</data><data key="numCollegues">9</data><data key="numDirects">0</data></node><node id="149316009"><data key="Title">Mahender Gundepuneni</data><data key="hrank">4</data><data key="numCollegues">9</data><data key="numDirects">0</data></node><node id="149328455"><data key="Title">Marina Hogan</data><data key="hrank">4</data><data key="numCollegues">9</data><data key="numDirects">0</data></node><node id="149345495"><data key="Title">Daniel Goldschmidt (DYNAMICS)</data><data key="hrank">4</data><data key="numCollegues">9</data><data key="numDirects">0</data></node><node id="149355265"><data key="Title">Manus O'Rourke (Recruiters)</data><data key="hrank">4</data><data key="numCollegues">9</data><data key="numDirects">0</data></node><node id="149390632"><data key="Title">Berndt Stugger</data><data key="hrank">4</data><data key="numCollegues">9</data><data key="numDirects">0</data></node><node id="149385364"><data key="Title">Gearóid Brady</data><data key="hrank">4</data><data key="numCollegues">9</data><data key="numDirects">0</data></node><node id="149303137"><data key="Title">Paul Dempsey (AdaQuest, Inc.)</data><data key="hrank">4</data><data key="numCollegues">2</data><data key="numDirects">0</data></node><node id="149421190"><data key="Title">Fernando Quijada (Pactera Technologies)</data><data key="hrank">4</data><data key="numCollegues">2</data><data key="numDirects">0</data></node><node id="148889582"><data key="Title">Kristin Fender</data><data key="hrank">3</data><data key="numCollegues">12</data><data key="numDirects">0</data></node><node id="148892850"><data key="Title">Margo Crandall</data><data key="hrank">3</data><data key="numCollegues">12</data><data key="numDirects">0</data></node><node id="149303377"><data key="Title">Sally Erickson</data><data key="hrank">3</data><data key="numCollegues">12</data><data key="numDirects">0</data></node><node id="149313624"><data key="Title">Robin Reynolds-Haertle</data><data key="hrank">3</data><data key="numCollegues">12</data><data key="numDirects">0</data></node><node id="149314449"><data key="Title">Jo Sawyer</data><data key="hrank">3</data><data key="numCollegues">12</data><data key="numDirects">0</data></node><node id="149320469"><data key="Title">Tammy Wheelock</data><data key="hrank">3</data><data key="numCollegues">12</data><data key="numDirects">0</data></node><node id="149338340"><data key="Title">Shyla Thompson</data><data key="hrank">3</data><data key="numCollegues">12</data><data key="numDirects">0</data></node><node id="149346445"><data key="Title">Jens Wazel (Adaquest, Inc.)</data><data key="hrank">3</data><data key="numCollegues">12</data><data key="numDirects">0</data></node><node id="149347273"><data key="Title">Yuyu Charlotte Scheller</data><data key="hrank">3</data><data key="numCollegues">12</data><data key="numDirects">0</data></node><node id="149376764"><data key="Title">Sue Brandt</data><data key="hrank">3</data><data key="numCollegues">12</data><data key="numDirects">2</data></node><node id="149390951"><data key="Title">Bob Schlomann</data><data key="hrank">3</data><data key="numCollegues">12</data><data key="numDirects">0</data></node><node id="149393830"><data key="Title">Tonya Fehr</data><data key="hrank">3</data><data key="numCollegues">12</data><data key="numDirects">2</data></node><node id="149349253"><data key="Title">Bibi Christensen</data><data key="hrank">4</data><data key="numCollegues">2</data><data key="numDirects">0</data></node><node id="149369003"><data key="Title">Sandra P. Lee</data><data key="hrank">4</data><data key="numCollegues">2</data><data key="numDirects">0</data></node><node id="149367051"><data key="Title">Chris Read (Entirenet)</data><data key="hrank">4</data><data key="numCollegues">2</data><data key="numDirects">0</data></node><node id="149484398"><data key="Title">Lucas Johnson (Entirenet)</data><data key="hrank">4</data><data key="numCollegues">2</data><data key="numDirects">0</data></node><node id="36616293"><data key="Title">Michael Neipper</data><data key="hrank">3</data><data key="numCollegues">7</data><data key="numDirects">1</data></node><node id="148884356"><data key="Title">Brian Korbel</data><data key="hrank">3</data><data key="numCollegues">7</data><data key="numDirects">0</data></node><node id="148884648"><data key="Title">Brian King (MBS)</data><data key="hrank">3</data><data key="numCollegues">7</data><data key="numDirects">0</data></node><node id="149307597"><data key="Title">Praveen Mantha</data><data key="hrank">3</data><data key="numCollegues">7</data><data key="numDirects">0</data></node><node id="149323215"><data key="Title">Chris Mercado</data><data key="hrank">3</data><data key="numCollegues">7</data><data key="numDirects">0</data></node><node id="149360544"><data key="Title">Harmeet Singh</data><data key="hrank">3</data><data key="numCollegues">7</data><data key="numDirects">0</data></node><node id="149396979"><data key="Title">Rakhi Kapoor</data><data key="hrank">3</data><data key="numCollegues">7</data><data key="numDirects">0</data></node><node id="149367675"><data key="Title">Xavier Chapé</data><data key="hrank">4</data><data key="numCollegues">1</data><data key="numDirects">0</data></node><node id="148883495"><data key="Title">Ke Yu</data><data key="hrank">2</data><data key="numCollegues">8</data><data key="numDirects">0</data></node><node id="148884090"><data key="Title">Igor Menshutkin</data><data key="hrank">2</data><data key="numCollegues">8</data><data key="numDirects">0</data></node><node id="148885654"><data key="Title">Satish Thomas</data><data key="hrank">2</data><data key="numCollegues">8</data><data key="numDirects">7</data></node><node id="148895447"><data key="Title">Wade Baird</data><data key="hrank">2</data><data key="numCollegues">8</data><data key="numDirects">0</data></node><node id="149302422"><data key="Title">Nitin Sharma (DYNAMICS)</data><data key="hrank">2</data><data key="numCollegues">8</data><data key="numDirects">9</data></node><node id="149334144"><data key="Title">Derrick Bazlen</data><data key="hrank">2</data><data key="numCollegues">8</data><data key="numDirects">1</data></node><node id="149384705"><data key="Title">Christian Wolf</data><data key="hrank">2</data><data key="numCollegues">8</data><data key="numDirects">0</data></node><node id="149385275"><data key="Title">Adrian Orth</data><data key="hrank">2</data><data key="numCollegues">8</data><data key="numDirects">4</data></node><node id="40706505"><data key="Title">Thomas Constantin</data><data key="hrank">3</data><data key="numCollegues">7</data><data key="numDirects">0</data></node><node id="148891211"><data key="Title">Shefy Manayil Kareem</data><data key="hrank">3</data><data key="numCollegues">7</data><data key="numDirects">0</data></node><node id="149303820"><data key="Title">Andrew Jewsbury</data><data key="hrank">3</data><data key="numCollegues">7</data><data key="numDirects">0</data></node><node id="149314319"><data key="Title">Robert Badawy</data><data key="hrank">3</data><data key="numCollegues">7</data><data key="numDirects">0</data></node><node id="149344220"><data key="Title">Manali Dongre</data><data key="hrank">3</data><data key="numCollegues">7</data><data key="numDirects">0</data></node><node id="149409815"><data key="Title">Ryan Battle</data><data key="hrank">3</data><data key="numCollegues">7</data><data key="numDirects">0</data></node><node id="345736193"><data key="Title">Shailesh Nikam</data><data key="hrank">3</data><data key="numCollegues">7</data><data key="numDirects">0</data></node><node id="149340118"><data key="Title">Juan Sebastian Oviedo</data><data key="hrank">3</data><data key="numCollegues">9</data><data key="numDirects">0</data></node><node id="149348082"><data key="Title">TJ Vassar</data><data key="hrank">3</data><data key="numCollegues">9</data><data key="numDirects">0</data></node><node id="149351460"><data key="Title">Chris Garty</data><data key="hrank">3</data><data key="numCollegues">9</data><data key="numDirects">0</data></node><node id="149364516"><data key="Title">Peter Villadsen</data><data key="hrank">3</data><data key="numCollegues">9</data><data key="numDirects">0</data></node><node id="149389952"><data key="Title">Kuntal Mehta</data><data key="hrank">3</data><data key="numCollegues">9</data><data key="numDirects">0</data></node><node id="149394569"><data key="Title">Vijeta Johri</data><data key="hrank">3</data><data key="numCollegues">9</data><data key="numDirects">0</data></node><node id="149394842"><data key="Title">Milinda Vitharana</data><data key="hrank">3</data><data key="numCollegues">9</data><data key="numDirects">0</data></node><node id="149396439"><data key="Title">Parth Pandya</data><data key="hrank">3</data><data key="numCollegues">9</data><data key="numDirects">0</data></node><node id="186791800"><data key="Title">Matthew Maertens</data><data key="hrank">3</data><data key="numCollegues">9</data><data key="numDirects">0</data></node><node id="149388960"><data key="Title">Kelsee Moen</data><data key="hrank">3</data><data key="numCollegues">1</data><data key="numDirects">0</data></node><node id="149312508"><data key="Title">Sharrief Shabazz</data><data key="hrank">3</data><data key="numCollegues">4</data><data key="numDirects">0</data></node><node id="149317061"><data key="Title">Todd Lefor</data><data key="hrank">3</data><data key="numCollegues">4</data><data key="numDirects">0</data></node><node id="149389306"><data key="Title">Anees Ansari</data><data key="hrank">3</data><data key="numCollegues">4</data><data key="numDirects">0</data></node><node id="149432716"><data key="Title">Jason Green</data><data key="hrank">3</data><data key="numCollegues">4</data><data key="numDirects">0</data></node><node id="-100"><data key="Title">OUTSIDE</data></node>
<edge target="148882938" source="148878581"><data key="weight">1</data></edge>
<edge target="148890781" source="148878581"><data key="weight">1</data></edge>
<edge target="149314786" source="148878581"><data key="weight">1</data></edge>
<edge target="149318174" source="148878581"><data key="weight">1</data></edge>
<edge target="149325694" source="148878581"><data key="weight">1</data></edge>
<edge target="149354246" source="148878581"><data key="weight">1</data></edge>
<edge target="149368456" source="148878581"><data key="weight">1</data></edge>
<edge target="149369183" source="148878581"><data key="weight">1</data></edge>
<edge target="149373535" source="148878581"><data key="weight">1</data></edge>
<edge target="149311152" source="148878581"><data key="weight">0</data></edge>
<edge target="88323178" source="148890781"><data key="weight">1</data></edge>
<edge target="148875035" source="148890781"><data key="weight">1</data></edge>
<edge target="148898589" source="148890781"><data key="weight">1</data></edge>
<edge target="149338067" source="148890781"><data key="weight">1</data></edge>
<edge target="149339258" source="148890781"><data key="weight">1</data></edge>
<edge target="149352478" source="148890781"><data key="weight">1</data></edge>
<edge target="149371735" source="148890781"><data key="weight">1</data></edge>
<edge target="149409034" source="148890781"><data key="weight">1</data></edge>
<edge target="86688200" source="88323178"><data key="weight">1</data></edge>
<edge target="89561065" source="88323178"><data key="weight">1</data></edge>
<edge target="95580454" source="88323178"><data key="weight">1</data></edge>
<edge target="149311544" source="88323178"><data key="weight">1</data></edge>
<edge target="149314898" source="88323178"><data key="weight">1</data></edge>
<edge target="149327216" source="88323178"><data key="weight">1</data></edge>
<edge target="149385481" source="88323178"><data key="weight">1</data></edge>
<edge target="149392731" source="88323178"><data key="weight">1</data></edge>
<edge target="149396517" source="88323178"><data key="weight">1</data></edge>
<edge target="149410588" source="88323178"><data key="weight">1</data></edge>
<edge target="149461827" source="88323178"><data key="weight">1</data></edge>
<edge target="208321430" source="88323178"><data key="weight">1</data></edge>
<edge target="252317829" source="88323178"><data key="weight">1</data></edge>
<edge target="17592277562937" source="88323178"><data key="weight">1</data></edge>
<edge target="149435653" source="148875035"><data key="weight">1</data></edge>
<edge target="148875755" source="149339258"><data key="weight">1</data></edge>
<edge target="148898952" source="149339258"><data key="weight">1</data></edge>
<edge target="149313700" source="149339258"><data key="weight">1</data></edge>
<edge target="149366737" source="149339258"><data key="weight">1</data></edge>
<edge target="149389796" source="149339258"><data key="weight">1</data></edge>
<edge target="149404396" source="149339258"><data key="weight">1</data></edge>
<edge target="149426571" source="149339258"><data key="weight">1</data></edge>
<edge target="149434436" source="149339258"><data key="weight">1</data></edge>
<edge target="231494233" source="149339258"><data key="weight">1</data></edge>
<edge target="2286710" source="149371735"><data key="weight">1</data></edge>
<edge target="148876010" source="149371735"><data key="weight">1</data></edge>
<edge target="148895017" source="149371735"><data key="weight">1</data></edge>
<edge target="149306610" source="149371735"><data key="weight">1</data></edge>
<edge target="149325189" source="149371735"><data key="weight">1</data></edge>
<edge target="149344181" source="149371735"><data key="weight">1</data></edge>
<edge target="149365962" source="149371735"><data key="weight">1</data></edge>
<edge target="149494898" source="149371735"><data key="weight">1</data></edge>
<edge target="194905707" source="149371735"><data key="weight">1</data></edge>
<edge target="194937521" source="149371735"><data key="weight">1</data></edge>
<edge target="223317613" source="149371735"><data key="weight">1</data></edge>
<edge target="149319576" source="149371735"><data key="weight">0</data></edge>
<edge target="129038442" source="149409034"><data key="weight">1</data></edge>
<edge target="148888375" source="149409034"><data key="weight">1</data></edge>
<edge target="148891569" source="149409034"><data key="weight">1</data></edge>
<edge target="149303348" source="149409034"><data key="weight">1</data></edge>
<edge target="149315271" source="149409034"><data key="weight">1</data></edge>
<edge target="149320977" source="149409034"><data key="weight">1</data></edge>
<edge target="149335777" source="149409034"><data key="weight">1</data></edge>
<edge target="149360571" source="149409034"><data key="weight">1</data></edge>
<edge target="149385259" source="149409034"><data key="weight">1</data></edge>
<edge target="149393535" source="149409034"><data key="weight">1</data></edge>
<edge target="149414520" source="149409034"><data key="weight">1</data></edge>
<edge target="149441704" source="149409034"><data key="weight">1</data></edge>
<edge target="149454768" source="149409034"><data key="weight">1</data></edge>
<edge target="149493725" source="149409034"><data key="weight">1</data></edge>
<edge target="228826861" source="149409034"><data key="weight">1</data></edge>
<edge target="340284288" source="149409034"><data key="weight">1</data></edge>
<edge target="340284297" source="149409034"><data key="weight">1</data></edge>
<edge target="17592312618775" source="149409034"><data key="weight">1</data></edge>
<edge target="17592352153979" source="149409034"><data key="weight">1</data></edge>
<edge target="17592374812842" source="149409034"><data key="weight">1</data></edge>
<edge target="17592415007404" source="149409034"><data key="weight">1</data></edge>
<edge target="17592489390427" source="149409034"><data key="weight">1</data></edge>
<edge target="17592509014770" source="149409034"><data key="weight">1</data></edge>
<edge target="148881141" source="149325694"><data key="weight">1</data></edge>
<edge target="148894431" source="149325694"><data key="weight">1</data></edge>
<edge target="149347239" source="149325694"><data key="weight">1</data></edge>
<edge target="149384434" source="149325694"><data key="weight">1</data></edge>
<edge target="149391500" source="149325694"><data key="weight">1</data></edge>
<edge target="149300544" source="148881141"><data key="weight">1</data></edge>
<edge target="149302396" source="148881141"><data key="weight">1</data></edge>
<edge target="149331530" source="148881141"><data key="weight">1</data></edge>
<edge target="149343841" source="148881141"><data key="weight">1</data></edge>
<edge target="149477958" source="148881141"><data key="weight">1</data></edge>
<edge target="148878702" source="148894431"><data key="weight">1</data></edge>
<edge target="148882577" source="148894431"><data key="weight">1</data></edge>
<edge target="149351184" source="148894431"><data key="weight">1</data></edge>
<edge target="149381978" source="148894431"><data key="weight">1</data></edge>
<edge target="149309643" source="148882577"><data key="weight">1</data></edge>
<edge target="149365699" source="148882577"><data key="weight">1</data></edge>
<edge target="149405312" source="148882577"><data key="weight">1</data></edge>
<edge target="149409094" source="148882577"><data key="weight">1</data></edge>
<edge target="149435068" source="148882577"><data key="weight">1</data></edge>
<edge target="277913336" source="148882577"><data key="weight">1</data></edge>
<edge target="148858735" source="149351184"><data key="weight">1</data></edge>
<edge target="148876122" source="149351184"><data key="weight">1</data></edge>
<edge target="149330814" source="149351184"><data key="weight">1</data></edge>
<edge target="149460730" source="149351184"><data key="weight">1</data></edge>
<edge target="149354595" source="149381978"><data key="weight">1</data></edge>
<edge target="149376994" source="149381978"><data key="weight">1</data></edge>
<edge target="149378883" source="149381978"><data key="weight">1</data></edge>
<edge target="149381796" source="149381978"><data key="weight">1</data></edge>
<edge target="149444764" source="149381978"><data key="weight">1</data></edge>
<edge target="108979244" source="149347239"><data key="weight">1</data></edge>
<edge target="148885565" source="149347239"><data key="weight">1</data></edge>
<edge target="148887856" source="149347239"><data key="weight">1</data></edge>
<edge target="148896949" source="149347239"><data key="weight">1</data></edge>
<edge target="149324969" source="149347239"><data key="weight">1</data></edge>
<edge target="149351785" source="149347239"><data key="weight">1</data></edge>
<edge target="149356409" source="149347239"><data key="weight">1</data></edge>
<edge target="149376363" source="149347239"><data key="weight">1</data></edge>
<edge target="149421539" source="149347239"><data key="weight">1</data></edge>
<edge target="149444897" source="149347239"><data key="weight">1</data></edge>
<edge target="208350009" source="149347239"><data key="weight">1</data></edge>
<edge target="149332312" source="149391500"><data key="weight">1</data></edge>
<edge target="149376760" source="149391500"><data key="weight">1</data></edge>
<edge target="149379149" source="149391500"><data key="weight">1</data></edge>
<edge target="149381799" source="149391500"><data key="weight">1</data></edge>
<edge target="149427651" source="149391500"><data key="weight">1</data></edge>
<edge target="149427698" source="149391500"><data key="weight">1</data></edge>
<edge target="149444024" source="149391500"><data key="weight">1</data></edge>
<edge target="149496602" source="149391500"><data key="weight">1</data></edge>
<edge target="17592239823218" source="149391500"><data key="weight">1</data></edge>
<edge target="46188379" source="149354246"><data key="weight">1</data></edge>
<edge target="107465407" source="149354246"><data key="weight">1</data></edge>
<edge target="134743473" source="149354246"><data key="weight">1</data></edge>
<edge target="148899478" source="149354246"><data key="weight">1</data></edge>
<edge target="149306047" source="149354246"><data key="weight">1</data></edge>
<edge target="149331291" source="149354246"><data key="weight">1</data></edge>
<edge target="149349993" source="149354246"><data key="weight">1</data></edge>
<edge target="149355772" source="149354246"><data key="weight">1</data></edge>
<edge target="149391299" source="149354246"><data key="weight">1</data></edge>
<edge target="149414619" source="149354246"><data key="weight">1</data></edge>
<edge target="149466310" source="149354246"><data key="weight">1</data></edge>
<edge target="149476903" source="149354246"><data key="weight">1</data></edge>
<edge target="220290000" source="149354246"><data key="weight">1</data></edge>
<edge target="149496642" source="149354246"><data key="weight">0</data></edge>
<edge target="149322022" source="149368456"><data key="weight">1</data></edge>
<edge target="149324648" source="149368456"><data key="weight">1</data></edge>
<edge target="149332798" source="149368456"><data key="weight">1</data></edge>
<edge target="149350628" source="149368456"><data key="weight">1</data></edge>
<edge target="149353851" source="149368456"><data key="weight">1</data></edge>
<edge target="149361377" source="149368456"><data key="weight">1</data></edge>
<edge target="149371116" source="149368456"><data key="weight">1</data></edge>
<edge target="149380934" source="149368456"><data key="weight">1</data></edge>
<edge target="149386102" source="149368456"><data key="weight">1</data></edge>
<edge target="149390987" source="149368456"><data key="weight">1</data></edge>
<edge target="149396616" source="149368456"><data key="weight">1</data></edge>
<edge target="10227315" source="149322022"><data key="weight">1</data></edge>
<edge target="30843286" source="149322022"><data key="weight">1</data></edge>
<edge target="42024779" source="149322022"><data key="weight">1</data></edge>
<edge target="79803438" source="149322022"><data key="weight">1</data></edge>
<edge target="104105737" source="149322022"><data key="weight">1</data></edge>
<edge target="148894794" source="149322022"><data key="weight">1</data></edge>
<edge target="148895886" source="149322022"><data key="weight">1</data></edge>
<edge target="149303697" source="149322022"><data key="weight">1</data></edge>
<edge target="149320195" source="149322022"><data key="weight">1</data></edge>
<edge target="149328244" source="149322022"><data key="weight">1</data></edge>
<edge target="149334525" source="149322022"><data key="weight">1</data></edge>
<edge target="149335949" source="149322022"><data key="weight">1</data></edge>
<edge target="149341295" source="149322022"><data key="weight">1</data></edge>
<edge target="149366245" source="149322022"><data key="weight">1</data></edge>
<edge target="149369745" source="149322022"><data key="weight">1</data></edge>
<edge target="149398800" source="149322022"><data key="weight">1</data></edge>
<edge target="149399177" source="149322022"><data key="weight">1</data></edge>
<edge target="149429990" source="149322022"><data key="weight">1</data></edge>
<edge target="149430770" source="149322022"><data key="weight">1</data></edge>
<edge target="149431468" source="149322022"><data key="weight">1</data></edge>
<edge target="149565727" source="149322022"><data key="weight">1</data></edge>
<edge target="17592263246818" source="149322022"><data key="weight">1</data></edge>
<edge target="11243056" source="149324648"><data key="weight">1</data></edge>
<edge target="148879069" source="149324648"><data key="weight">1</data></edge>
<edge target="149314243" source="149324648"><data key="weight">1</data></edge>
<edge target="149333321" source="149324648"><data key="weight">1</data></edge>
<edge target="149338217" source="149324648"><data key="weight">1</data></edge>
<edge target="149405813" source="149324648"><data key="weight">1</data></edge>
<edge target="149440902" source="149324648"><data key="weight">1</data></edge>
<edge target="149443575" source="149324648"><data key="weight">1</data></edge>
<edge target="149321680" source="149350628"><data key="weight">1</data></edge>
<edge target="149324679" source="149350628"><data key="weight">1</data></edge>
<edge target="149325536" source="149350628"><data key="weight">1</data></edge>
<edge target="149378077" source="149350628"><data key="weight">1</data></edge>
<edge target="149411839" source="149350628"><data key="weight">1</data></edge>
<edge target="305364070" source="149350628"><data key="weight">1</data></edge>
<edge target="35078526" source="149353851"><data key="weight">1</data></edge>
<edge target="149409435" source="149353851"><data key="weight">1</data></edge>
<edge target="17592502175156" source="149353851"><data key="weight">1</data></edge>
<edge target="148859935" source="149371116"><data key="weight">1</data></edge>
<edge target="148882225" source="149371116"><data key="weight">1</data></edge>
<edge target="149366509" source="149371116"><data key="weight">1</data></edge>
<edge target="149401764" source="149371116"><data key="weight">1</data></edge>
<edge target="315826435" source="149371116"><data key="weight">1</data></edge>
<edge target="148891012" source="149386102"><data key="weight">1</data></edge>
<edge target="149309015" source="149386102"><data key="weight">1</data></edge>
<edge target="149317260" source="149386102"><data key="weight">1</data></edge>
<edge target="149377499" source="149386102"><data key="weight">1</data></edge>
<edge target="149449200" source="149386102"><data key="weight">1</data></edge>
<edge target="96140303" source="149369183"><data key="weight">1</data></edge>
<edge target="108979219" source="149369183"><data key="weight">1</data></edge>
<edge target="149306593" source="149369183"><data key="weight">1</data></edge>
<edge target="149311930" source="149369183"><data key="weight">1</data></edge>
<edge target="149314930" source="149369183"><data key="weight">1</data></edge>
<edge target="149367511" source="149369183"><data key="weight">1</data></edge>
<edge target="149369117" source="149369183"><data key="weight">1</data></edge>
<edge target="149444846" source="149369183"><data key="weight">1</data></edge>
<edge target="148882224" source="149306593"><data key="weight">1</data></edge>
<edge target="149334016" source="149306593"><data key="weight">1</data></edge>
<edge target="149313150" source="149373535"><data key="weight">1</data></edge>
<edge target="149342118" source="149373535"><data key="weight">1</data></edge>
<edge target="149389430" source="149373535"><data key="weight">1</data></edge>
<edge target="149393047" source="149373535"><data key="weight">1</data></edge>
<edge target="148876001" source="149342118"><data key="weight">1</data></edge>
<edge target="148894807" source="149342118"><data key="weight">1</data></edge>
<edge target="149374038" source="149342118"><data key="weight">1</data></edge>
<edge target="149388312" source="149342118"><data key="weight">1</data></edge>
<edge target="36616447" source="148876001"><data key="weight">1</data></edge>
<edge target="42341683" source="148876001"><data key="weight">1</data></edge>
<edge target="148876952" source="148876001"><data key="weight">1</data></edge>
<edge target="148890598" source="148876001"><data key="weight">1</data></edge>
<edge target="149323585" source="148876001"><data key="weight">1</data></edge>
<edge target="149337086" source="148876001"><data key="weight">1</data></edge>
<edge target="149338124" source="148876001"><data key="weight">1</data></edge>
<edge target="149365731" source="148876001"><data key="weight">1</data></edge>
<edge target="149329567" source="148876001"><data key="weight">0</data></edge>
<edge target="24719432" source="148894807"><data key="weight">1</data></edge>
<edge target="94872720" source="148894807"><data key="weight">1</data></edge>
<edge target="106630666" source="148894807"><data key="weight">1</data></edge>
<edge target="141197805" source="148894807"><data key="weight">1</data></edge>
<edge target="148858358" source="148894807"><data key="weight">1</data></edge>
<edge target="148875795" source="148894807"><data key="weight">1</data></edge>
<edge target="148879591" source="148894807"><data key="weight">1</data></edge>
<edge target="149321181" source="148894807"><data key="weight">1</data></edge>
<edge target="149331524" source="148894807"><data key="weight">1</data></edge>
<edge target="149336722" source="148894807"><data key="weight">1</data></edge>
<edge target="149407316" source="148894807"><data key="weight">1</data></edge>
<edge target="149418649" source="148894807"><data key="weight">1</data></edge>
<edge target="149436144" source="148894807"><data key="weight">1</data></edge>
<edge target="149436150" source="148894807"><data key="weight">1</data></edge>
<edge target="149479223" source="148894807"><data key="weight">1</data></edge>
<edge target="210416099" source="148894807"><data key="weight">1</data></edge>
<edge target="148878640" source="149374038"><data key="weight">1</data></edge>
<edge target="148884915" source="149374038"><data key="weight">1</data></edge>
<edge target="148888889" source="149374038"><data key="weight">1</data></edge>
<edge target="149316009" source="149374038"><data key="weight">1</data></edge>
<edge target="149328455" source="149374038"><data key="weight">1</data></edge>
<edge target="149345495" source="149374038"><data key="weight">1</data></edge>
<edge target="149355265" source="149374038"><data key="weight">1</data></edge>
<edge target="149390632" source="149374038"><data key="weight">1</data></edge>
<edge target="149385364" source="149374038"><data key="weight">0</data></edge>
<edge target="149303137" source="149388312"><data key="weight">1</data></edge>
<edge target="149421190" source="149388312"><data key="weight">1</data></edge>
<edge target="148889582" source="149389430"><data key="weight">1</data></edge>
<edge target="148892850" source="149389430"><data key="weight">1</data></edge>
<edge target="149303377" source="149389430"><data key="weight">1</data></edge>
<edge target="149313624" source="149389430"><data key="weight">1</data></edge>
<edge target="149314449" source="149389430"><data key="weight">1</data></edge>
<edge target="149320469" source="149389430"><data key="weight">1</data></edge>
<edge target="149338340" source="149389430"><data key="weight">1</data></edge>
<edge target="149346445" source="149389430"><data key="weight">1</data></edge>
<edge target="149347273" source="149389430"><data key="weight">1</data></edge>
<edge target="149376764" source="149389430"><data key="weight">1</data></edge>
<edge target="149390951" source="149389430"><data key="weight">1</data></edge>
<edge target="149393830" source="149389430"><data key="weight">1</data></edge>
<edge target="149349253" source="149376764"><data key="weight">1</data></edge>
<edge target="149369003" source="149376764"><data key="weight">1</data></edge>
<edge target="149367051" source="149393830"><data key="weight">1</data></edge>
<edge target="149484398" source="149393830"><data key="weight">1</data></edge>
<edge target="36616293" source="149393047"><data key="weight">1</data></edge>
<edge target="148884356" source="149393047"><data key="weight">1</data></edge>
<edge target="148884648" source="149393047"><data key="weight">1</data></edge>
<edge target="149307597" source="149393047"><data key="weight">1</data></edge>
<edge target="149323215" source="149393047"><data key="weight">1</data></edge>
<edge target="149360544" source="149393047"><data key="weight">1</data></edge>
<edge target="149396979" source="149393047"><data key="weight">1</data></edge>
<edge target="149367675" source="36616293"><data key="weight">1</data></edge>
<edge target="148883495" source="149311152"><data key="weight">0</data></edge>
<edge target="148884090" source="149311152"><data key="weight">0</data></edge>
<edge target="148885654" source="149311152"><data key="weight">0</data></edge>
<edge target="148895447" source="149311152"><data key="weight">0</data></edge>
<edge target="149302422" source="149311152"><data key="weight">0</data></edge>
<edge target="149334144" source="149311152"><data key="weight">0</data></edge>
<edge target="149384705" source="149311152"><data key="weight">0</data></edge>
<edge target="149385275" source="149311152"><data key="weight">0</data></edge>
<edge target="40706505" source="148885654"><data key="weight">1</data></edge>
<edge target="148891211" source="148885654"><data key="weight">1</data></edge>
<edge target="149303820" source="148885654"><data key="weight">1</data></edge>
<edge target="149314319" source="148885654"><data key="weight">1</data></edge>
<edge target="149344220" source="148885654"><data key="weight">1</data></edge>
<edge target="149409815" source="148885654"><data key="weight">1</data></edge>
<edge target="345736193" source="148885654"><data key="weight">1</data></edge>
<edge target="149340118" source="149302422"><data key="weight">1</data></edge>
<edge target="149348082" source="149302422"><data key="weight">1</data></edge>
<edge target="149351460" source="149302422"><data key="weight">1</data></edge>
<edge target="149364516" source="149302422"><data key="weight">1</data></edge>
<edge target="149389952" source="149302422"><data key="weight">1</data></edge>
<edge target="149394569" source="149302422"><data key="weight">1</data></edge>
<edge target="149394842" source="149302422"><data key="weight">1</data></edge>
<edge target="149396439" source="149302422"><data key="weight">1</data></edge>
<edge target="186791800" source="149302422"><data key="weight">1</data></edge>
<edge target="149388960" source="149334144"><data key="weight">1</data></edge>
<edge target="149312508" source="149385275"><data key="weight">1</data></edge>
<edge target="149317061" source="149385275"><data key="weight">1</data></edge>
<edge target="149389306" source="149385275"><data key="weight">1</data></edge>
<edge target="149432716" source="149385275"><data key="weight">1</data></edge></graph></graphml>