<?xml version="1.0" encoding="UTF-8"?>
<graphml xmlns="http://graphml.graphdrawing.org/xmlns"
         xmlns:xsi="http://www.w3.org/2001/XMLSchema-instance"
         xsi:schemaLocation="http://graphml.graphdrawing.org/xmlns
         http://graphml.graphdrawing.org/xmlns/1.0/graphml.xsd">
<!-- Created by igraph -->
  <key id="v_Title" for="node" attr.name="Title" attr.type="string"/>
  <key id="v_hrank" for="node" attr.name="hrank" attr.type="double"/>
  <key id="v_numDirects" for="node" attr.name="numDirects" attr.type="double"/>
  <key id="v_numCollegues" for="node" attr.name="numCollegues" attr.type="double"/>
  <key id="v_RecentlyModifiedCount" for="node" attr.name="RecentlyModifiedCount" attr.type="double"/>
  <key id="v_ModifiedTitles" for="node" attr.name="ModifiedTitles" attr.type="string"/>
  <key id="v_TrendingTitles" for="node" attr.name="TrendingTitles" attr.type="string"/>
  <key id="v_id" for="node" attr.name="id" attr.type="string"/>
  <key id="e_weight" for="edge" attr.name="weight" attr.type="double"/>
  <graph id="G" edgedefault="undirected">
    <node id="n0">
      <data key="v_Title">Stas Klyachkovsky</data>
      <data key="v_hrank">0</data>
      <data key="v_numDirects">6</data>
      <data key="v_numCollegues">0</data>
      <data key="v_RecentlyModifiedCount">4</data>
      <data key="v_ModifiedTitles"> ; Microsoft confidential ; PBIO Hackaton ; Drawbridge ; Daily Live Site</data>
      <data key="v_TrendingTitles"> ; TSGs ; Training ; Vendor Ops ; Daily Live Site ; Drawbridge ; DeploymentSchedule ; Microsoft confidential ; GM Review Apr 2016_Ilanh.pptx ; PaaS Team Strategy ; Blog_post - PowerApps Public Preview ; Power BI LiveSite Roles Responsibilities ; PowerApps Briefing Deck v2.pptx ; Microsoft confidential ; GM Review Apr 2016.pptx ; Power BI CEN ; ExpressRoute - Building a Connection ; SQL BI Weekly Live Site Review ; Alert-Overall-Pictures ; KustoAlerting-MINYIZ4 ; SQL BI Weekly Live Site Review</data>
      <data key="v_id">148884407</data>
    </node>
    <node id="n1">
      <data key="v_Title">Guy Moses</data>
      <data key="v_hrank">1</data>
      <data key="v_numDirects">0</data>
      <data key="v_numCollegues">6</data>
      <data key="v_RecentlyModifiedCount">5</data>
      <data key="v_ModifiedTitles"> ; Engineering ; Performance ; PBIO Hackaton ; OneNote_DeletedPages ; Project</data>
      <data key="v_TrendingTitles"> ; TSGs ; Vendor Ops ; Drawbridge ; Training ; OneNote_DeletedPages ; DeploymentSchedule ; Event Monitoring Guidance - Power Bi_v0 3 ; ProBI Offsite April 2016 - ES slides.pptx ; 16.4.1 - Release meta data.pptx ; Microsoft confidential ; PaaS Team Strategy ; Migration Announcement ; GM Review Apr 2016.pptx ; SQL BI Weekly Live Site Review ; UX Backlog ; Getting Started ; DM launch accouncement ; Mobile Dashboards Architecture ; Stories and Lessons  from the MSPOLL ; Power BI Desktop</data>
      <data key="v_id">96517627</data>
    </node>
    <node id="n2">
      <data key="v_Title">Avi Sander</data>
      <data key="v_hrank">1</data>
      <data key="v_numDirects">0</data>
      <data key="v_numCollegues">6</data>
      <data key="v_RecentlyModifiedCount">10</data>
      <data key="v_ModifiedTitles"> ; Meetings ; Drawbridge ; Engineering ; AML ; Meetings ; Vendor Ops ; FFXL-SU10 - Plan ; FFXL-SU10 - Plan ; Project ; OneNote_DeletedPages</data>
      <data key="v_TrendingTitles"> ; TSGs ; Training ; Drawbridge ; Performance ; Vendor Ops ; PaaS Team Strategy ; Cloud ML Weekly Checkpoint ; DeploymentSchedule ; Project Xenon ; 1 ; Blog_post - PowerApps Public Preview ; Danube Optimization Layering ; Event Monitoring Guidance - Power Bi_v0 3 ; PASS BAC 2016 - Power BI Desktop Deep Dive ; PowerApps Briefing Deck v2.pptx ; AML V2 Plan ; Azure Machine Learning Product Review ; Engineering Systems Team ; April 25 Demo Overview ; UX Backlog</data>
      <data key="v_id">148876967</data>
    </node>
    <node id="n3">
      <data key="v_Title">Jenny Feldman</data>
      <data key="v_hrank">1</data>
      <data key="v_numDirects">0</data>
      <data key="v_numCollegues">6</data>
      <data key="v_RecentlyModifiedCount">7</data>
      <data key="v_ModifiedTitles"> ; JennyFel ; Engineering ; Getting Started ; Project ; Windows Fabric Emulator ; Frontend Development ; OneNote_DeletedPages</data>
      <data key="v_TrendingTitles"> ; TSGs ; OneNote_DeletedPages ; Training ; Drawbridge ; Vendor Ops ; PaaS Team Strategy ; Event Monitoring Guidance - Power Bi_v0 3 ; ProBI Offsite April 2016 - ES slides.pptx ; DeploymentSchedule ; GM Review Apr 2016.pptx ; GM Review Apr 2016_Ilanh.pptx ; Migration Announcement ; Microsoft confidential ; UX Backlog ; Getting Started ; DM launch accouncement ; SQL BI Weekly Live Site Review ; UIAD_portfolio_list ; MD-DesignReview-22.4-strings ; Machine Reservation Service Design Note</data>
      <data key="v_id">148881353</data>
    </node>
    <node id="n4">
      <data key="v_Title">Shlomo David</data>
      <data key="v_hrank">1</data>
      <data key="v_numDirects">0</data>
      <data key="v_numCollegues">6</data>
      <data key="v_RecentlyModifiedCount">10</data>
      <data key="v_ModifiedTitles"> ; AML ; Performance ; R branch ; PBIO Hackaton ; Getting Started ; PBI Portal ; Project ; Daily Live Site ; Engineering ; Deployment</data>
      <data key="v_TrendingTitles"> ; TSGs ; Vendor Ops ; Training ; Drawbridge ; Daily Live Site ; PaaS Team Strategy ; 1 ; Event Monitoring Guidance - Power Bi_v0 3 ; UX Backlog ; ConnectedXP_Planning ; Microsoft confidential ; Gateway Database Schema and DM API ; Microsoft R Monthly Checkpoint ; Power BI Desktop ; R Visuals Usage Model ; GM Review Apr 2016_Ilanh.pptx ; PBIO Shiproom ; Conceptual Model - v3 ; Drawbridge V1 Spec ; Integrating ESRI into Power BI</data>
      <data key="v_id">149369272</data>
    </node>
    <node id="n5">
      <data key="v_Title">Jacob Minsky</data>
      <data key="v_hrank">1</data>
      <data key="v_numDirects">0</data>
      <data key="v_numCollegues">6</data>
      <data key="v_RecentlyModifiedCount">2</data>
      <data key="v_ModifiedTitles"> ; Engineering ; Getting Started</data>
      <data key="v_TrendingTitles"> ; Drawbridge ; Getting Started ; OneNote_DeletedPages ; Vendor Ops ; Performance ; Event Monitoring Guidance - Power Bi_v0 3 ; 6044585 ; GM Review Apr 2016_Ilanh.pptx ; R Visuals Usage Model ; Drawbridge V1 Spec ; Power BI Desktop ; MD-DesignReview-22.4-strings ; Machine Reservation Service Design Note ; Microsoft confidential ; AXL ; 2015-08 Excel Travel Forecast FY16 ; App Model.pptx ; Microsoft confidential ; Imports API - Moving to V1.0 ; 16.4.2 - Release meta data.pptx</data>
      <data key="v_id">149425689</data>
    </node>
    <node id="n6">
      <data key="v_Title">Shay Markanty</data>
      <data key="v_hrank">1</data>
      <data key="v_numDirects">0</data>
      <data key="v_numCollegues">6</data>
      <data key="v_RecentlyModifiedCount">10</data>
      <data key="v_ModifiedTitles"> ; ShayM ; OneNote_DeletedPages ; Build ; Engineering ; Getting Started ; AML ; Windows Fabric Emulator ; RLS ; Daily Live Site ; Project</data>
      <data key="v_TrendingTitles"> ; TSGs ; Training ; Vendor Ops ; Drawbridge ; Daily Live Site ; DeploymentSchedule ; PaaS Team Strategy ; Event Monitoring Guidance - Power Bi_v0 3 ; Microsoft confidential ; Conceptual Model - v3 ; Alert-Overall-Pictures ; KustoAlerting-MINYIZ4 ; SQL BI Weekly Live Site Review ; Power BI Desktop ; Machine Reservation Service Design Note ; R Visuals Usage Model ; Microsoft R Monthly Checkpoint ; GM Review Apr 2016_Ilanh.pptx ; PBIO Shiproom ; Power BI PR All March 23.pptx</data>
      <data key="v_id">149437524</data>
    </node>
    <node id="n7">
      <data key="v_Title">OUTSIDE</data>
      <data key="v_hrank">0</data>
      <data key="v_numDirects">0</data>
      <data key="v_numCollegues">0</data>
      <data key="v_RecentlyModifiedCount">0</data>
      <data key="v_ModifiedTitles">unknown</data>
      <data key="v_TrendingTitles">unknown</data>
      <data key="v_id">-100</data>
    </node>
    <edge source="n0" target="n1">
      <data key="e_weight">195</data>
    </edge>
    <edge source="n0" target="n2">
      <data key="e_weight">199</data>
    </edge>
    <edge source="n0" target="n3">
      <data key="e_weight">93</data>
    </edge>
    <edge source="n0" target="n4">
      <data key="e_weight">89</data>
    </edge>
    <edge source="n0" target="n5">
      <data key="e_weight">89</data>
    </edge>
    <edge source="n0" target="n6">
      <data key="e_weight">189</data>
    </edge>
    <edge source="n0" target="n7">
      <data key="e_weight">1548</data>
    </edge>
    <edge source="n1" target="n2">
      <data key="e_weight">97</data>
    </edge>
    <edge source="n1" target="n4">
      <data key="e_weight">100</data>
    </edge>
    <edge source="n1" target="n5">
      <data key="e_weight">95</data>
    </edge>
    <edge source="n1" target="n6">
      <data key="e_weight">93</data>
    </edge>
    <edge source="n1" target="n7">
      <data key="e_weight">756</data>
    </edge>
    <edge source="n2" target="n3">
      <data key="e_weight">196</data>
    </edge>
    <edge source="n2" target="n4">
      <data key="e_weight">193</data>
    </edge>
    <edge source="n2" target="n6">
      <data key="e_weight">92</data>
    </edge>
    <edge source="n2" target="n7">
      <data key="e_weight">820</data>
    </edge>
    <edge source="n3" target="n4">
      <data key="e_weight">98</data>
    </edge>
    <edge source="n3" target="n7">
      <data key="e_weight">1002</data>
    </edge>
    <edge source="n4" target="n5">
      <data key="e_weight">94</data>
    </edge>
    <edge source="n4" target="n7">
      <data key="e_weight">1376</data>
    </edge>
    <edge source="n5" target="n6">
      <data key="e_weight">91</data>
    </edge>
    <edge source="n5" target="n7">
      <data key="e_weight">1090</data>
    </edge>
    <edge source="n6" target="n7">
      <data key="e_weight">1047</data>
    </edge>
  </graph>
</graphml>
