﻿<?xml version="1.0" encoding="utf-8"?><graphml xmlns:xsi="http://www.w3.org/2001/XMLSchema-instance" xsi:schemaLocation="http://graphml.graphdrawing.org/xmlns http://graphml.graphdrawing.org/xmlns/1.0/graphml.xsd" xmlns="http://graphml.graphdrawing.org/xmlns"><key id="Title" for="node" attr.name="Title" attr.type="string"><default>unknown</default></key><key id="hrank" for="node" attr.name="hrank" attr.type="double"><default>0</default></key><key id="numDirects" for="node" attr.name="numDirects" attr.type="double"><default>0</default></key><key id="numCollegues" for="node" attr.name="numCollegues" attr.type="double"><default>0</default></key><key id="weight" for="edge" attr.name="weight" attr.type="double"><default>1</default></key><graph id="hierarchy_graph" edgedefault="directed"><node id="138500389"><data key="Title">MILJAN BRATICEVIC </data><data key="hrank">0</data><data key="numDirects">5</data></node><node id="138500366"><data key="Title">Filip Karadzic</data><data key="hrank">1</data><data key="numCollegues">5</data><data key="numDirects">0</data></node><node id="138500390"><data key="Title">Christopher Moncayo</data><data key="hrank">1</data><data key="numCollegues">5</data><data key="numDirects">0</data></node><node id="149309030"><data key="Title">Lance Delano</data><data key="hrank">1</data><data key="numCollegues">5</data><data key="numDirects">0</data></node><node id="149331553"><data key="Title">Paul Sanders</data><data key="hrank">1</data><data key="numCollegues">5</data><data key="numDirects">0</data></node><node id="149393890"><data key="Title">Mey Meenakshisundaram</data><data key="hrank">1</data><data key="numCollegues">5</data><data key="numDirects">0</data></node><node id="-100"><data key="Title">OUTSIDE</data></node>
<edge target="138500366" source="138500389"><data key="weight">1</data></edge>
<edge target="138500390" source="138500389"><data key="weight">1</data></edge>
<edge target="149309030" source="138500389"><data key="weight">1</data></edge>
<edge target="149331553" source="138500389"><data key="weight">1</data></edge>
<edge target="149393890" source="138500389"><data key="weight">1</data></edge></graph></graphml>