﻿<?xml version="1.0" encoding="utf-8"?><graphml xmlns:xsi="http://www.w3.org/2001/XMLSchema-instance" xsi:schemaLocation="http://graphml.graphdrawing.org/xmlns http://graphml.graphdrawing.org/xmlns/1.0/graphml.xsd" xmlns="http://graphml.graphdrawing.org/xmlns"><key id="Title" for="node" attr.name="Title" attr.type="string"><default>unknown</default></key><key id="hrank" for="node" attr.name="hrank" attr.type="double"><default>0</default></key><key id="numDirects" for="node" attr.name="numDirects" attr.type="double"><default>0</default></key><key id="numCollegues" for="node" attr.name="numCollegues" attr.type="double"><default>0</default></key><key id="weight" for="edge" attr.name="weight" attr.type="double"><default>1</default></key><graph id="hierarchy_graph" edgedefault="directed"><node id="149393701"><data key="Title">SHAY GURMAN </data><data key="hrank">0</data><data key="numDirects">5</data></node><node id="148884247"><data key="Title">Fred Garcia</data><data key="hrank">1</data><data key="numCollegues">5</data><data key="numDirects">3</data></node><node id="149314692"><data key="Title">Irina Gorbach</data><data key="hrank">1</data><data key="numCollegues">5</data><data key="numDirects">5</data></node><node id="149382088"><data key="Title">Jon Gallant</data><data key="hrank">1</data><data key="numCollegues">5</data><data key="numDirects">17</data></node><node id="149405311"><data key="Title">Tony Bencic</data><data key="hrank">1</data><data key="numCollegues">5</data><data key="numDirects">0</data></node><node id="17592360484015"><data key="Title">Kalavathi Pappuru (MINDTREE LIMITED)</data><data key="hrank">1</data><data key="numCollegues">5</data><data key="numDirects">0</data></node><node id="149330980"><data key="Title">Bashir Souid</data><data key="hrank">2</data><data key="numCollegues">3</data><data key="numDirects">0</data></node><node id="219614112"><data key="Title">Lenny Urbanowski</data><data key="hrank">2</data><data key="numCollegues">3</data><data key="numDirects">0</data></node><node id="321232892"><data key="Title">Jiadong Jin</data><data key="hrank">2</data><data key="numCollegues">3</data><data key="numDirects">0</data></node><node id="84307044"><data key="Title">Pawel Kwiecien</data><data key="hrank">2</data><data key="numCollegues">5</data><data key="numDirects">0</data></node><node id="149300579"><data key="Title">Chandrakumar Bhumireddy</data><data key="hrank">2</data><data key="numCollegues">5</data><data key="numDirects">0</data></node><node id="149384862"><data key="Title">Courtney O'Keefe</data><data key="hrank">2</data><data key="numCollegues">5</data><data key="numDirects">0</data></node><node id="149406086"><data key="Title">Dejun Zhou</data><data key="hrank">2</data><data key="numCollegues">5</data><data key="numDirects">0</data></node><node id="149407101"><data key="Title">Joey Wang</data><data key="hrank">2</data><data key="numCollegues">5</data><data key="numDirects">0</data></node><node id="29313967"><data key="Title">Wesley Yao</data><data key="hrank">2</data><data key="numCollegues">17</data><data key="numDirects">0</data></node><node id="107287106"><data key="Title">Ignat Vilesov (Akvelon)</data><data key="hrank">2</data><data key="numCollegues">17</data><data key="numDirects">0</data></node><node id="107287107"><data key="Title">Aleksei Tkach (Akvelon)</data><data key="hrank">2</data><data key="numCollegues">17</data><data key="numDirects">0</data></node><node id="107461984"><data key="Title">Nikita Grachev (Akvelon)</data><data key="hrank">2</data><data key="numCollegues">17</data><data key="numDirects">0</data></node><node id="148880505"><data key="Title">Russell West</data><data key="hrank">2</data><data key="numCollegues">17</data><data key="numDirects">0</data></node><node id="149332803"><data key="Title">Craig Boucher</data><data key="hrank">2</data><data key="numCollegues">17</data><data key="numDirects">0</data></node><node id="149379237"><data key="Title">Tony Ferrell</data><data key="hrank">2</data><data key="numCollegues">17</data><data key="numDirects">0</data></node><node id="149420430"><data key="Title">John Kurlak</data><data key="hrank">2</data><data key="numCollegues">17</data><data key="numDirects">0</data></node><node id="149432910"><data key="Title">Andy Luong</data><data key="hrank">2</data><data key="numCollegues">17</data><data key="numDirects">0</data></node><node id="149439718"><data key="Title">Will Anderson</data><data key="hrank">2</data><data key="numCollegues">17</data><data key="numDirects">0</data></node><node id="149442513"><data key="Title">Vishnuvardhan Vaidhyanathan</data><data key="hrank">2</data><data key="numCollegues">17</data><data key="numDirects">0</data></node><node id="293461384"><data key="Title">Dmitriy Tarasov (Akvelon)</data><data key="hrank">2</data><data key="numCollegues">17</data><data key="numDirects">0</data></node><node id="313143155"><data key="Title">Kamil Zakiev (Akvelon)</data><data key="hrank">2</data><data key="numCollegues">17</data><data key="numDirects">0</data></node><node id="354005826"><data key="Title">Michael Goldsberry (Akvelon)</data><data key="hrank">2</data><data key="numCollegues">17</data><data key="numDirects">0</data></node><node id="17592414746873"><data key="Title">Denis Kudelin (Akvelon)</data><data key="hrank">2</data><data key="numCollegues">17</data><data key="numDirects">0</data></node><node id="17592486242689"><data key="Title">Sidorenko Mikhail (Akvelon)</data><data key="hrank">2</data><data key="numCollegues">17</data><data key="numDirects">0</data></node><node id="17592501359581"><data key="Title">Dmitry Kurkin (Akvelon)</data><data key="hrank">2</data><data key="numCollegues">17</data><data key="numDirects">0</data></node><node id="-100"><data key="Title">OUTSIDE</data></node>
<edge target="148884247" source="149393701"><data key="weight">1</data></edge>
<edge target="149314692" source="149393701"><data key="weight">1</data></edge>
<edge target="149382088" source="149393701"><data key="weight">1</data></edge>
<edge target="149405311" source="149393701"><data key="weight">1</data></edge>
<edge target="17592360484015" source="149393701"><data key="weight">1</data></edge>
<edge target="149330980" source="148884247"><data key="weight">1</data></edge>
<edge target="219614112" source="148884247"><data key="weight">1</data></edge>
<edge target="321232892" source="148884247"><data key="weight">1</data></edge>
<edge target="84307044" source="149314692"><data key="weight">1</data></edge>
<edge target="149300579" source="149314692"><data key="weight">1</data></edge>
<edge target="149384862" source="149314692"><data key="weight">1</data></edge>
<edge target="149406086" source="149314692"><data key="weight">1</data></edge>
<edge target="149407101" source="149314692"><data key="weight">1</data></edge>
<edge target="29313967" source="149382088"><data key="weight">1</data></edge>
<edge target="107287106" source="149382088"><data key="weight">1</data></edge>
<edge target="107287107" source="149382088"><data key="weight">1</data></edge>
<edge target="107461984" source="149382088"><data key="weight">1</data></edge>
<edge target="148880505" source="149382088"><data key="weight">1</data></edge>
<edge target="149332803" source="149382088"><data key="weight">1</data></edge>
<edge target="149379237" source="149382088"><data key="weight">1</data></edge>
<edge target="149420430" source="149382088"><data key="weight">1</data></edge>
<edge target="149432910" source="149382088"><data key="weight">1</data></edge>
<edge target="149439718" source="149382088"><data key="weight">1</data></edge>
<edge target="149442513" source="149382088"><data key="weight">1</data></edge>
<edge target="293461384" source="149382088"><data key="weight">1</data></edge>
<edge target="313143155" source="149382088"><data key="weight">1</data></edge>
<edge target="354005826" source="149382088"><data key="weight">1</data></edge>
<edge target="17592414746873" source="149382088"><data key="weight">1</data></edge>
<edge target="17592486242689" source="149382088"><data key="weight">1</data></edge>
<edge target="17592501359581" source="149382088"><data key="weight">1</data></edge></graph></graphml>