<?xml version="1.0" encoding="UTF-8"?>
<graphml xmlns="http://graphml.graphdrawing.org/xmlns"
         xmlns:xsi="http://www.w3.org/2001/XMLSchema-instance"
         xsi:schemaLocation="http://graphml.graphdrawing.org/xmlns
         http://graphml.graphdrawing.org/xmlns/1.0/graphml.xsd">
<!-- Created by igraph -->
  <key id="v_Title" for="node" attr.name="Title" attr.type="string"/>
  <key id="v_hrank" for="node" attr.name="hrank" attr.type="double"/>
  <key id="v_numDirects" for="node" attr.name="numDirects" attr.type="double"/>
  <key id="v_numCollegues" for="node" attr.name="numCollegues" attr.type="double"/>
  <key id="v_id" for="node" attr.name="id" attr.type="string"/>
  <key id="e_weight" for="edge" attr.name="weight" attr.type="double"/>
  <graph id="G" edgedefault="directed">
    <node id="n0">
      <data key="v_Title">Vivek Dalvi</data>
      <data key="v_hrank">0</data>
      <data key="v_numDirects">6</data>
      <data key="v_numCollegues">0</data>
      <data key="v_id">149305756</data>
    </node>
    <node id="n1">
      <data key="v_Title">Satish Thomas</data>
      <data key="v_hrank">1</data>
      <data key="v_numDirects">1</data>
      <data key="v_numCollegues">6</data>
      <data key="v_id">148885654</data>
    </node>
    <node id="n2">
      <data key="v_Title">Leon Welicki</data>
      <data key="v_hrank">1</data>
      <data key="v_numDirects">4</data>
      <data key="v_numCollegues">6</data>
      <data key="v_id">149330623</data>
    </node>
    <node id="n3">
      <data key="v_Title">Alok Jain</data>
      <data key="v_hrank">1</data>
      <data key="v_numDirects">4</data>
      <data key="v_numCollegues">6</data>
      <data key="v_id">149343848</data>
    </node>
    <node id="n4">
      <data key="v_Title">Madhur Joshi</data>
      <data key="v_hrank">1</data>
      <data key="v_numDirects">6</data>
      <data key="v_numCollegues">6</data>
      <data key="v_id">149353639</data>
    </node>
    <node id="n5">
      <data key="v_Title">Asim Mitra</data>
      <data key="v_hrank">1</data>
      <data key="v_numDirects">10</data>
      <data key="v_numCollegues">6</data>
      <data key="v_id">149376526</data>
    </node>
    <node id="n6">
      <data key="v_Title">Srivatsan Kidambi</data>
      <data key="v_hrank">1</data>
      <data key="v_numDirects">10</data>
      <data key="v_numCollegues">6</data>
      <data key="v_id">17592306612869</data>
    </node>
    <node id="n7">
      <data key="v_Title">Thomas Constantin</data>
      <data key="v_hrank">2</data>
      <data key="v_numDirects">0</data>
      <data key="v_numCollegues">1</data>
      <data key="v_id">40706505</data>
    </node>
    <node id="n8">
      <data key="v_Title">Michael Flanakin</data>
      <data key="v_hrank">2</data>
      <data key="v_numDirects">0</data>
      <data key="v_numCollegues">4</data>
      <data key="v_id">149313118</data>
    </node>
    <node id="n9">
      <data key="v_Title">Adam Abdelhamed</data>
      <data key="v_hrank">2</data>
      <data key="v_numDirects">2</data>
      <data key="v_numCollegues">4</data>
      <data key="v_id">149377135</data>
    </node>
    <node id="n10">
      <data key="v_Title">Rajesh Ramabathiran</data>
      <data key="v_hrank">2</data>
      <data key="v_numDirects">0</data>
      <data key="v_numCollegues">4</data>
      <data key="v_id">149381257</data>
    </node>
    <node id="n11">
      <data key="v_Title">Paymon Parsadmehr</data>
      <data key="v_hrank">2</data>
      <data key="v_numDirects">0</data>
      <data key="v_numCollegues">4</data>
      <data key="v_id">321773839</data>
    </node>
    <node id="n12">
      <data key="v_Title">Amit Modi</data>
      <data key="v_hrank">3</data>
      <data key="v_numDirects">0</data>
      <data key="v_numCollegues">2</data>
      <data key="v_id">149447634</data>
    </node>
    <node id="n13">
      <data key="v_Title">Sean Watson</data>
      <data key="v_hrank">3</data>
      <data key="v_numDirects">0</data>
      <data key="v_numCollegues">2</data>
      <data key="v_id">149484112</data>
    </node>
    <node id="n14">
      <data key="v_Title">Daniel Yuen (AZURE)</data>
      <data key="v_hrank">2</data>
      <data key="v_numDirects">0</data>
      <data key="v_numCollegues">4</data>
      <data key="v_id">148887596</data>
    </node>
    <node id="n15">
      <data key="v_Title">Prashant Kumar (AZURE)</data>
      <data key="v_hrank">2</data>
      <data key="v_numDirects">0</data>
      <data key="v_numCollegues">4</data>
      <data key="v_id">149301001</data>
    </node>
    <node id="n16">
      <data key="v_Title">Hamid Mahmood</data>
      <data key="v_hrank">2</data>
      <data key="v_numDirects">3</data>
      <data key="v_numCollegues">4</data>
      <data key="v_id">149305382</data>
    </node>
    <node id="n17">
      <data key="v_Title">Joey Peng</data>
      <data key="v_hrank">2</data>
      <data key="v_numDirects">0</data>
      <data key="v_numCollegues">4</data>
      <data key="v_id">149356066</data>
    </node>
    <node id="n18">
      <data key="v_Title">Anurag Dalmia</data>
      <data key="v_hrank">3</data>
      <data key="v_numDirects">0</data>
      <data key="v_numCollegues">3</data>
      <data key="v_id">148899247</data>
    </node>
    <node id="n19">
      <data key="v_Title">Ankit Sud</data>
      <data key="v_hrank">3</data>
      <data key="v_numDirects">0</data>
      <data key="v_numCollegues">3</data>
      <data key="v_id">149389510</data>
    </node>
    <node id="n20">
      <data key="v_Title">Bryan Dickens</data>
      <data key="v_hrank">3</data>
      <data key="v_numDirects">0</data>
      <data key="v_numCollegues">3</data>
      <data key="v_id">17592374250086</data>
    </node>
    <node id="n21">
      <data key="v_Title">Gilles Zunino</data>
      <data key="v_hrank">2</data>
      <data key="v_numDirects">7</data>
      <data key="v_numCollegues">6</data>
      <data key="v_id">149305424</data>
    </node>
    <node id="n22">
      <data key="v_Title">Brad Olenick</data>
      <data key="v_hrank">2</data>
      <data key="v_numDirects">0</data>
      <data key="v_numCollegues">6</data>
      <data key="v_id">149340835</data>
    </node>
    <node id="n23">
      <data key="v_Title">Nadir Ahmed</data>
      <data key="v_hrank">2</data>
      <data key="v_numDirects">5</data>
      <data key="v_numCollegues">6</data>
      <data key="v_id">149344373</data>
    </node>
    <node id="n24">
      <data key="v_Title">Jesse Vasquez</data>
      <data key="v_hrank">2</data>
      <data key="v_numDirects">4</data>
      <data key="v_numCollegues">6</data>
      <data key="v_id">149358129</data>
    </node>
    <node id="n25">
      <data key="v_Title">David Zimmerman</data>
      <data key="v_hrank">2</data>
      <data key="v_numDirects">5</data>
      <data key="v_numCollegues">6</data>
      <data key="v_id">149370272</data>
    </node>
    <node id="n26">
      <data key="v_Title">Marck Robinson</data>
      <data key="v_hrank">2</data>
      <data key="v_numDirects">6</data>
      <data key="v_numCollegues">6</data>
      <data key="v_id">186791637</data>
    </node>
    <node id="n27">
      <data key="v_Title">Miguel Resto</data>
      <data key="v_hrank">3</data>
      <data key="v_numDirects">0</data>
      <data key="v_numCollegues">7</data>
      <data key="v_id">149315203</data>
    </node>
    <node id="n28">
      <data key="v_Title">Brad Haverstein</data>
      <data key="v_hrank">3</data>
      <data key="v_numDirects">0</data>
      <data key="v_numCollegues">7</data>
      <data key="v_id">149376614</data>
    </node>
    <node id="n29">
      <data key="v_Title">Alan Castellanos Moreno</data>
      <data key="v_hrank">3</data>
      <data key="v_numDirects">0</data>
      <data key="v_numCollegues">7</data>
      <data key="v_id">149387909</data>
    </node>
    <node id="n30">
      <data key="v_Title">Mahin Torki</data>
      <data key="v_hrank">3</data>
      <data key="v_numDirects">0</data>
      <data key="v_numCollegues">7</data>
      <data key="v_id">149408332</data>
    </node>
    <node id="n31">
      <data key="v_Title">Aaron West</data>
      <data key="v_hrank">3</data>
      <data key="v_numDirects">0</data>
      <data key="v_numCollegues">7</data>
      <data key="v_id">149444944</data>
    </node>
    <node id="n32">
      <data key="v_Title">Christina Quan</data>
      <data key="v_hrank">3</data>
      <data key="v_numDirects">0</data>
      <data key="v_numCollegues">7</data>
      <data key="v_id">270383930</data>
    </node>
    <node id="n33">
      <data key="v_Title">Sergei Popov</data>
      <data key="v_hrank">3</data>
      <data key="v_numDirects">0</data>
      <data key="v_numCollegues">7</data>
      <data key="v_id">17592324336230</data>
    </node>
    <node id="n34">
      <data key="v_Title">Guruprasad Airy</data>
      <data key="v_hrank">3</data>
      <data key="v_numDirects">0</data>
      <data key="v_numCollegues">5</data>
      <data key="v_id">149386078</data>
    </node>
    <node id="n35">
      <data key="v_Title">Andrew Forget</data>
      <data key="v_hrank">3</data>
      <data key="v_numDirects">0</data>
      <data key="v_numCollegues">5</data>
      <data key="v_id">149389216</data>
    </node>
    <node id="n36">
      <data key="v_Title">Rachana Mhetre</data>
      <data key="v_hrank">3</data>
      <data key="v_numDirects">0</data>
      <data key="v_numCollegues">5</data>
      <data key="v_id">149440904</data>
    </node>
    <node id="n37">
      <data key="v_Title">Alaa Shaker</data>
      <data key="v_hrank">3</data>
      <data key="v_numDirects">0</data>
      <data key="v_numCollegues">5</data>
      <data key="v_id">149461999</data>
    </node>
    <node id="n38">
      <data key="v_Title">Sam Armstrong</data>
      <data key="v_hrank">3</data>
      <data key="v_numDirects">0</data>
      <data key="v_numCollegues">5</data>
      <data key="v_id">184057633</data>
    </node>
    <node id="n39">
      <data key="v_Title">Benoit Martin (AAPT)</data>
      <data key="v_hrank">3</data>
      <data key="v_numDirects">0</data>
      <data key="v_numCollegues">4</data>
      <data key="v_id">148890422</data>
    </node>
    <node id="n40">
      <data key="v_Title">Dave Brankin</data>
      <data key="v_hrank">3</data>
      <data key="v_numDirects">0</data>
      <data key="v_numCollegues">4</data>
      <data key="v_id">149325910</data>
    </node>
    <node id="n41">
      <data key="v_Title">Hua Zhao</data>
      <data key="v_hrank">3</data>
      <data key="v_numDirects">0</data>
      <data key="v_numCollegues">4</data>
      <data key="v_id">149461516</data>
    </node>
    <node id="n42">
      <data key="v_Title">Bianca Manea</data>
      <data key="v_hrank">3</data>
      <data key="v_numDirects">0</data>
      <data key="v_numCollegues">4</data>
      <data key="v_id">208353237</data>
    </node>
    <node id="n43">
      <data key="v_Title">Jobin Jobin Paul</data>
      <data key="v_hrank">3</data>
      <data key="v_numDirects">0</data>
      <data key="v_numCollegues">5</data>
      <data key="v_id">149309958</data>
    </node>
    <node id="n44">
      <data key="v_Title">Ramu Yalamanchili</data>
      <data key="v_hrank">3</data>
      <data key="v_numDirects">0</data>
      <data key="v_numCollegues">5</data>
      <data key="v_id">149312304</data>
    </node>
    <node id="n45">
      <data key="v_Title">Jiawei Xie</data>
      <data key="v_hrank">3</data>
      <data key="v_numDirects">0</data>
      <data key="v_numCollegues">5</data>
      <data key="v_id">149332922</data>
    </node>
    <node id="n46">
      <data key="v_Title">Vikash Jain</data>
      <data key="v_hrank">3</data>
      <data key="v_numDirects">0</data>
      <data key="v_numCollegues">5</data>
      <data key="v_id">149365468</data>
    </node>
    <node id="n47">
      <data key="v_Title">Berk Eserol</data>
      <data key="v_hrank">3</data>
      <data key="v_numDirects">0</data>
      <data key="v_numCollegues">5</data>
      <data key="v_id">149444623</data>
    </node>
    <node id="n48">
      <data key="v_Title">Christof Marti</data>
      <data key="v_hrank">3</data>
      <data key="v_numDirects">0</data>
      <data key="v_numCollegues">6</data>
      <data key="v_id">25124324</data>
    </node>
    <node id="n49">
      <data key="v_Title">Wissam Zeidan</data>
      <data key="v_hrank">3</data>
      <data key="v_numDirects">0</data>
      <data key="v_numCollegues">6</data>
      <data key="v_id">148891410</data>
    </node>
    <node id="n50">
      <data key="v_Title">Nick Harris</data>
      <data key="v_hrank">3</data>
      <data key="v_numDirects">0</data>
      <data key="v_numCollegues">6</data>
      <data key="v_id">149366481</data>
    </node>
    <node id="n51">
      <data key="v_Title">Simon Paoliello</data>
      <data key="v_hrank">3</data>
      <data key="v_numDirects">0</data>
      <data key="v_numCollegues">6</data>
      <data key="v_id">149379893</data>
    </node>
    <node id="n52">
      <data key="v_Title">Roger Wong (AUX)</data>
      <data key="v_hrank">3</data>
      <data key="v_numDirects">0</data>
      <data key="v_numCollegues">6</data>
      <data key="v_id">149391275</data>
    </node>
    <node id="n53">
      <data key="v_Title">Steven Zhao</data>
      <data key="v_hrank">3</data>
      <data key="v_numDirects">0</data>
      <data key="v_numCollegues">6</data>
      <data key="v_id">149435294</data>
    </node>
    <node id="n54">
      <data key="v_Title">Payel Chakraborty (Mindtree Consulting PVT LTD)</data>
      <data key="v_hrank">2</data>
      <data key="v_numDirects">0</data>
      <data key="v_numCollegues">10</data>
      <data key="v_id">83025450</data>
    </node>
    <node id="n55">
      <data key="v_Title">Tarun Singla (Mindtree)</data>
      <data key="v_hrank">2</data>
      <data key="v_numDirects">0</data>
      <data key="v_numCollegues">10</data>
      <data key="v_id">83025649</data>
    </node>
    <node id="n56">
      <data key="v_Title">Shanny Li</data>
      <data key="v_hrank">2</data>
      <data key="v_numDirects">0</data>
      <data key="v_numCollegues">10</data>
      <data key="v_id">126460786</data>
    </node>
    <node id="n57">
      <data key="v_Title">Yashesvi Sharma</data>
      <data key="v_hrank">2</data>
      <data key="v_numDirects">0</data>
      <data key="v_numCollegues">10</data>
      <data key="v_id">149304351</data>
    </node>
    <node id="n58">
      <data key="v_Title">Michelle Hlaing</data>
      <data key="v_hrank">2</data>
      <data key="v_numDirects">0</data>
      <data key="v_numCollegues">10</data>
      <data key="v_id">149321422</data>
    </node>
    <node id="n59">
      <data key="v_Title">Vybava Ramadoss</data>
      <data key="v_hrank">2</data>
      <data key="v_numDirects">0</data>
      <data key="v_numCollegues">10</data>
      <data key="v_id">149360424</data>
    </node>
    <node id="n60">
      <data key="v_Title">Vidhi Mahadik (Mindtree LTD)</data>
      <data key="v_hrank">2</data>
      <data key="v_numDirects">0</data>
      <data key="v_numCollegues">10</data>
      <data key="v_id">17592559711590</data>
    </node>
    <node id="n61">
      <data key="v_Title">Manjula Deevi Deevi (MINDTREE LIMITED)</data>
      <data key="v_hrank">2</data>
      <data key="v_numDirects">0</data>
      <data key="v_numCollegues">10</data>
      <data key="v_id">17592609436259</data>
    </node>
    <node id="n62">
      <data key="v_Title">Devanshi Shah (MINDTREE LIMITED)</data>
      <data key="v_hrank">2</data>
      <data key="v_numDirects">0</data>
      <data key="v_numCollegues">10</data>
      <data key="v_id">17592612756860</data>
    </node>
    <node id="n63">
      <data key="v_Title">Tejinder Singh (AZURE)</data>
      <data key="v_hrank">2</data>
      <data key="v_numDirects">2</data>
      <data key="v_numCollegues">10</data>
      <data key="v_id">149439842</data>
    </node>
    <node id="n64">
      <data key="v_Title">Rupesh Kumar</data>
      <data key="v_hrank">3</data>
      <data key="v_numDirects">0</data>
      <data key="v_numCollegues">2</data>
      <data key="v_id">149326422</data>
    </node>
    <node id="n65">
      <data key="v_Title">Edison Park</data>
      <data key="v_hrank">3</data>
      <data key="v_numDirects">0</data>
      <data key="v_numCollegues">2</data>
      <data key="v_id">149461573</data>
    </node>
    <node id="n66">
      <data key="v_Title">Elaine Shan</data>
      <data key="v_hrank">2</data>
      <data key="v_numDirects">0</data>
      <data key="v_numCollegues">10</data>
      <data key="v_id">108979247</data>
    </node>
    <node id="n67">
      <data key="v_Title">Pallavi Taneja</data>
      <data key="v_hrank">2</data>
      <data key="v_numDirects">0</data>
      <data key="v_numCollegues">10</data>
      <data key="v_id">149302177</data>
    </node>
    <node id="n68">
      <data key="v_Title">Dan Perkins (POWERBI.COM)</data>
      <data key="v_hrank">2</data>
      <data key="v_numDirects">0</data>
      <data key="v_numCollegues">10</data>
      <data key="v_id">149333231</data>
    </node>
    <node id="n69">
      <data key="v_Title">Rishi Kapoor</data>
      <data key="v_hrank">2</data>
      <data key="v_numDirects">0</data>
      <data key="v_numCollegues">10</data>
      <data key="v_id">149351129</data>
    </node>
    <node id="n70">
      <data key="v_Title">RJ Boeke</data>
      <data key="v_hrank">2</data>
      <data key="v_numDirects">0</data>
      <data key="v_numCollegues">10</data>
      <data key="v_id">149374470</data>
    </node>
    <node id="n71">
      <data key="v_Title">Deepak Aravindakshan</data>
      <data key="v_hrank">2</data>
      <data key="v_numDirects">0</data>
      <data key="v_numCollegues">10</data>
      <data key="v_id">149385577</data>
    </node>
    <node id="n72">
      <data key="v_Title">Rahul Sudhir Pandit</data>
      <data key="v_hrank">2</data>
      <data key="v_numDirects">0</data>
      <data key="v_numCollegues">10</data>
      <data key="v_id">149425153</data>
    </node>
    <node id="n73">
      <data key="v_Title">Vineeth Karanam</data>
      <data key="v_hrank">2</data>
      <data key="v_numDirects">0</data>
      <data key="v_numCollegues">10</data>
      <data key="v_id">149454595</data>
    </node>
    <node id="n74">
      <data key="v_Title">Breck Yunits</data>
      <data key="v_hrank">2</data>
      <data key="v_numDirects">0</data>
      <data key="v_numCollegues">10</data>
      <data key="v_id">179279801</data>
    </node>
    <node id="n75">
      <data key="v_Title">Huaxia Zhao</data>
      <data key="v_hrank">2</data>
      <data key="v_numDirects">0</data>
      <data key="v_numCollegues">10</data>
      <data key="v_id">287105203</data>
    </node>
    <node id="n76">
      <data key="v_Title">OUTSIDE</data>
      <data key="v_hrank">0</data>
      <data key="v_numDirects">0</data>
      <data key="v_numCollegues">0</data>
      <data key="v_id">-100</data>
    </node>
    <edge source="n0" target="n1">
      <data key="e_weight">1</data>
    </edge>
    <edge source="n0" target="n2">
      <data key="e_weight">1</data>
    </edge>
    <edge source="n0" target="n3">
      <data key="e_weight">1</data>
    </edge>
    <edge source="n0" target="n4">
      <data key="e_weight">1</data>
    </edge>
    <edge source="n0" target="n5">
      <data key="e_weight">1</data>
    </edge>
    <edge source="n0" target="n6">
      <data key="e_weight">1</data>
    </edge>
    <edge source="n1" target="n7">
      <data key="e_weight">1</data>
    </edge>
    <edge source="n2" target="n8">
      <data key="e_weight">1</data>
    </edge>
    <edge source="n2" target="n9">
      <data key="e_weight">1</data>
    </edge>
    <edge source="n2" target="n10">
      <data key="e_weight">1</data>
    </edge>
    <edge source="n2" target="n11">
      <data key="e_weight">1</data>
    </edge>
    <edge source="n3" target="n14">
      <data key="e_weight">1</data>
    </edge>
    <edge source="n3" target="n15">
      <data key="e_weight">1</data>
    </edge>
    <edge source="n3" target="n16">
      <data key="e_weight">1</data>
    </edge>
    <edge source="n3" target="n17">
      <data key="e_weight">1</data>
    </edge>
    <edge source="n4" target="n21">
      <data key="e_weight">1</data>
    </edge>
    <edge source="n4" target="n22">
      <data key="e_weight">1</data>
    </edge>
    <edge source="n4" target="n23">
      <data key="e_weight">1</data>
    </edge>
    <edge source="n4" target="n24">
      <data key="e_weight">1</data>
    </edge>
    <edge source="n4" target="n25">
      <data key="e_weight">1</data>
    </edge>
    <edge source="n4" target="n26">
      <data key="e_weight">1</data>
    </edge>
    <edge source="n5" target="n54">
      <data key="e_weight">1</data>
    </edge>
    <edge source="n5" target="n55">
      <data key="e_weight">1</data>
    </edge>
    <edge source="n5" target="n56">
      <data key="e_weight">1</data>
    </edge>
    <edge source="n5" target="n57">
      <data key="e_weight">1</data>
    </edge>
    <edge source="n5" target="n58">
      <data key="e_weight">1</data>
    </edge>
    <edge source="n5" target="n59">
      <data key="e_weight">1</data>
    </edge>
    <edge source="n5" target="n60">
      <data key="e_weight">1</data>
    </edge>
    <edge source="n5" target="n61">
      <data key="e_weight">1</data>
    </edge>
    <edge source="n5" target="n62">
      <data key="e_weight">1</data>
    </edge>
    <edge source="n5" target="n63">
      <data key="e_weight">0</data>
    </edge>
    <edge source="n6" target="n66">
      <data key="e_weight">1</data>
    </edge>
    <edge source="n6" target="n67">
      <data key="e_weight">1</data>
    </edge>
    <edge source="n6" target="n68">
      <data key="e_weight">1</data>
    </edge>
    <edge source="n6" target="n69">
      <data key="e_weight">1</data>
    </edge>
    <edge source="n6" target="n70">
      <data key="e_weight">1</data>
    </edge>
    <edge source="n6" target="n71">
      <data key="e_weight">1</data>
    </edge>
    <edge source="n6" target="n72">
      <data key="e_weight">1</data>
    </edge>
    <edge source="n6" target="n73">
      <data key="e_weight">1</data>
    </edge>
    <edge source="n6" target="n74">
      <data key="e_weight">1</data>
    </edge>
    <edge source="n6" target="n75">
      <data key="e_weight">1</data>
    </edge>
    <edge source="n9" target="n12">
      <data key="e_weight">1</data>
    </edge>
    <edge source="n9" target="n13">
      <data key="e_weight">1</data>
    </edge>
    <edge source="n16" target="n18">
      <data key="e_weight">1</data>
    </edge>
    <edge source="n16" target="n19">
      <data key="e_weight">1</data>
    </edge>
    <edge source="n16" target="n20">
      <data key="e_weight">1</data>
    </edge>
    <edge source="n21" target="n27">
      <data key="e_weight">1</data>
    </edge>
    <edge source="n21" target="n28">
      <data key="e_weight">1</data>
    </edge>
    <edge source="n21" target="n29">
      <data key="e_weight">1</data>
    </edge>
    <edge source="n21" target="n30">
      <data key="e_weight">1</data>
    </edge>
    <edge source="n21" target="n31">
      <data key="e_weight">1</data>
    </edge>
    <edge source="n21" target="n32">
      <data key="e_weight">1</data>
    </edge>
    <edge source="n21" target="n33">
      <data key="e_weight">1</data>
    </edge>
    <edge source="n23" target="n34">
      <data key="e_weight">1</data>
    </edge>
    <edge source="n23" target="n35">
      <data key="e_weight">1</data>
    </edge>
    <edge source="n23" target="n36">
      <data key="e_weight">1</data>
    </edge>
    <edge source="n23" target="n37">
      <data key="e_weight">1</data>
    </edge>
    <edge source="n23" target="n38">
      <data key="e_weight">1</data>
    </edge>
    <edge source="n24" target="n39">
      <data key="e_weight">1</data>
    </edge>
    <edge source="n24" target="n40">
      <data key="e_weight">1</data>
    </edge>
    <edge source="n24" target="n41">
      <data key="e_weight">1</data>
    </edge>
    <edge source="n24" target="n42">
      <data key="e_weight">1</data>
    </edge>
    <edge source="n25" target="n43">
      <data key="e_weight">1</data>
    </edge>
    <edge source="n25" target="n44">
      <data key="e_weight">1</data>
    </edge>
    <edge source="n25" target="n45">
      <data key="e_weight">1</data>
    </edge>
    <edge source="n25" target="n46">
      <data key="e_weight">1</data>
    </edge>
    <edge source="n25" target="n47">
      <data key="e_weight">1</data>
    </edge>
    <edge source="n26" target="n48">
      <data key="e_weight">1</data>
    </edge>
    <edge source="n26" target="n49">
      <data key="e_weight">1</data>
    </edge>
    <edge source="n26" target="n50">
      <data key="e_weight">1</data>
    </edge>
    <edge source="n26" target="n51">
      <data key="e_weight">1</data>
    </edge>
    <edge source="n26" target="n52">
      <data key="e_weight">1</data>
    </edge>
    <edge source="n26" target="n53">
      <data key="e_weight">1</data>
    </edge>
    <edge source="n63" target="n64">
      <data key="e_weight">0</data>
    </edge>
    <edge source="n63" target="n65">
      <data key="e_weight">0</data>
    </edge>
  </graph>
</graphml>
