<?xml version="1.0" encoding="UTF-8"?>
<graphml xmlns="http://graphml.graphdrawing.org/xmlns"
         xmlns:xsi="http://www.w3.org/2001/XMLSchema-instance"
         xsi:schemaLocation="http://graphml.graphdrawing.org/xmlns
         http://graphml.graphdrawing.org/xmlns/1.0/graphml.xsd">
<!-- Created by igraph -->
  <key id="v_Title" for="node" attr.name="Title" attr.type="string"/>
  <key id="v_hrank" for="node" attr.name="hrank" attr.type="double"/>
  <key id="v_numDirects" for="node" attr.name="numDirects" attr.type="double"/>
  <key id="v_numCollegues" for="node" attr.name="numCollegues" attr.type="double"/>
  <key id="v_RecentlyModifiedCount" for="node" attr.name="RecentlyModifiedCount" attr.type="double"/>
  <key id="v_ModifiedTitles" for="node" attr.name="ModifiedTitles" attr.type="string"/>
  <key id="v_TrendingTitles" for="node" attr.name="TrendingTitles" attr.type="string"/>
  <key id="v_id" for="node" attr.name="id" attr.type="string"/>
  <key id="e_weight" for="edge" attr.name="weight" attr.type="double"/>
  <graph id="G" edgedefault="undirected">
    <node id="n0">
      <data key="v_Title">Vivek Dalvi</data>
      <data key="v_hrank">0</data>
      <data key="v_numDirects">6</data>
      <data key="v_numCollegues">0</data>
      <data key="v_RecentlyModifiedCount">0</data>
      <data key="v_ModifiedTitles">unknown</data>
      <data key="v_TrendingTitles"> ; Kusto.Explorer ; Microsoft confidential ; OneNote_DeletedPages ; Kusto API ; Kusto Query Language (Pre-Repair) ; SPZA Status Review ; Azure Marketplace Pillar Review Main doc - May 2016 ; Azure Marketplace Executive Summary - MAY 2016 V2 ; PM ; SPZA_AppCatalog ; Microsoft confidential ; Azure Service Communications TDC Review - Draft ; SPZA Success Metrics ; Cloud Solution Provider program ; Microsoft confidential ; ARM Api Validation.pptx ; Cinnamon Flows ; SPZA app metadata ; Azure Reliability PRISM v5 ; Azure Fundamentals FY16 (Field Ready)</data>
      <data key="v_id">149305756</data>
    </node>
    <node id="n1">
      <data key="v_Title">Satish Thomas</data>
      <data key="v_hrank">1</data>
      <data key="v_numDirects">1</data>
      <data key="v_numCollegues">6</data>
      <data key="v_RecentlyModifiedCount">3</data>
      <data key="v_ModifiedTitles"> ; SPZA_AppCatalog ; SPZA - Consumer Surface ; SPZA Success Metrics</data>
      <data key="v_TrendingTitles">unknown</data>
      <data key="v_id">148885654</data>
    </node>
    <node id="n2">
      <data key="v_Title">Leon Welicki</data>
      <data key="v_hrank">1</data>
      <data key="v_numDirects">4</data>
      <data key="v_numCollegues">6</data>
      <data key="v_RecentlyModifiedCount">10</data>
      <data key="v_ModifiedTitles"> ; PM ; SDK ; Writing an extension ; Ibiza Customer Focused Quality ; Ibiza Executive Summary - APR 2016 ; Microsoft confidential ; Ibiza - Pillar Review - April ; General ; Search ; OneNote_DeletedPages</data>
      <data key="v_TrendingTitles">unknown</data>
      <data key="v_id">149330623</data>
    </node>
    <node id="n3">
      <data key="v_Title">Alok Jain</data>
      <data key="v_hrank">1</data>
      <data key="v_numDirects">4</data>
      <data key="v_numCollegues">6</data>
      <data key="v_RecentlyModifiedCount">3</data>
      <data key="v_ModifiedTitles"> ; SPZA - Consumer Surface ; SPZA - Consumer Surface ; Iterative study Findings</data>
      <data key="v_TrendingTitles">unknown</data>
      <data key="v_id">149343848</data>
    </node>
    <node id="n4">
      <data key="v_Title">Madhur Joshi</data>
      <data key="v_hrank">1</data>
      <data key="v_numDirects">6</data>
      <data key="v_numCollegues">6</data>
      <data key="v_RecentlyModifiedCount">4</data>
      <data key="v_ModifiedTitles"> ; Coding Guidelines ; PM ; Kusto Queries ; Planning</data>
      <data key="v_TrendingTitles">unknown</data>
      <data key="v_id">149353639</data>
    </node>
    <node id="n5">
      <data key="v_Title">Asim Mitra</data>
      <data key="v_hrank">1</data>
      <data key="v_numDirects">10</data>
      <data key="v_numCollegues">6</data>
      <data key="v_RecentlyModifiedCount">5</data>
      <data key="v_ModifiedTitles"> ; ASMP I cans collaborative doc ; Azure Marketplace Pillar Review Main doc - May 2016 ; Marketplace ; Azure Marketplace Executive Summary - MAY 2016 V2 ; Features</data>
      <data key="v_TrendingTitles">unknown</data>
      <data key="v_id">149376526</data>
    </node>
    <node id="n6">
      <data key="v_Title">Srivatsan Kidambi</data>
      <data key="v_hrank">1</data>
      <data key="v_numDirects">10</data>
      <data key="v_numCollegues">6</data>
      <data key="v_RecentlyModifiedCount">10</data>
      <data key="v_ModifiedTitles"> ; Development ; Planning ; Basics ; Engineering Infra ; Demo ; SPZA - Consumer Surface ; SPZA - Consumer Surface ; Live Site ; SPZA Cinnamon Features Latest ; OneNote_DeletedPages</data>
      <data key="v_TrendingTitles">unknown</data>
      <data key="v_id">17592306612869</data>
    </node>
    <node id="n7">
      <data key="v_Title">Thomas Constantin</data>
      <data key="v_hrank">2</data>
      <data key="v_numDirects">0</data>
      <data key="v_numCollegues">1</data>
      <data key="v_RecentlyModifiedCount">0</data>
      <data key="v_ModifiedTitles">unknown</data>
      <data key="v_TrendingTitles">unknown</data>
      <data key="v_id">40706505</data>
    </node>
    <node id="n8">
      <data key="v_Title">Michael Flanakin</data>
      <data key="v_hrank">2</data>
      <data key="v_numDirects">0</data>
      <data key="v_numCollegues">4</data>
      <data key="v_RecentlyModifiedCount">10</data>
      <data key="v_ModifiedTitles"> ; Browse ; PM ; Search ; Identity ; General ; OneNote_DeletedPages ; Other ; Resources + groups ; TSGs ; Interviews</data>
      <data key="v_TrendingTitles">unknown</data>
      <data key="v_id">149313118</data>
    </node>
    <node id="n9">
      <data key="v_Title">Adam Abdelhamed</data>
      <data key="v_hrank">2</data>
      <data key="v_numDirects">2</data>
      <data key="v_numCollegues">4</data>
      <data key="v_RecentlyModifiedCount">6</data>
      <data key="v_ModifiedTitles"> ; PM ; Ibiza day - March 2016 ; Spec - Dashboards.pptx ; High Usage Extensions - Manual Data ; April 2016 Plan ; SDK</data>
      <data key="v_TrendingTitles">unknown</data>
      <data key="v_id">149377135</data>
    </node>
    <node id="n10">
      <data key="v_Title">Rajesh Ramabathiran</data>
      <data key="v_hrank">2</data>
      <data key="v_numDirects">0</data>
      <data key="v_numCollegues">4</data>
      <data key="v_RecentlyModifiedCount">10</data>
      <data key="v_ModifiedTitles"> ; Feature Planning ; Customers ; CW compete - scratchpad ; todo ; Feature Planning ; MonitoringUX ; Misc ; CloudWatch compete Workstreams Checkpoint ; Ref. Follow up ; Azure Monitoring UX Mockups Review (CW Compete)</data>
      <data key="v_TrendingTitles">unknown</data>
      <data key="v_id">149381257</data>
    </node>
    <node id="n11">
      <data key="v_Title">Paymon Parsadmehr</data>
      <data key="v_hrank">2</data>
      <data key="v_numDirects">0</data>
      <data key="v_numCollegues">4</data>
      <data key="v_RecentlyModifiedCount">4</data>
      <data key="v_ModifiedTitles"> ; Accessibility ; Accessibility ; Documentation ; PM</data>
      <data key="v_TrendingTitles">unknown</data>
      <data key="v_id">321773839</data>
    </node>
    <node id="n12">
      <data key="v_Title">Amit Modi</data>
      <data key="v_hrank">3</data>
      <data key="v_numDirects">0</data>
      <data key="v_numCollegues">2</data>
      <data key="v_RecentlyModifiedCount">8</data>
      <data key="v_ModifiedTitles"> ; PM ; Baremetal ; WaaS Services ; Infrastructure ; Eventing Certificate ; Eventing ; OneNote_DeletedPages ; Portal Hosting Service</data>
      <data key="v_TrendingTitles">unknown</data>
      <data key="v_id">149447634</data>
    </node>
    <node id="n13">
      <data key="v_Title">Sean Watson</data>
      <data key="v_hrank">3</data>
      <data key="v_numDirects">0</data>
      <data key="v_numCollegues">2</data>
      <data key="v_RecentlyModifiedCount">10</data>
      <data key="v_ModifiedTitles"> ; PM ; OneNote_DeletedPages ; CustomerEnablement ; Kusto Queries ; Browse ; Planning ; Fullscreen ; Overview ; Coding Guidelines ; Documentation</data>
      <data key="v_TrendingTitles">unknown</data>
      <data key="v_id">149484112</data>
    </node>
    <node id="n14">
      <data key="v_Title">Daniel Yuen (AZURE)</data>
      <data key="v_hrank">2</data>
      <data key="v_numDirects">0</data>
      <data key="v_numCollegues">4</data>
      <data key="v_RecentlyModifiedCount">4</data>
      <data key="v_ModifiedTitles"> ; Planning ; PM ; Leap Year ; Deployments</data>
      <data key="v_TrendingTitles">unknown</data>
      <data key="v_id">148887596</data>
    </node>
    <node id="n15">
      <data key="v_Title">Prashant Kumar (AZURE)</data>
      <data key="v_hrank">2</data>
      <data key="v_numDirects">0</data>
      <data key="v_numCollegues">4</data>
      <data key="v_RecentlyModifiedCount">10</data>
      <data key="v_ModifiedTitles"> ; Read this overview ; Untitled Section ; SPZA app metadata ; Telemetry – basil release ; InfoModel ; Publishing manifest requirements ; SPZA - Consumer Surface ; spza partner status ; Basics ; Cinnamon Flows</data>
      <data key="v_TrendingTitles">unknown</data>
      <data key="v_id">149301001</data>
    </node>
    <node id="n16">
      <data key="v_Title">Hamid Mahmood</data>
      <data key="v_hrank">2</data>
      <data key="v_numDirects">3</data>
      <data key="v_numCollegues">4</data>
      <data key="v_RecentlyModifiedCount">10</data>
      <data key="v_ModifiedTitles"> ; Planning ; Grid ; Custom Controls ; PM ; Weekly Status Reports ; Controls – Ibiza Day ; Custom Controls ; OneNote_DeletedPages ; Controls Planning Analysis ; Create</data>
      <data key="v_TrendingTitles">unknown</data>
      <data key="v_id">149305382</data>
    </node>
    <node id="n17">
      <data key="v_Title">Joey Peng</data>
      <data key="v_hrank">2</data>
      <data key="v_numDirects">0</data>
      <data key="v_numCollegues">4</data>
      <data key="v_RecentlyModifiedCount">6</data>
      <data key="v_ModifiedTitles"> ; SPZA Ship Readiness Template ; Basil Accessibility ; SPZA_AppCatalog ; SPZA - Consumer Surface ; SPZA Cinnamon Features Latest ; spza partner status</data>
      <data key="v_TrendingTitles">unknown</data>
      <data key="v_id">149356066</data>
    </node>
    <node id="n18">
      <data key="v_Title">Anurag Dalmia</data>
      <data key="v_hrank">3</data>
      <data key="v_numDirects">0</data>
      <data key="v_numCollegues">3</data>
      <data key="v_RecentlyModifiedCount">10</data>
      <data key="v_ModifiedTitles"> ; Weekly Status Reports ; Create ; Planning ; PM ; Create Flow ; ARM Api Validation.pptx ; Dashboard Migration ; OneNote_DeletedPages ; Create Flow Investigations ; Create Queries</data>
      <data key="v_TrendingTitles">unknown</data>
      <data key="v_id">148899247</data>
    </node>
    <node id="n19">
      <data key="v_Title">Ankit Sud</data>
      <data key="v_hrank">3</data>
      <data key="v_numDirects">0</data>
      <data key="v_numCollegues">3</data>
      <data key="v_RecentlyModifiedCount">8</data>
      <data key="v_ModifiedTitles"> ; Planning ; Aux Portal Shutdown ; Grid2 ; Portal Feedback System ; Grid2 ; Coding Guidelines ; Cosmos ; Core Techical Designs</data>
      <data key="v_TrendingTitles">unknown</data>
      <data key="v_id">149389510</data>
    </node>
    <node id="n20">
      <data key="v_Title">Bryan Dickens</data>
      <data key="v_hrank">3</data>
      <data key="v_numDirects">0</data>
      <data key="v_numCollegues">3</data>
      <data key="v_RecentlyModifiedCount">10</data>
      <data key="v_ModifiedTitles"> ; Planning ; Big Bugs ; File Upload ; DateTime ; File Upload ; Notes ; Accessibility ; Multiselect Dropdown Filtering ; Charts ; OneNote_DeletedPages</data>
      <data key="v_TrendingTitles">unknown</data>
      <data key="v_id">17592374250086</data>
    </node>
    <node id="n21">
      <data key="v_Title">Gilles Zunino</data>
      <data key="v_hrank">2</data>
      <data key="v_numDirects">7</data>
      <data key="v_numCollegues">6</data>
      <data key="v_RecentlyModifiedCount">3</data>
      <data key="v_ModifiedTitles"> ; OneNote_DeletedPages ; Planning ; General Resources</data>
      <data key="v_TrendingTitles">unknown</data>
      <data key="v_id">149305424</data>
    </node>
    <node id="n22">
      <data key="v_Title">Brad Olenick</data>
      <data key="v_hrank">2</data>
      <data key="v_numDirects">0</data>
      <data key="v_numCollegues">6</data>
      <data key="v_RecentlyModifiedCount">3</data>
      <data key="v_ModifiedTitles"> ; SDK ; Planning ; Working in Ibiza</data>
      <data key="v_TrendingTitles">unknown</data>
      <data key="v_id">149340835</data>
    </node>
    <node id="n23">
      <data key="v_Title">Nadir Ahmed</data>
      <data key="v_hrank">2</data>
      <data key="v_numDirects">5</data>
      <data key="v_numCollegues">6</data>
      <data key="v_RecentlyModifiedCount">3</data>
      <data key="v_ModifiedTitles"> ; Gomez alert troubleshooting ; Other ; Planning</data>
      <data key="v_TrendingTitles">unknown</data>
      <data key="v_id">149344373</data>
    </node>
    <node id="n24">
      <data key="v_Title">Jesse Vasquez</data>
      <data key="v_hrank">2</data>
      <data key="v_numDirects">4</data>
      <data key="v_numCollegues">6</data>
      <data key="v_RecentlyModifiedCount">10</data>
      <data key="v_ModifiedTitles"> ; Cosmos ; Weekly Status Reports ; SLA Reporting ; V.Current-Classic ; OneNote_DeletedPages ; Create Flow ; General ; Planning ; Planning ; PM</data>
      <data key="v_TrendingTitles">unknown</data>
      <data key="v_id">149358129</data>
    </node>
    <node id="n25">
      <data key="v_Title">David Zimmerman</data>
      <data key="v_hrank">2</data>
      <data key="v_numDirects">5</data>
      <data key="v_numCollegues">6</data>
      <data key="v_RecentlyModifiedCount">2</data>
      <data key="v_ModifiedTitles"> ; Employee Onboarding ; Planning</data>
      <data key="v_TrendingTitles">unknown</data>
      <data key="v_id">149370272</data>
    </node>
    <node id="n26">
      <data key="v_Title">Marck Robinson</data>
      <data key="v_hrank">2</data>
      <data key="v_numDirects">6</data>
      <data key="v_numCollegues">6</data>
      <data key="v_RecentlyModifiedCount">10</data>
      <data key="v_ModifiedTitles"> ; Kusto Queries ; Core Techical Designs ; Ibiza Telemetry ; SDK ; OneNote_DeletedPages ; MonitoringUX ; MonitoringUX ; Azure Service Health Review ; Planning ; Overview</data>
      <data key="v_TrendingTitles">unknown</data>
      <data key="v_id">186791637</data>
    </node>
    <node id="n27">
      <data key="v_Title">Miguel Resto</data>
      <data key="v_hrank">3</data>
      <data key="v_numDirects">0</data>
      <data key="v_numCollegues">7</data>
      <data key="v_RecentlyModifiedCount">8</data>
      <data key="v_ModifiedTitles"> ; New Plan ; E2E Tests ; Dev ; Employee Onboarding ; OneNote_DeletedPages ; Links ; Planning ; Specs</data>
      <data key="v_TrendingTitles">unknown</data>
      <data key="v_id">149315203</data>
    </node>
    <node id="n28">
      <data key="v_Title">Brad Haverstein</data>
      <data key="v_hrank">3</data>
      <data key="v_numDirects">0</data>
      <data key="v_numCollegues">7</data>
      <data key="v_RecentlyModifiedCount">4</data>
      <data key="v_ModifiedTitles"> ; Marketplace Migration ; Employee Onboarding ; Planning ; BLADES</data>
      <data key="v_TrendingTitles">unknown</data>
      <data key="v_id">149376614</data>
    </node>
    <node id="n29">
      <data key="v_Title">Alan Castellanos Moreno</data>
      <data key="v_hrank">3</data>
      <data key="v_numDirects">0</data>
      <data key="v_numCollegues">7</data>
      <data key="v_RecentlyModifiedCount">3</data>
      <data key="v_ModifiedTitles"> ; Marketplace Migration ; Planning ; TSGs</data>
      <data key="v_TrendingTitles">unknown</data>
      <data key="v_id">149387909</data>
    </node>
    <node id="n30">
      <data key="v_Title">Mahin Torki</data>
      <data key="v_hrank">3</data>
      <data key="v_numDirects">0</data>
      <data key="v_numCollegues">7</data>
      <data key="v_RecentlyModifiedCount">3</data>
      <data key="v_ModifiedTitles"> ; Marketplace ; OneNote_DeletedPages ; Identity</data>
      <data key="v_TrendingTitles">unknown</data>
      <data key="v_id">149408332</data>
    </node>
    <node id="n31">
      <data key="v_Title">Aaron West</data>
      <data key="v_hrank">3</data>
      <data key="v_numDirects">0</data>
      <data key="v_numCollegues">7</data>
      <data key="v_RecentlyModifiedCount">4</data>
      <data key="v_ModifiedTitles"> ; Gallery RP API Spec ; Ev2 Documentation ; PowerApps RP ; DROPs</data>
      <data key="v_TrendingTitles">unknown</data>
      <data key="v_id">149444944</data>
    </node>
    <node id="n32">
      <data key="v_Title">Christina Quan</data>
      <data key="v_hrank">3</data>
      <data key="v_numDirects">0</data>
      <data key="v_numCollegues">7</data>
      <data key="v_RecentlyModifiedCount">4</data>
      <data key="v_ModifiedTitles"> ; E2E Tests ; Employee Onboarding ; Dev ; Progress</data>
      <data key="v_TrendingTitles">unknown</data>
      <data key="v_id">270383930</data>
    </node>
    <node id="n33">
      <data key="v_Title">Sergei Popov</data>
      <data key="v_hrank">3</data>
      <data key="v_numDirects">0</data>
      <data key="v_numCollegues">7</data>
      <data key="v_RecentlyModifiedCount">3</data>
      <data key="v_ModifiedTitles"> ; Docs ; New Plan ; OneNote_DeletedPages</data>
      <data key="v_TrendingTitles">unknown</data>
      <data key="v_id">17592324336230</data>
    </node>
    <node id="n34">
      <data key="v_Title">Guruprasad Airy</data>
      <data key="v_hrank">3</data>
      <data key="v_numDirects">0</data>
      <data key="v_numCollegues">5</data>
      <data key="v_RecentlyModifiedCount">5</data>
      <data key="v_ModifiedTitles"> ; TSGs ; Browse ; Resources + groups ; Planning ; Accessibility</data>
      <data key="v_TrendingTitles">unknown</data>
      <data key="v_id">149386078</data>
    </node>
    <node id="n35">
      <data key="v_Title">Andrew Forget</data>
      <data key="v_hrank">3</data>
      <data key="v_numDirects">0</data>
      <data key="v_numCollegues">5</data>
      <data key="v_RecentlyModifiedCount">1</data>
      <data key="v_ModifiedTitles"> ; Browse</data>
      <data key="v_TrendingTitles">unknown</data>
      <data key="v_id">149389216</data>
    </node>
    <node id="n36">
      <data key="v_Title">Rachana Mhetre</data>
      <data key="v_hrank">3</data>
      <data key="v_numDirects">0</data>
      <data key="v_numCollegues">5</data>
      <data key="v_RecentlyModifiedCount">2</data>
      <data key="v_ModifiedTitles"> ; Learning Resources ; Resources + groups</data>
      <data key="v_TrendingTitles">unknown</data>
      <data key="v_id">149440904</data>
    </node>
    <node id="n37">
      <data key="v_Title">Alaa Shaker</data>
      <data key="v_hrank">3</data>
      <data key="v_numDirects">0</data>
      <data key="v_numCollegues">5</data>
      <data key="v_RecentlyModifiedCount">4</data>
      <data key="v_ModifiedTitles"> ; Create ; Coding Guidelines ; Create Flow Investigations ; Planning</data>
      <data key="v_TrendingTitles">unknown</data>
      <data key="v_id">149461999</data>
    </node>
    <node id="n38">
      <data key="v_Title">Sam Armstrong</data>
      <data key="v_hrank">3</data>
      <data key="v_numDirects">0</data>
      <data key="v_numCollegues">5</data>
      <data key="v_RecentlyModifiedCount">0</data>
      <data key="v_ModifiedTitles">unknown</data>
      <data key="v_TrendingTitles">unknown</data>
      <data key="v_id">184057633</data>
    </node>
    <node id="n39">
      <data key="v_Title">Benoit Martin (AAPT)</data>
      <data key="v_hrank">3</data>
      <data key="v_numDirects">0</data>
      <data key="v_numCollegues">4</data>
      <data key="v_RecentlyModifiedCount">10</data>
      <data key="v_ModifiedTitles"> ; Portal Hosting Service ; MonitoringUX ; Kusto ; V.Current-Classic ; Cosmos ; OneNote_DeletedPages ; Tools ; Ev2 Documentation ; General ; Rollout Spec Schema</data>
      <data key="v_TrendingTitles">unknown</data>
      <data key="v_id">148890422</data>
    </node>
    <node id="n40">
      <data key="v_Title">Dave Brankin</data>
      <data key="v_hrank">3</data>
      <data key="v_numDirects">0</data>
      <data key="v_numCollegues">4</data>
      <data key="v_RecentlyModifiedCount">8</data>
      <data key="v_ModifiedTitles"> ; Deployments ; Pipeline Monitor ; Secrets ; Cosmos ; OneNote_DeletedPages ; Learning Resources ; Coding Guidelines ; Deployment status</data>
      <data key="v_TrendingTitles">unknown</data>
      <data key="v_id">149325910</data>
    </node>
    <node id="n41">
      <data key="v_Title">Hua Zhao</data>
      <data key="v_hrank">3</data>
      <data key="v_numDirects">0</data>
      <data key="v_numCollegues">4</data>
      <data key="v_RecentlyModifiedCount">9</data>
      <data key="v_ModifiedTitles"> ; V.Current-Classic ; Engineering ; Leap Year ; Secrets ; Pipeline Monitor ; Learning Resources ; Planning ; Cosmos ; New Section 1</data>
      <data key="v_TrendingTitles">unknown</data>
      <data key="v_id">149461516</data>
    </node>
    <node id="n42">
      <data key="v_Title">Bianca Manea</data>
      <data key="v_hrank">3</data>
      <data key="v_numDirects">0</data>
      <data key="v_numCollegues">4</data>
      <data key="v_RecentlyModifiedCount">10</data>
      <data key="v_ModifiedTitles"> ; Planning ; Dashboard Migration ; Cosmos ; OneNote_DeletedPages ; TSGs ; Create Flow Investigations ; Reports and dashboards ; Kusto ; Overview ; Pipeline Monitor</data>
      <data key="v_TrendingTitles">unknown</data>
      <data key="v_id">208353237</data>
    </node>
    <node id="n43">
      <data key="v_Title">Jobin Jobin Paul</data>
      <data key="v_hrank">3</data>
      <data key="v_numDirects">0</data>
      <data key="v_numCollegues">5</data>
      <data key="v_RecentlyModifiedCount">1</data>
      <data key="v_ModifiedTitles"> ; Planning</data>
      <data key="v_TrendingTitles">unknown</data>
      <data key="v_id">149309958</data>
    </node>
    <node id="n44">
      <data key="v_Title">Ramu Yalamanchili</data>
      <data key="v_hrank">3</data>
      <data key="v_numDirects">0</data>
      <data key="v_numCollegues">5</data>
      <data key="v_RecentlyModifiedCount">3</data>
      <data key="v_ModifiedTitles"> ; General Knowledge ; OneNote_DeletedPages ; Planning</data>
      <data key="v_TrendingTitles">unknown</data>
      <data key="v_id">149312304</data>
    </node>
    <node id="n45">
      <data key="v_Title">Jiawei Xie</data>
      <data key="v_hrank">3</data>
      <data key="v_numDirects">0</data>
      <data key="v_numCollegues">5</data>
      <data key="v_RecentlyModifiedCount">2</data>
      <data key="v_ModifiedTitles"> ; Ibiza Telemetry ; CustomerEnablement</data>
      <data key="v_TrendingTitles">unknown</data>
      <data key="v_id">149332922</data>
    </node>
    <node id="n46">
      <data key="v_Title">Vikash Jain</data>
      <data key="v_hrank">3</data>
      <data key="v_numDirects">0</data>
      <data key="v_numCollegues">5</data>
      <data key="v_RecentlyModifiedCount">5</data>
      <data key="v_ModifiedTitles"> ; Planning ; StoreApi ; Selfhost PC  Instructions ; Cosmos ; OneNote_DeletedPages</data>
      <data key="v_TrendingTitles">unknown</data>
      <data key="v_id">149365468</data>
    </node>
    <node id="n47">
      <data key="v_Title">Berk Eserol</data>
      <data key="v_hrank">3</data>
      <data key="v_numDirects">0</data>
      <data key="v_numCollegues">5</data>
      <data key="v_RecentlyModifiedCount">3</data>
      <data key="v_ModifiedTitles"> ; Recommendation ; Spell Checker ; Employee Onboarding</data>
      <data key="v_TrendingTitles">unknown</data>
      <data key="v_id">149444623</data>
    </node>
    <node id="n48">
      <data key="v_Title">Christof Marti</data>
      <data key="v_hrank">3</data>
      <data key="v_numDirects">0</data>
      <data key="v_numCollegues">6</data>
      <data key="v_RecentlyModifiedCount">2</data>
      <data key="v_ModifiedTitles"> ; SDK ; Planning</data>
      <data key="v_TrendingTitles">unknown</data>
      <data key="v_id">25124324</data>
    </node>
    <node id="n49">
      <data key="v_Title">Wissam Zeidan</data>
      <data key="v_hrank">3</data>
      <data key="v_numDirects">0</data>
      <data key="v_numCollegues">6</data>
      <data key="v_RecentlyModifiedCount">5</data>
      <data key="v_ModifiedTitles"> ; Portal Hosting Service ; Gomez alert troubleshooting ; SDK ; Planning ; OneNote_DeletedPages</data>
      <data key="v_TrendingTitles">unknown</data>
      <data key="v_id">148891410</data>
    </node>
    <node id="n50">
      <data key="v_Title">Nick Harris</data>
      <data key="v_hrank">3</data>
      <data key="v_numDirects">0</data>
      <data key="v_numCollegues">6</data>
      <data key="v_RecentlyModifiedCount">9</data>
      <data key="v_ModifiedTitles"> ; Core Techical Designs ; Portal Hosting Service ; Documentation ; SDK ; OneNote_DeletedPages ; PM ; Coding Guidelines ; IaaSv1 ; Planning</data>
      <data key="v_TrendingTitles">unknown</data>
      <data key="v_id">149366481</data>
    </node>
    <node id="n51">
      <data key="v_Title">Simon Paoliello</data>
      <data key="v_hrank">3</data>
      <data key="v_numDirects">0</data>
      <data key="v_numCollegues">6</data>
      <data key="v_RecentlyModifiedCount">7</data>
      <data key="v_ModifiedTitles"> ; Deployments ; Engineering ; Gomez alert troubleshooting ; Other ; Overview ; General Resources ; Identity</data>
      <data key="v_TrendingTitles">unknown</data>
      <data key="v_id">149379893</data>
    </node>
    <node id="n52">
      <data key="v_Title">Roger Wong (AUX)</data>
      <data key="v_hrank">3</data>
      <data key="v_numDirects">0</data>
      <data key="v_numCollegues">6</data>
      <data key="v_RecentlyModifiedCount">7</data>
      <data key="v_ModifiedTitles"> ; Learning Resources ; Getting Started ; Planning ; Leap Year ; Gomez alert troubleshooting ; OneNote_DeletedPages ; New Section 1</data>
      <data key="v_TrendingTitles">unknown</data>
      <data key="v_id">149391275</data>
    </node>
    <node id="n53">
      <data key="v_Title">Steven Zhao</data>
      <data key="v_hrank">3</data>
      <data key="v_numDirects">0</data>
      <data key="v_numCollegues">6</data>
      <data key="v_RecentlyModifiedCount">5</data>
      <data key="v_ModifiedTitles"> ; Getting Started ; OneNote_DeletedPages ; Coding Guidelines ; Planning ; Test</data>
      <data key="v_TrendingTitles">unknown</data>
      <data key="v_id">149435294</data>
    </node>
    <node id="n54">
      <data key="v_Title">Payel Chakraborty (Mindtree Consulting PVT LTD)</data>
      <data key="v_hrank">2</data>
      <data key="v_numDirects">0</data>
      <data key="v_numCollegues">10</data>
      <data key="v_RecentlyModifiedCount">7</data>
      <data key="v_ModifiedTitles"> ; VM Prod approval checklist ; Email Formats ; Teams and Scopes ; QA ; Multi VM tracking ; SellerRegistration ; CONFIDENTIAL-MS Internal Use Only-Guidelines For MS Internal Offer Onboarding_V3</data>
      <data key="v_TrendingTitles">unknown</data>
      <data key="v_id">83025450</data>
    </node>
    <node id="n55">
      <data key="v_Title">Tarun Singla (Mindtree)</data>
      <data key="v_hrank">2</data>
      <data key="v_numDirects">0</data>
      <data key="v_numCollegues">10</data>
      <data key="v_RecentlyModifiedCount">0</data>
      <data key="v_ModifiedTitles">unknown</data>
      <data key="v_TrendingTitles">unknown</data>
      <data key="v_id">83025649</data>
    </node>
    <node id="n56">
      <data key="v_Title">Shanny Li</data>
      <data key="v_hrank">2</data>
      <data key="v_numDirects">0</data>
      <data key="v_numCollegues">10</data>
      <data key="v_RecentlyModifiedCount">1</data>
      <data key="v_ModifiedTitles"> ; Getting Started with the ISV Co-Sell Dashboard</data>
      <data key="v_TrendingTitles">unknown</data>
      <data key="v_id">126460786</data>
    </node>
    <node id="n57">
      <data key="v_Title">Yashesvi Sharma</data>
      <data key="v_hrank">2</data>
      <data key="v_numDirects">0</data>
      <data key="v_numCollegues">10</data>
      <data key="v_RecentlyModifiedCount">2</data>
      <data key="v_ModifiedTitles"> ; SPZA app metadata ; Features</data>
      <data key="v_TrendingTitles">unknown</data>
      <data key="v_id">149304351</data>
    </node>
    <node id="n58">
      <data key="v_Title">Michelle Hlaing</data>
      <data key="v_hrank">2</data>
      <data key="v_numDirects">0</data>
      <data key="v_numCollegues">10</data>
      <data key="v_RecentlyModifiedCount">0</data>
      <data key="v_ModifiedTitles">unknown</data>
      <data key="v_TrendingTitles">unknown</data>
      <data key="v_id">149321422</data>
    </node>
    <node id="n59">
      <data key="v_Title">Vybava Ramadoss</data>
      <data key="v_hrank">2</data>
      <data key="v_numDirects">0</data>
      <data key="v_numCollegues">10</data>
      <data key="v_RecentlyModifiedCount">10</data>
      <data key="v_ModifiedTitles"> ; Marketplace ; ONE PAGER - Modern Azure Marketplace XP ; Marketplace ; Azure.com mobile ; Azure Marketplace UI - Design.pptx ; UI Issues ; Marketplace ; Marketplace Support ; AMP Get Started Wizards.pptx ; ACOM Marketplace IA</data>
      <data key="v_TrendingTitles">unknown</data>
      <data key="v_id">149360424</data>
    </node>
    <node id="n60">
      <data key="v_Title">Vidhi Mahadik (Mindtree LTD)</data>
      <data key="v_hrank">2</data>
      <data key="v_numDirects">0</data>
      <data key="v_numCollegues">10</data>
      <data key="v_RecentlyModifiedCount">2</data>
      <data key="v_ModifiedTitles"> ; DeveloperServices ; Teams and Scopes</data>
      <data key="v_TrendingTitles">unknown</data>
      <data key="v_id">17592559711590</data>
    </node>
    <node id="n61">
      <data key="v_Title">Manjula Deevi Deevi (MINDTREE LIMITED)</data>
      <data key="v_hrank">2</data>
      <data key="v_numDirects">0</data>
      <data key="v_numCollegues">10</data>
      <data key="v_RecentlyModifiedCount">0</data>
      <data key="v_ModifiedTitles">unknown</data>
      <data key="v_TrendingTitles">unknown</data>
      <data key="v_id">17592609436259</data>
    </node>
    <node id="n62">
      <data key="v_Title">Devanshi Shah (MINDTREE LIMITED)</data>
      <data key="v_hrank">2</data>
      <data key="v_numDirects">0</data>
      <data key="v_numCollegues">10</data>
      <data key="v_RecentlyModifiedCount">0</data>
      <data key="v_ModifiedTitles">unknown</data>
      <data key="v_TrendingTitles">unknown</data>
      <data key="v_id">17592612756860</data>
    </node>
    <node id="n63">
      <data key="v_Title">Tejinder Singh (AZURE)</data>
      <data key="v_hrank">2</data>
      <data key="v_numDirects">2</data>
      <data key="v_numCollegues">10</data>
      <data key="v_RecentlyModifiedCount">0</data>
      <data key="v_ModifiedTitles">unknown</data>
      <data key="v_TrendingTitles">unknown</data>
      <data key="v_id">149439842</data>
    </node>
    <node id="n64">
      <data key="v_Title">Rupesh Kumar</data>
      <data key="v_hrank">3</data>
      <data key="v_numDirects">0</data>
      <data key="v_numCollegues">2</data>
      <data key="v_RecentlyModifiedCount">6</data>
      <data key="v_ModifiedTitles"> ; VM Prod approval checklist ; Teams and Scopes ; Marketplace ; Action Items ; SPZA_PublisherAgreement ; New Publisher Support Topics_proposal</data>
      <data key="v_TrendingTitles">unknown</data>
      <data key="v_id">149326422</data>
    </node>
    <node id="n65">
      <data key="v_Title">Edison Park</data>
      <data key="v_hrank">3</data>
      <data key="v_numDirects">0</data>
      <data key="v_numCollegues">2</data>
      <data key="v_RecentlyModifiedCount">8</data>
      <data key="v_ModifiedTitles"> ; ASMP I cans collaborative doc ; Features ; ASMP design agreement summary 3_25_16 ; Marketplace ; ASMP Design ; ASMP I cans ; ASMP functional spec ; ASMP WPC MVP Checkpoint 5-3-16</data>
      <data key="v_TrendingTitles">unknown</data>
      <data key="v_id">149461573</data>
    </node>
    <node id="n66">
      <data key="v_Title">Elaine Shan</data>
      <data key="v_hrank">2</data>
      <data key="v_numDirects">0</data>
      <data key="v_numCollegues">10</data>
      <data key="v_RecentlyModifiedCount">2</data>
      <data key="v_ModifiedTitles"> ; Basics ; Getting Started</data>
      <data key="v_TrendingTitles">unknown</data>
      <data key="v_id">108979247</data>
    </node>
    <node id="n67">
      <data key="v_Title">Pallavi Taneja</data>
      <data key="v_hrank">2</data>
      <data key="v_numDirects">0</data>
      <data key="v_numCollegues">10</data>
      <data key="v_RecentlyModifiedCount">4</data>
      <data key="v_ModifiedTitles"> ; Engineering ; NET CLI ; Basics ; Engineering Infra</data>
      <data key="v_TrendingTitles">unknown</data>
      <data key="v_id">149302177</data>
    </node>
    <node id="n68">
      <data key="v_Title">Dan Perkins (POWERBI.COM)</data>
      <data key="v_hrank">2</data>
      <data key="v_numDirects">0</data>
      <data key="v_numCollegues">10</data>
      <data key="v_RecentlyModifiedCount">7</data>
      <data key="v_ModifiedTitles"> ; Development ; Engineering Infra ; Frontend big workitems ; Basics ; SPZA Work ; Getting Started ; SEO optimization</data>
      <data key="v_TrendingTitles">unknown</data>
      <data key="v_id">149333231</data>
    </node>
    <node id="n69">
      <data key="v_Title">Rishi Kapoor</data>
      <data key="v_hrank">2</data>
      <data key="v_numDirects">0</data>
      <data key="v_numCollegues">10</data>
      <data key="v_RecentlyModifiedCount">4</data>
      <data key="v_ModifiedTitles"> ; Engineering Infra ; Basics ; Development ; Architecture</data>
      <data key="v_TrendingTitles">unknown</data>
      <data key="v_id">149351129</data>
    </node>
    <node id="n70">
      <data key="v_Title">RJ Boeke</data>
      <data key="v_hrank">2</data>
      <data key="v_numDirects">0</data>
      <data key="v_numCollegues">10</data>
      <data key="v_RecentlyModifiedCount">10</data>
      <data key="v_ModifiedTitles"> ; Frontend big workitems ; Architecture ; Basics ; Effective Viewport in Layout ; Getting started ; Development ; OneNote_DeletedPages ; Code review checklist ; SEO optimization ; Control model</data>
      <data key="v_TrendingTitles">unknown</data>
      <data key="v_id">149374470</data>
    </node>
    <node id="n71">
      <data key="v_Title">Deepak Aravindakshan</data>
      <data key="v_hrank">2</data>
      <data key="v_numDirects">0</data>
      <data key="v_numCollegues">10</data>
      <data key="v_RecentlyModifiedCount">5</data>
      <data key="v_ModifiedTitles"> ; Basics ; Getting started ; SPZA app metadata ; Demo ; Frontend big workitems</data>
      <data key="v_TrendingTitles">unknown</data>
      <data key="v_id">149385577</data>
    </node>
    <node id="n72">
      <data key="v_Title">Rahul Sudhir Pandit</data>
      <data key="v_hrank">2</data>
      <data key="v_numDirects">0</data>
      <data key="v_numCollegues">10</data>
      <data key="v_RecentlyModifiedCount">6</data>
      <data key="v_ModifiedTitles"> ; Engineering Infra ; Basics ; Ev2 Documentation ; Best Practices ; Untitled Section ; WARM Onboarding Template</data>
      <data key="v_TrendingTitles">unknown</data>
      <data key="v_id">149425153</data>
    </node>
    <node id="n73">
      <data key="v_Title">Vineeth Karanam</data>
      <data key="v_hrank">2</data>
      <data key="v_numDirects">0</data>
      <data key="v_numCollegues">10</data>
      <data key="v_RecentlyModifiedCount">6</data>
      <data key="v_ModifiedTitles"> ; Basics ; Development ; Engineering Infra ; OneNote_DeletedPages ; Getting Started ; Planning</data>
      <data key="v_TrendingTitles">unknown</data>
      <data key="v_id">149454595</data>
    </node>
    <node id="n74">
      <data key="v_Title">Breck Yunits</data>
      <data key="v_hrank">2</data>
      <data key="v_numDirects">0</data>
      <data key="v_numCollegues">10</data>
      <data key="v_RecentlyModifiedCount">1</data>
      <data key="v_ModifiedTitles"> ; Basics</data>
      <data key="v_TrendingTitles">unknown</data>
      <data key="v_id">179279801</data>
    </node>
    <node id="n75">
      <data key="v_Title">Huaxia Zhao</data>
      <data key="v_hrank">2</data>
      <data key="v_numDirects">0</data>
      <data key="v_numCollegues">10</data>
      <data key="v_RecentlyModifiedCount">4</data>
      <data key="v_ModifiedTitles"> ; Basics ; Daily Live Site ; HAM Ideas ; Static Snapshot</data>
      <data key="v_TrendingTitles">unknown</data>
      <data key="v_id">287105203</data>
    </node>
    <node id="n76">
      <data key="v_Title">OUTSIDE</data>
      <data key="v_hrank">0</data>
      <data key="v_numDirects">0</data>
      <data key="v_numCollegues">0</data>
      <data key="v_RecentlyModifiedCount">0</data>
      <data key="v_ModifiedTitles">unknown</data>
      <data key="v_TrendingTitles">unknown</data>
      <data key="v_id">-100</data>
    </node>
    <edge source="n0" target="n1">
      <data key="e_weight">195</data>
    </edge>
    <edge source="n0" target="n2">
      <data key="e_weight">192</data>
    </edge>
    <edge source="n0" target="n3">
      <data key="e_weight">199</data>
    </edge>
    <edge source="n0" target="n4">
      <data key="e_weight">94</data>
    </edge>
    <edge source="n0" target="n5">
      <data key="e_weight">200</data>
    </edge>
    <edge source="n0" target="n6">
      <data key="e_weight">99</data>
    </edge>
    <edge source="n0" target="n8">
      <data key="e_weight">185</data>
    </edge>
    <edge source="n0" target="n9">
      <data key="e_weight">93</data>
    </edge>
    <edge source="n0" target="n10">
      <data key="e_weight">91</data>
    </edge>
    <edge source="n0" target="n15">
      <data key="e_weight">195</data>
    </edge>
    <edge source="n0" target="n16">
      <data key="e_weight">181</data>
    </edge>
    <edge source="n0" target="n17">
      <data key="e_weight">93</data>
    </edge>
    <edge source="n0" target="n18">
      <data key="e_weight">93</data>
    </edge>
    <edge source="n0" target="n19">
      <data key="e_weight">187</data>
    </edge>
    <edge source="n0" target="n57">
      <data key="e_weight">91</data>
    </edge>
    <edge source="n0" target="n59">
      <data key="e_weight">94</data>
    </edge>
    <edge source="n0" target="n69">
      <data key="e_weight">93</data>
    </edge>
    <edge source="n0" target="n76">
      <data key="e_weight">189</data>
    </edge>
    <edge source="n1" target="n3">
      <data key="e_weight">197</data>
    </edge>
    <edge source="n1" target="n5">
      <data key="e_weight">195</data>
    </edge>
    <edge source="n1" target="n7">
      <data key="e_weight">100</data>
    </edge>
    <edge source="n1" target="n15">
      <data key="e_weight">91</data>
    </edge>
    <edge source="n1" target="n17">
      <data key="e_weight">98</data>
    </edge>
    <edge source="n1" target="n76">
      <data key="e_weight">1410</data>
    </edge>
    <edge source="n2" target="n3">
      <data key="e_weight">190</data>
    </edge>
    <edge source="n2" target="n4">
      <data key="e_weight">98</data>
    </edge>
    <edge source="n2" target="n5">
      <data key="e_weight">92</data>
    </edge>
    <edge source="n2" target="n8">
      <data key="e_weight">200</data>
    </edge>
    <edge source="n2" target="n9">
      <data key="e_weight">199</data>
    </edge>
    <edge source="n2" target="n10">
      <data key="e_weight">193</data>
    </edge>
    <edge source="n2" target="n11">
      <data key="e_weight">100</data>
    </edge>
    <edge source="n2" target="n13">
      <data key="e_weight">100</data>
    </edge>
    <edge source="n2" target="n16">
      <data key="e_weight">194</data>
    </edge>
    <edge source="n2" target="n18">
      <data key="e_weight">96</data>
    </edge>
    <edge source="n2" target="n19">
      <data key="e_weight">190</data>
    </edge>
    <edge source="n2" target="n20">
      <data key="e_weight">97</data>
    </edge>
    <edge source="n2" target="n34">
      <data key="e_weight">94</data>
    </edge>
    <edge source="n2" target="n76">
      <data key="e_weight">273</data>
    </edge>
    <edge source="n3" target="n5">
      <data key="e_weight">196</data>
    </edge>
    <edge source="n3" target="n6">
      <data key="e_weight">98</data>
    </edge>
    <edge source="n3" target="n8">
      <data key="e_weight">91</data>
    </edge>
    <edge source="n3" target="n10">
      <data key="e_weight">94</data>
    </edge>
    <edge source="n3" target="n14">
      <data key="e_weight">96</data>
    </edge>
    <edge source="n3" target="n15">
      <data key="e_weight">198</data>
    </edge>
    <edge source="n3" target="n16">
      <data key="e_weight">188</data>
    </edge>
    <edge source="n3" target="n17">
      <data key="e_weight">189</data>
    </edge>
    <edge source="n3" target="n18">
      <data key="e_weight">184</data>
    </edge>
    <edge source="n3" target="n19">
      <data key="e_weight">183</data>
    </edge>
    <edge source="n3" target="n20">
      <data key="e_weight">95</data>
    </edge>
    <edge source="n3" target="n24">
      <data key="e_weight">91</data>
    </edge>
    <edge source="n3" target="n57">
      <data key="e_weight">93</data>
    </edge>
    <edge source="n4" target="n8">
      <data key="e_weight">188</data>
    </edge>
    <edge source="n4" target="n9">
      <data key="e_weight">190</data>
    </edge>
    <edge source="n4" target="n12">
      <data key="e_weight">95</data>
    </edge>
    <edge source="n4" target="n13">
      <data key="e_weight">94</data>
    </edge>
    <edge source="n4" target="n14">
      <data key="e_weight">188</data>
    </edge>
    <edge source="n4" target="n16">
      <data key="e_weight">96</data>
    </edge>
    <edge source="n4" target="n18">
      <data key="e_weight">94</data>
    </edge>
    <edge source="n4" target="n19">
      <data key="e_weight">187</data>
    </edge>
    <edge source="n4" target="n21">
      <data key="e_weight">92</data>
    </edge>
    <edge source="n4" target="n22">
      <data key="e_weight">93</data>
    </edge>
    <edge source="n4" target="n23">
      <data key="e_weight">90</data>
    </edge>
    <edge source="n4" target="n24">
      <data key="e_weight">199</data>
    </edge>
    <edge source="n4" target="n25">
      <data key="e_weight">95</data>
    </edge>
    <edge source="n4" target="n26">
      <data key="e_weight">94</data>
    </edge>
    <edge source="n4" target="n28">
      <data key="e_weight">91</data>
    </edge>
    <edge source="n4" target="n29">
      <data key="e_weight">95</data>
    </edge>
    <edge source="n4" target="n34">
      <data key="e_weight">99</data>
    </edge>
    <edge source="n4" target="n35">
      <data key="e_weight">98</data>
    </edge>
    <edge source="n4" target="n36">
      <data key="e_weight">89</data>
    </edge>
    <edge source="n4" target="n37">
      <data key="e_weight">99</data>
    </edge>
    <edge source="n4" target="n38">
      <data key="e_weight">94</data>
    </edge>
    <edge source="n4" target="n39">
      <data key="e_weight">92</data>
    </edge>
    <edge source="n4" target="n40">
      <data key="e_weight">99</data>
    </edge>
    <edge source="n4" target="n41">
      <data key="e_weight">92</data>
    </edge>
    <edge source="n4" target="n42">
      <data key="e_weight">97</data>
    </edge>
    <edge source="n4" target="n48">
      <data key="e_weight">98</data>
    </edge>
    <edge source="n4" target="n49">
      <data key="e_weight">91</data>
    </edge>
    <edge source="n4" target="n50">
      <data key="e_weight">187</data>
    </edge>
    <edge source="n4" target="n51">
      <data key="e_weight">191</data>
    </edge>
    <edge source="n4" target="n52">
      <data key="e_weight">90</data>
    </edge>
    <edge source="n4" target="n53">
      <data key="e_weight">97</data>
    </edge>
    <edge source="n4" target="n76">
      <data key="e_weight">768</data>
    </edge>
    <edge source="n5" target="n15">
      <data key="e_weight">186</data>
    </edge>
    <edge source="n5" target="n17">
      <data key="e_weight">92</data>
    </edge>
    <edge source="n5" target="n21">
      <data key="e_weight">93</data>
    </edge>
    <edge source="n5" target="n25">
      <data key="e_weight">89</data>
    </edge>
    <edge source="n5" target="n29">
      <data key="e_weight">91</data>
    </edge>
    <edge source="n5" target="n30">
      <data key="e_weight">89</data>
    </edge>
    <edge source="n5" target="n31">
      <data key="e_weight">95</data>
    </edge>
    <edge source="n5" target="n43">
      <data key="e_weight">89</data>
    </edge>
    <edge source="n5" target="n45">
      <data key="e_weight">90</data>
    </edge>
    <edge source="n5" target="n46">
      <data key="e_weight">92</data>
    </edge>
    <edge source="n5" target="n54">
      <data key="e_weight">98</data>
    </edge>
    <edge source="n5" target="n55">
      <data key="e_weight">97</data>
    </edge>
    <edge source="n5" target="n56">
      <data key="e_weight">100</data>
    </edge>
    <edge source="n5" target="n57">
      <data key="e_weight">198</data>
    </edge>
    <edge source="n5" target="n58">
      <data key="e_weight">100</data>
    </edge>
    <edge source="n5" target="n59">
      <data key="e_weight">199</data>
    </edge>
    <edge source="n5" target="n60">
      <data key="e_weight">93</data>
    </edge>
    <edge source="n5" target="n61">
      <data key="e_weight">96</data>
    </edge>
    <edge source="n5" target="n62">
      <data key="e_weight">92</data>
    </edge>
    <edge source="n5" target="n64">
      <data key="e_weight">100</data>
    </edge>
    <edge source="n5" target="n65">
      <data key="e_weight">99</data>
    </edge>
    <edge source="n5" target="n76">
      <data key="e_weight">744</data>
    </edge>
    <edge source="n6" target="n15">
      <data key="e_weight">97</data>
    </edge>
    <edge source="n6" target="n17">
      <data key="e_weight">99</data>
    </edge>
    <edge source="n6" target="n66">
      <data key="e_weight">100</data>
    </edge>
    <edge source="n6" target="n67">
      <data key="e_weight">98</data>
    </edge>
    <edge source="n6" target="n68">
      <data key="e_weight">193</data>
    </edge>
    <edge source="n6" target="n69">
      <data key="e_weight">100</data>
    </edge>
    <edge source="n6" target="n70">
      <data key="e_weight">191</data>
    </edge>
    <edge source="n6" target="n71">
      <data key="e_weight">98</data>
    </edge>
    <edge source="n6" target="n72">
      <data key="e_weight">197</data>
    </edge>
    <edge source="n6" target="n73">
      <data key="e_weight">198</data>
    </edge>
    <edge source="n6" target="n74">
      <data key="e_weight">100</data>
    </edge>
    <edge source="n6" target="n75">
      <data key="e_weight">98</data>
    </edge>
    <edge source="n6" target="n76">
      <data key="e_weight">556</data>
    </edge>
    <edge source="n7" target="n76">
      <data key="e_weight">1322</data>
    </edge>
    <edge source="n8" target="n9">
      <data key="e_weight">194</data>
    </edge>
    <edge source="n8" target="n10">
      <data key="e_weight">96</data>
    </edge>
    <edge source="n8" target="n11">
      <data key="e_weight">99</data>
    </edge>
    <edge source="n8" target="n13">
      <data key="e_weight">99</data>
    </edge>
    <edge source="n8" target="n14">
      <data key="e_weight">196</data>
    </edge>
    <edge source="n8" target="n16">
      <data key="e_weight">194</data>
    </edge>
    <edge source="n8" target="n18">
      <data key="e_weight">197</data>
    </edge>
    <edge source="n8" target="n19">
      <data key="e_weight">99</data>
    </edge>
    <edge source="n8" target="n20">
      <data key="e_weight">99</data>
    </edge>
    <edge source="n8" target="n23">
      <data key="e_weight">186</data>
    </edge>
    <edge source="n8" target="n26">
      <data key="e_weight">96</data>
    </edge>
    <edge source="n8" target="n34">
      <data key="e_weight">98</data>
    </edge>
    <edge source="n8" target="n35">
      <data key="e_weight">95</data>
    </edge>
    <edge source="n8" target="n36">
      <data key="e_weight">99</data>
    </edge>
    <edge source="n8" target="n37">
      <data key="e_weight">96</data>
    </edge>
    <edge source="n8" target="n50">
      <data key="e_weight">98</data>
    </edge>
    <edge source="n8" target="n51">
      <data key="e_weight">93</data>
    </edge>
    <edge source="n8" target="n76">
      <data key="e_weight">276</data>
    </edge>
    <edge source="n9" target="n11">
      <data key="e_weight">97</data>
    </edge>
    <edge source="n9" target="n12">
      <data key="e_weight">100</data>
    </edge>
    <edge source="n9" target="n13">
      <data key="e_weight">193</data>
    </edge>
    <edge source="n9" target="n16">
      <data key="e_weight">95</data>
    </edge>
    <edge source="n9" target="n18">
      <data key="e_weight">92</data>
    </edge>
    <edge source="n9" target="n19">
      <data key="e_weight">94</data>
    </edge>
    <edge source="n9" target="n22">
      <data key="e_weight">99</data>
    </edge>
    <edge source="n9" target="n76">
      <data key="e_weight">470</data>
    </edge>
    <edge source="n10" target="n13">
      <data key="e_weight">95</data>
    </edge>
    <edge source="n10" target="n14">
      <data key="e_weight">93</data>
    </edge>
    <edge source="n10" target="n18">
      <data key="e_weight">100</data>
    </edge>
    <edge source="n10" target="n26">
      <data key="e_weight">98</data>
    </edge>
    <edge source="n10" target="n76">
      <data key="e_weight">286</data>
    </edge>
    <edge source="n11" target="n14">
      <data key="e_weight">92</data>
    </edge>
    <edge source="n11" target="n18">
      <data key="e_weight">93</data>
    </edge>
    <edge source="n11" target="n19">
      <data key="e_weight">91</data>
    </edge>
    <edge source="n11" target="n20">
      <data key="e_weight">94</data>
    </edge>
    <edge source="n11" target="n76">
      <data key="e_weight">578</data>
    </edge>
    <edge source="n12" target="n13">
      <data key="e_weight">96</data>
    </edge>
    <edge source="n12" target="n26">
      <data key="e_weight">98</data>
    </edge>
    <edge source="n12" target="n50">
      <data key="e_weight">99</data>
    </edge>
    <edge source="n12" target="n52">
      <data key="e_weight">93</data>
    </edge>
    <edge source="n12" target="n76">
      <data key="e_weight">746</data>
    </edge>
    <edge source="n13" target="n16">
      <data key="e_weight">92</data>
    </edge>
    <edge source="n13" target="n18">
      <data key="e_weight">97</data>
    </edge>
    <edge source="n13" target="n20">
      <data key="e_weight">94</data>
    </edge>
    <edge source="n13" target="n24">
      <data key="e_weight">93</data>
    </edge>
    <edge source="n13" target="n76">
      <data key="e_weight">570</data>
    </edge>
    <edge source="n14" target="n16">
      <data key="e_weight">94</data>
    </edge>
    <edge source="n14" target="n18">
      <data key="e_weight">193</data>
    </edge>
    <edge source="n14" target="n19">
      <data key="e_weight">96</data>
    </edge>
    <edge source="n14" target="n24">
      <data key="e_weight">197</data>
    </edge>
    <edge source="n14" target="n26">
      <data key="e_weight">98</data>
    </edge>
    <edge source="n14" target="n39">
      <data key="e_weight">191</data>
    </edge>
    <edge source="n14" target="n42">
      <data key="e_weight">94</data>
    </edge>
    <edge source="n14" target="n50">
      <data key="e_weight">189</data>
    </edge>
    <edge source="n14" target="n51">
      <data key="e_weight">192</data>
    </edge>
    <edge source="n14" target="n76">
      <data key="e_weight">370</data>
    </edge>
    <edge source="n15" target="n17">
      <data key="e_weight">199</data>
    </edge>
    <edge source="n15" target="n57">
      <data key="e_weight">195</data>
    </edge>
    <edge source="n15" target="n68">
      <data key="e_weight">190</data>
    </edge>
    <edge source="n15" target="n75">
      <data key="e_weight">189</data>
    </edge>
    <edge source="n15" target="n76">
      <data key="e_weight">186</data>
    </edge>
    <edge source="n16" target="n18">
      <data key="e_weight">200</data>
    </edge>
    <edge source="n16" target="n19">
      <data key="e_weight">192</data>
    </edge>
    <edge source="n16" target="n20">
      <data key="e_weight">191</data>
    </edge>
    <edge source="n16" target="n22">
      <data key="e_weight">97</data>
    </edge>
    <edge source="n17" target="n57">
      <data key="e_weight">91</data>
    </edge>
    <edge source="n17" target="n75">
      <data key="e_weight">89</data>
    </edge>
    <edge source="n17" target="n76">
      <data key="e_weight">570</data>
    </edge>
    <edge source="n18" target="n19">
      <data key="e_weight">189</data>
    </edge>
    <edge source="n18" target="n20">
      <data key="e_weight">92</data>
    </edge>
    <edge source="n18" target="n24">
      <data key="e_weight">97</data>
    </edge>
    <edge source="n18" target="n26">
      <data key="e_weight">97</data>
    </edge>
    <edge source="n18" target="n34">
      <data key="e_weight">95</data>
    </edge>
    <edge source="n18" target="n37">
      <data key="e_weight">97</data>
    </edge>
    <edge source="n18" target="n38">
      <data key="e_weight">86</data>
    </edge>
    <edge source="n18" target="n39">
      <data key="e_weight">95</data>
    </edge>
    <edge source="n18" target="n50">
      <data key="e_weight">188</data>
    </edge>
    <edge source="n19" target="n20">
      <data key="e_weight">96</data>
    </edge>
    <edge source="n19" target="n24">
      <data key="e_weight">190</data>
    </edge>
    <edge source="n19" target="n40">
      <data key="e_weight">186</data>
    </edge>
    <edge source="n19" target="n41">
      <data key="e_weight">91</data>
    </edge>
    <edge source="n19" target="n42">
      <data key="e_weight">90</data>
    </edge>
    <edge source="n19" target="n76">
      <data key="e_weight">186</data>
    </edge>
    <edge source="n20" target="n76">
      <data key="e_weight">564</data>
    </edge>
    <edge source="n21" target="n25">
      <data key="e_weight">196</data>
    </edge>
    <edge source="n21" target="n27">
      <data key="e_weight">198</data>
    </edge>
    <edge source="n21" target="n28">
      <data key="e_weight">187</data>
    </edge>
    <edge source="n21" target="n29">
      <data key="e_weight">193</data>
    </edge>
    <edge source="n21" target="n30">
      <data key="e_weight">100</data>
    </edge>
    <edge source="n21" target="n31">
      <data key="e_weight">193</data>
    </edge>
    <edge source="n21" target="n32">
      <data key="e_weight">99</data>
    </edge>
    <edge source="n21" target="n33">
      <data key="e_weight">96</data>
    </edge>
    <edge source="n21" target="n43">
      <data key="e_weight">197</data>
    </edge>
    <edge source="n21" target="n44">
      <data key="e_weight">197</data>
    </edge>
    <edge source="n21" target="n45">
      <data key="e_weight">93</data>
    </edge>
    <edge source="n21" target="n46">
      <data key="e_weight">100</data>
    </edge>
    <edge source="n21" target="n47">
      <data key="e_weight">96</data>
    </edge>
    <edge source="n21" target="n56">
      <data key="e_weight">95</data>
    </edge>
    <edge source="n21" target="n57">
      <data key="e_weight">92</data>
    </edge>
    <edge source="n21" target="n58">
      <data key="e_weight">94</data>
    </edge>
    <edge source="n21" target="n59">
      <data key="e_weight">98</data>
    </edge>
    <edge source="n21" target="n64">
      <data key="e_weight">191</data>
    </edge>
    <edge source="n21" target="n65">
      <data key="e_weight">90</data>
    </edge>
    <edge source="n21" target="n76">
      <data key="e_weight">91</data>
    </edge>
    <edge source="n22" target="n23">
      <data key="e_weight">98</data>
    </edge>
    <edge source="n22" target="n26">
      <data key="e_weight">91</data>
    </edge>
    <edge source="n22" target="n34">
      <data key="e_weight">96</data>
    </edge>
    <edge source="n22" target="n37">
      <data key="e_weight">90</data>
    </edge>
    <edge source="n22" target="n39">
      <data key="e_weight">90</data>
    </edge>
    <edge source="n22" target="n48">
      <data key="e_weight">190</data>
    </edge>
    <edge source="n22" target="n50">
      <data key="e_weight">100</data>
    </edge>
    <edge source="n22" target="n76">
      <data key="e_weight">562</data>
    </edge>
    <edge source="n23" target="n27">
      <data key="e_weight">91</data>
    </edge>
    <edge source="n23" target="n34">
      <data key="e_weight">200</data>
    </edge>
    <edge source="n23" target="n35">
      <data key="e_weight">197</data>
    </edge>
    <edge source="n23" target="n36">
      <data key="e_weight">94</data>
    </edge>
    <edge source="n23" target="n37">
      <data key="e_weight">182</data>
    </edge>
    <edge source="n23" target="n38">
      <data key="e_weight">99</data>
    </edge>
    <edge source="n23" target="n48">
      <data key="e_weight">92</data>
    </edge>
    <edge source="n23" target="n49">
      <data key="e_weight">186</data>
    </edge>
    <edge source="n23" target="n50">
      <data key="e_weight">92</data>
    </edge>
    <edge source="n23" target="n51">
      <data key="e_weight">91</data>
    </edge>
    <edge source="n23" target="n52">
      <data key="e_weight">181</data>
    </edge>
    <edge source="n23" target="n76">
      <data key="e_weight">384</data>
    </edge>
    <edge source="n24" target="n26">
      <data key="e_weight">93</data>
    </edge>
    <edge source="n24" target="n39">
      <data key="e_weight">196</data>
    </edge>
    <edge source="n24" target="n40">
      <data key="e_weight">198</data>
    </edge>
    <edge source="n24" target="n41">
      <data key="e_weight">194</data>
    </edge>
    <edge source="n24" target="n42">
      <data key="e_weight">192</data>
    </edge>
    <edge source="n24" target="n44">
      <data key="e_weight">92</data>
    </edge>
    <edge source="n24" target="n48">
      <data key="e_weight">93</data>
    </edge>
    <edge source="n24" target="n76">
      <data key="e_weight">463</data>
    </edge>
    <edge source="n25" target="n27">
      <data key="e_weight">184</data>
    </edge>
    <edge source="n25" target="n28">
      <data key="e_weight">183</data>
    </edge>
    <edge source="n25" target="n29">
      <data key="e_weight">96</data>
    </edge>
    <edge source="n25" target="n30">
      <data key="e_weight">90</data>
    </edge>
    <edge source="n25" target="n31">
      <data key="e_weight">188</data>
    </edge>
    <edge source="n25" target="n32">
      <data key="e_weight">98</data>
    </edge>
    <edge source="n25" target="n33">
      <data key="e_weight">90</data>
    </edge>
    <edge source="n25" target="n43">
      <data key="e_weight">94</data>
    </edge>
    <edge source="n25" target="n44">
      <data key="e_weight">190</data>
    </edge>
    <edge source="n25" target="n45">
      <data key="e_weight">97</data>
    </edge>
    <edge source="n25" target="n46">
      <data key="e_weight">198</data>
    </edge>
    <edge source="n25" target="n47">
      <data key="e_weight">197</data>
    </edge>
    <edge source="n25" target="n56">
      <data key="e_weight">92</data>
    </edge>
    <edge source="n25" target="n58">
      <data key="e_weight">90</data>
    </edge>
    <edge source="n25" target="n76">
      <data key="e_weight">196</data>
    </edge>
    <edge source="n26" target="n39">
      <data key="e_weight">93</data>
    </edge>
    <edge source="n26" target="n48">
      <data key="e_weight">190</data>
    </edge>
    <edge source="n26" target="n49">
      <data key="e_weight">193</data>
    </edge>
    <edge source="n26" target="n50">
      <data key="e_weight">184</data>
    </edge>
    <edge source="n26" target="n51">
      <data key="e_weight">190</data>
    </edge>
    <edge source="n26" target="n52">
      <data key="e_weight">89</data>
    </edge>
    <edge source="n26" target="n53">
      <data key="e_weight">92</data>
    </edge>
    <edge source="n26" target="n76">
      <data key="e_weight">190</data>
    </edge>
    <edge source="n27" target="n28">
      <data key="e_weight">193</data>
    </edge>
    <edge source="n27" target="n29">
      <data key="e_weight">196</data>
    </edge>
    <edge source="n27" target="n30">
      <data key="e_weight">192</data>
    </edge>
    <edge source="n27" target="n31">
      <data key="e_weight">196</data>
    </edge>
    <edge source="n27" target="n32">
      <data key="e_weight">199</data>
    </edge>
    <edge source="n27" target="n33">
      <data key="e_weight">200</data>
    </edge>
    <edge source="n27" target="n42">
      <data key="e_weight">92</data>
    </edge>
    <edge source="n27" target="n47">
      <data key="e_weight">92</data>
    </edge>
    <edge source="n27" target="n57">
      <data key="e_weight">94</data>
    </edge>
    <edge source="n28" target="n29">
      <data key="e_weight">200</data>
    </edge>
    <edge source="n28" target="n30">
      <data key="e_weight">186</data>
    </edge>
    <edge source="n28" target="n31">
      <data key="e_weight">192</data>
    </edge>
    <edge source="n28" target="n32">
      <data key="e_weight">92</data>
    </edge>
    <edge source="n28" target="n43">
      <data key="e_weight">94</data>
    </edge>
    <edge source="n28" target="n44">
      <data key="e_weight">182</data>
    </edge>
    <edge source="n28" target="n59">
      <data key="e_weight">92</data>
    </edge>
    <edge source="n29" target="n30">
      <data key="e_weight">189</data>
    </edge>
    <edge source="n29" target="n31">
      <data key="e_weight">195</data>
    </edge>
    <edge source="n29" target="n33">
      <data key="e_weight">92</data>
    </edge>
    <edge source="n29" target="n34">
      <data key="e_weight">92</data>
    </edge>
    <edge source="n29" target="n59">
      <data key="e_weight">184</data>
    </edge>
    <edge source="n30" target="n31">
      <data key="e_weight">185</data>
    </edge>
    <edge source="n30" target="n32">
      <data key="e_weight">187</data>
    </edge>
    <edge source="n30" target="n33">
      <data key="e_weight">99</data>
    </edge>
    <edge source="n30" target="n43">
      <data key="e_weight">96</data>
    </edge>
    <edge source="n30" target="n45">
      <data key="e_weight">89</data>
    </edge>
    <edge source="n30" target="n47">
      <data key="e_weight">95</data>
    </edge>
    <edge source="n30" target="n59">
      <data key="e_weight">97</data>
    </edge>
    <edge source="n31" target="n32">
      <data key="e_weight">97</data>
    </edge>
    <edge source="n31" target="n33">
      <data key="e_weight">91</data>
    </edge>
    <edge source="n31" target="n44">
      <data key="e_weight">91</data>
    </edge>
    <edge source="n31" target="n56">
      <data key="e_weight">96</data>
    </edge>
    <edge source="n31" target="n59">
      <data key="e_weight">94</data>
    </edge>
    <edge source="n31" target="n76">
      <data key="e_weight">184</data>
    </edge>
    <edge source="n32" target="n33">
      <data key="e_weight">190</data>
    </edge>
    <edge source="n32" target="n44">
      <data key="e_weight">91</data>
    </edge>
    <edge source="n32" target="n59">
      <data key="e_weight">90</data>
    </edge>
    <edge source="n32" target="n64">
      <data key="e_weight">94</data>
    </edge>
    <edge source="n33" target="n44">
      <data key="e_weight">89</data>
    </edge>
    <edge source="n33" target="n64">
      <data key="e_weight">97</data>
    </edge>
    <edge source="n33" target="n76">
      <data key="e_weight">196</data>
    </edge>
    <edge source="n34" target="n35">
      <data key="e_weight">191</data>
    </edge>
    <edge source="n34" target="n36">
      <data key="e_weight">100</data>
    </edge>
    <edge source="n34" target="n37">
      <data key="e_weight">193</data>
    </edge>
    <edge source="n34" target="n38">
      <data key="e_weight">100</data>
    </edge>
    <edge source="n34" target="n48">
      <data key="e_weight">91</data>
    </edge>
    <edge source="n34" target="n76">
      <data key="e_weight">194</data>
    </edge>
    <edge source="n35" target="n36">
      <data key="e_weight">93</data>
    </edge>
    <edge source="n35" target="n37">
      <data key="e_weight">90</data>
    </edge>
    <edge source="n35" target="n38">
      <data key="e_weight">91</data>
    </edge>
    <edge source="n35" target="n50">
      <data key="e_weight">88</data>
    </edge>
    <edge source="n35" target="n76">
      <data key="e_weight">750</data>
    </edge>
    <edge source="n36" target="n37">
      <data key="e_weight">91</data>
    </edge>
    <edge source="n36" target="n52">
      <data key="e_weight">95</data>
    </edge>
    <edge source="n36" target="n76">
      <data key="e_weight">582</data>
    </edge>
    <edge source="n37" target="n38">
      <data key="e_weight">189</data>
    </edge>
    <edge source="n37" target="n42">
      <data key="e_weight">184</data>
    </edge>
    <edge source="n37" target="n50">
      <data key="e_weight">98</data>
    </edge>
    <edge source="n37" target="n76">
      <data key="e_weight">370</data>
    </edge>
    <edge source="n38" target="n42">
      <data key="e_weight">95</data>
    </edge>
    <edge source="n38" target="n76">
      <data key="e_weight">556</data>
    </edge>
    <edge source="n39" target="n40">
      <data key="e_weight">198</data>
    </edge>
    <edge source="n39" target="n41">
      <data key="e_weight">98</data>
    </edge>
    <edge source="n39" target="n42">
      <data key="e_weight">194</data>
    </edge>
    <edge source="n39" target="n44">
      <data key="e_weight">94</data>
    </edge>
    <edge source="n39" target="n49">
      <data key="e_weight">187</data>
    </edge>
    <edge source="n39" target="n50">
      <data key="e_weight">95</data>
    </edge>
    <edge source="n39" target="n51">
      <data key="e_weight">89</data>
    </edge>
    <edge source="n39" target="n53">
      <data key="e_weight">93</data>
    </edge>
    <edge source="n39" target="n76">
      <data key="e_weight">374</data>
    </edge>
    <edge source="n40" target="n41">
      <data key="e_weight">193</data>
    </edge>
    <edge source="n40" target="n42">
      <data key="e_weight">194</data>
    </edge>
    <edge source="n40" target="n49">
      <data key="e_weight">88</data>
    </edge>
    <edge source="n40" target="n51">
      <data key="e_weight">180</data>
    </edge>
    <edge source="n40" target="n52">
      <data key="e_weight">87</data>
    </edge>
    <edge source="n40" target="n76">
      <data key="e_weight">194</data>
    </edge>
    <edge source="n41" target="n42">
      <data key="e_weight">94</data>
    </edge>
    <edge source="n41" target="n48">
      <data key="e_weight">93</data>
    </edge>
    <edge source="n41" target="n52">
      <data key="e_weight">97</data>
    </edge>
    <edge source="n41" target="n76">
      <data key="e_weight">472</data>
    </edge>
    <edge source="n42" target="n48">
      <data key="e_weight">93</data>
    </edge>
    <edge source="n42" target="n76">
      <data key="e_weight">473</data>
    </edge>
    <edge source="n43" target="n44">
      <data key="e_weight">200</data>
    </edge>
    <edge source="n43" target="n45">
      <data key="e_weight">90</data>
    </edge>
    <edge source="n43" target="n46">
      <data key="e_weight">93</data>
    </edge>
    <edge source="n43" target="n47">
      <data key="e_weight">190</data>
    </edge>
    <edge source="n43" target="n64">
      <data key="e_weight">193</data>
    </edge>
    <edge source="n43" target="n76">
      <data key="e_weight">388</data>
    </edge>
    <edge source="n44" target="n45">
      <data key="e_weight">94</data>
    </edge>
    <edge source="n44" target="n46">
      <data key="e_weight">93</data>
    </edge>
    <edge source="n44" target="n47">
      <data key="e_weight">97</data>
    </edge>
    <edge source="n44" target="n56">
      <data key="e_weight">88</data>
    </edge>
    <edge source="n44" target="n64">
      <data key="e_weight">191</data>
    </edge>
    <edge source="n45" target="n46">
      <data key="e_weight">195</data>
    </edge>
    <edge source="n45" target="n47">
      <data key="e_weight">194</data>
    </edge>
    <edge source="n45" target="n59">
      <data key="e_weight">88</data>
    </edge>
    <edge source="n45" target="n76">
      <data key="e_weight">378</data>
    </edge>
    <edge source="n46" target="n47">
      <data key="e_weight">190</data>
    </edge>
    <edge source="n46" target="n56">
      <data key="e_weight">182</data>
    </edge>
    <edge source="n46" target="n59">
      <data key="e_weight">91</data>
    </edge>
    <edge source="n46" target="n76">
      <data key="e_weight">566</data>
    </edge>
    <edge source="n47" target="n56">
      <data key="e_weight">89</data>
    </edge>
    <edge source="n47" target="n59">
      <data key="e_weight">88</data>
    </edge>
    <edge source="n48" target="n49">
      <data key="e_weight">197</data>
    </edge>
    <edge source="n48" target="n50">
      <data key="e_weight">193</data>
    </edge>
    <edge source="n48" target="n51">
      <data key="e_weight">94</data>
    </edge>
    <edge source="n48" target="n52">
      <data key="e_weight">96</data>
    </edge>
    <edge source="n48" target="n53">
      <data key="e_weight">100</data>
    </edge>
    <edge source="n48" target="n76">
      <data key="e_weight">576</data>
    </edge>
    <edge source="n49" target="n50">
      <data key="e_weight">199</data>
    </edge>
    <edge source="n49" target="n51">
      <data key="e_weight">195</data>
    </edge>
    <edge source="n49" target="n52">
      <data key="e_weight">198</data>
    </edge>
    <edge source="n49" target="n53">
      <data key="e_weight">91</data>
    </edge>
    <edge source="n49" target="n76">
      <data key="e_weight">372</data>
    </edge>
    <edge source="n50" target="n52">
      <data key="e_weight">190</data>
    </edge>
    <edge source="n50" target="n53">
      <data key="e_weight">99</data>
    </edge>
    <edge source="n50" target="n76">
      <data key="e_weight">295</data>
    </edge>
    <edge source="n51" target="n52">
      <data key="e_weight">198</data>
    </edge>
    <edge source="n51" target="n76">
      <data key="e_weight">290</data>
    </edge>
    <edge source="n52" target="n53">
      <data key="e_weight">98</data>
    </edge>
    <edge source="n52" target="n76">
      <data key="e_weight">570</data>
    </edge>
    <edge source="n53" target="n76">
      <data key="e_weight">570</data>
    </edge>
    <edge source="n54" target="n55">
      <data key="e_weight">196</data>
    </edge>
    <edge source="n54" target="n56">
      <data key="e_weight">95</data>
    </edge>
    <edge source="n54" target="n57">
      <data key="e_weight">96</data>
    </edge>
    <edge source="n54" target="n58">
      <data key="e_weight">184</data>
    </edge>
    <edge source="n54" target="n59">
      <data key="e_weight">94</data>
    </edge>
    <edge source="n54" target="n60">
      <data key="e_weight">98</data>
    </edge>
    <edge source="n54" target="n61">
      <data key="e_weight">190</data>
    </edge>
    <edge source="n54" target="n62">
      <data key="e_weight">188</data>
    </edge>
    <edge source="n54" target="n76">
      <data key="e_weight">380</data>
    </edge>
    <edge source="n55" target="n56">
      <data key="e_weight">199</data>
    </edge>
    <edge source="n55" target="n57">
      <data key="e_weight">96</data>
    </edge>
    <edge source="n55" target="n58">
      <data key="e_weight">190</data>
    </edge>
    <edge source="n55" target="n59">
      <data key="e_weight">190</data>
    </edge>
    <edge source="n55" target="n60">
      <data key="e_weight">95</data>
    </edge>
    <edge source="n55" target="n61">
      <data key="e_weight">189</data>
    </edge>
    <edge source="n55" target="n62">
      <data key="e_weight">187</data>
    </edge>
    <edge source="n55" target="n76">
      <data key="e_weight">368</data>
    </edge>
    <edge source="n56" target="n57">
      <data key="e_weight">94</data>
    </edge>
    <edge source="n56" target="n58">
      <data key="e_weight">195</data>
    </edge>
    <edge source="n56" target="n59">
      <data key="e_weight">194</data>
    </edge>
    <edge source="n56" target="n60">
      <data key="e_weight">92</data>
    </edge>
    <edge source="n56" target="n61">
      <data key="e_weight">95</data>
    </edge>
    <edge source="n56" target="n62">
      <data key="e_weight">93</data>
    </edge>
    <edge source="n56" target="n64">
      <data key="e_weight">96</data>
    </edge>
    <edge source="n56" target="n76">
      <data key="e_weight">182</data>
    </edge>
    <edge source="n57" target="n58">
      <data key="e_weight">194</data>
    </edge>
    <edge source="n57" target="n59">
      <data key="e_weight">191</data>
    </edge>
    <edge source="n57" target="n60">
      <data key="e_weight">94</data>
    </edge>
    <edge source="n57" target="n61">
      <data key="e_weight">94</data>
    </edge>
    <edge source="n57" target="n62">
      <data key="e_weight">91</data>
    </edge>
    <edge source="n57" target="n71">
      <data key="e_weight">97</data>
    </edge>
    <edge source="n57" target="n76">
      <data key="e_weight">382</data>
    </edge>
    <edge source="n58" target="n59">
      <data key="e_weight">194</data>
    </edge>
    <edge source="n58" target="n60">
      <data key="e_weight">91</data>
    </edge>
    <edge source="n58" target="n61">
      <data key="e_weight">93</data>
    </edge>
    <edge source="n58" target="n62">
      <data key="e_weight">94</data>
    </edge>
    <edge source="n58" target="n64">
      <data key="e_weight">96</data>
    </edge>
    <edge source="n58" target="n65">
      <data key="e_weight">92</data>
    </edge>
    <edge source="n59" target="n61">
      <data key="e_weight">92</data>
    </edge>
    <edge source="n59" target="n62">
      <data key="e_weight">95</data>
    </edge>
    <edge source="n59" target="n64">
      <data key="e_weight">195</data>
    </edge>
    <edge source="n59" target="n65">
      <data key="e_weight">92</data>
    </edge>
    <edge source="n59" target="n76">
      <data key="e_weight">198</data>
    </edge>
    <edge source="n60" target="n61">
      <data key="e_weight">100</data>
    </edge>
    <edge source="n60" target="n62">
      <data key="e_weight">100</data>
    </edge>
    <edge source="n60" target="n76">
      <data key="e_weight">976</data>
    </edge>
    <edge source="n61" target="n62">
      <data key="e_weight">189</data>
    </edge>
    <edge source="n61" target="n76">
      <data key="e_weight">269</data>
    </edge>
    <edge source="n62" target="n76">
      <data key="e_weight">267</data>
    </edge>
    <edge source="n64" target="n65">
      <data key="e_weight">92</data>
    </edge>
    <edge source="n64" target="n76">
      <data key="e_weight">764</data>
    </edge>
    <edge source="n65" target="n76">
      <data key="e_weight">1332</data>
    </edge>
    <edge source="n66" target="n68">
      <data key="e_weight">198</data>
    </edge>
    <edge source="n66" target="n69">
      <data key="e_weight">91</data>
    </edge>
    <edge source="n66" target="n70">
      <data key="e_weight">187</data>
    </edge>
    <edge source="n66" target="n72">
      <data key="e_weight">90</data>
    </edge>
    <edge source="n66" target="n73">
      <data key="e_weight">193</data>
    </edge>
    <edge source="n66" target="n75">
      <data key="e_weight">94</data>
    </edge>
    <edge source="n66" target="n76">
      <data key="e_weight">580</data>
    </edge>
    <edge source="n67" target="n73">
      <data key="e_weight">94</data>
    </edge>
    <edge source="n67" target="n74">
      <data key="e_weight">97</data>
    </edge>
    <edge source="n67" target="n75">
      <data key="e_weight">90</data>
    </edge>
    <edge source="n67" target="n76">
      <data key="e_weight">1690</data>
    </edge>
    <edge source="n68" target="n69">
      <data key="e_weight">91</data>
    </edge>
    <edge source="n68" target="n70">
      <data key="e_weight">92</data>
    </edge>
    <edge source="n68" target="n71">
      <data key="e_weight">93</data>
    </edge>
    <edge source="n68" target="n72">
      <data key="e_weight">197</data>
    </edge>
    <edge source="n68" target="n73">
      <data key="e_weight">193</data>
    </edge>
    <edge source="n68" target="n74">
      <data key="e_weight">187</data>
    </edge>
    <edge source="n68" target="n75">
      <data key="e_weight">190</data>
    </edge>
    <edge source="n69" target="n72">
      <data key="e_weight">198</data>
    </edge>
    <edge source="n69" target="n73">
      <data key="e_weight">194</data>
    </edge>
    <edge source="n69" target="n74">
      <data key="e_weight">94</data>
    </edge>
    <edge source="n69" target="n75">
      <data key="e_weight">93</data>
    </edge>
    <edge source="n69" target="n76">
      <data key="e_weight">753</data>
    </edge>
    <edge source="n70" target="n72">
      <data key="e_weight">96</data>
    </edge>
    <edge source="n70" target="n74">
      <data key="e_weight">91</data>
    </edge>
    <edge source="n70" target="n75">
      <data key="e_weight">95</data>
    </edge>
    <edge source="n70" target="n76">
      <data key="e_weight">1500</data>
    </edge>
    <edge source="n71" target="n74">
      <data key="e_weight">90</data>
    </edge>
    <edge source="n71" target="n76">
      <data key="e_weight">1520</data>
    </edge>
    <edge source="n72" target="n73">
      <data key="e_weight">195</data>
    </edge>
    <edge source="n72" target="n74">
      <data key="e_weight">93</data>
    </edge>
    <edge source="n72" target="n75">
      <data key="e_weight">191</data>
    </edge>
    <edge source="n72" target="n76">
      <data key="e_weight">732</data>
    </edge>
    <edge source="n73" target="n74">
      <data key="e_weight">99</data>
    </edge>
    <edge source="n73" target="n76">
      <data key="e_weight">646</data>
    </edge>
    <edge source="n74" target="n75">
      <data key="e_weight">96</data>
    </edge>
    <edge source="n74" target="n76">
      <data key="e_weight">190</data>
    </edge>
    <edge source="n75" target="n76">
      <data key="e_weight">372</data>
    </edge>
  </graph>
</graphml>
