<?xml version="1.0" encoding="UTF-8"?>
<graphml xmlns="http://graphml.graphdrawing.org/xmlns"
         xmlns:xsi="http://www.w3.org/2001/XMLSchema-instance"
         xsi:schemaLocation="http://graphml.graphdrawing.org/xmlns
         http://graphml.graphdrawing.org/xmlns/1.0/graphml.xsd">
<!-- Created by igraph -->
  <key id="v_Title" for="node" attr.name="Title" attr.type="string"/>
  <key id="v_hrank" for="node" attr.name="hrank" attr.type="double"/>
  <key id="v_numDirects" for="node" attr.name="numDirects" attr.type="double"/>
  <key id="v_numCollegues" for="node" attr.name="numCollegues" attr.type="double"/>
  <key id="v_id" for="node" attr.name="id" attr.type="string"/>
  <key id="e_weight" for="edge" attr.name="weight" attr.type="double"/>
  <graph id="G" edgedefault="directed">
    <node id="n0">
      <data key="v_Title">PUM</data>
      <data key="v_hrank">0</data>
      <data key="v_numDirects">10</data>
      <data key="v_numCollegues">0</data>
      <data key="v_id">149396250</data>
    </node>
    <node id="n1">
      <data key="v_Title">EM1</data>
      <data key="v_hrank">1</data>
      <data key="v_numDirects">0</data>
      <data key="v_numCollegues">10</data>
      <data key="v_id">41753016</data>
    </node>
    <node id="n2">
      <data key="v_Title">EM2</data>
      <data key="v_hrank">1</data>
      <data key="v_numDirects">0</data>
      <data key="v_numCollegues">10</data>
      <data key="v_id">105611773</data>
    </node>
    <node id="n3">
      <data key="v_Title">EM3</data>
      <data key="v_hrank">1</data>
      <data key="v_numDirects">5</data>
      <data key="v_numCollegues">10</data>
      <data key="v_id">149305457</data>
    </node>
    <node id="n4">
      <data key="v_Title">EM4</data>
      <data key="v_hrank">1</data>
      <data key="v_numDirects">8</data>
      <data key="v_numCollegues">10</data>
      <data key="v_id">149343873</data>
    </node>
    <node id="n5">
      <data key="v_Title">EM5</data>
      <data key="v_hrank">1</data>
      <data key="v_numDirects">0</data>
      <data key="v_numCollegues">10</data>
      <data key="v_id">149371614</data>
    </node>
    <node id="n6">
      <data key="v_Title">ARCHI</data>
      <data key="v_hrank">1</data>
      <data key="v_numDirects">0</data>
      <data key="v_numCollegues">10</data>
      <data key="v_id">149405896</data>
    </node>
    <node id="n7">
      <data key="v_Title">EM7</data>
      <data key="v_hrank">1</data>
      <data key="v_numDirects">0</data>
      <data key="v_numCollegues">10</data>
      <data key="v_id">149420218</data>
    </node>
    <node id="n8">
      <data key="v_Title">GPM</data>
      <data key="v_hrank">1</data>
      <data key="v_numDirects">0</data>
      <data key="v_numCollegues">10</data>
      <data key="v_id">149422381</data>
    </node>
    <node id="n9">
      <data key="v_Title">DEV1</data>
      <data key="v_hrank">1</data>
      <data key="v_numDirects">8</data>
      <data key="v_numCollegues">10</data>
      <data key="v_id">149471825</data>
    </node>
    <node id="n10">
      <data key="v_Title">DEV2</data>
      <data key="v_hrank">1</data>
      <data key="v_numDirects">0</data>
      <data key="v_numCollegues">10</data>
      <data key="v_id">203120894</data>
    </node>
    <node id="n11">
      <data key="v_Title">DEV3</data>
      <data key="v_hrank">2</data>
      <data key="v_numDirects">0</data>
      <data key="v_numCollegues">5</data>
      <data key="v_id">20942962</data>
    </node>
    <node id="n12">
      <data key="v_Title">DEV4</data>
      <data key="v_hrank">2</data>
      <data key="v_numDirects">0</data>
      <data key="v_numCollegues">5</data>
      <data key="v_id">149328095</data>
    </node>
    <node id="n13">
      <data key="v_Title">DEV5</data>
      <data key="v_hrank">2</data>
      <data key="v_numDirects">0</data>
      <data key="v_numCollegues">5</data>
      <data key="v_id">149437492</data>
    </node>
    <node id="n14">
      <data key="v_Title">DEV6</data>
      <data key="v_hrank">2</data>
      <data key="v_numDirects">0</data>
      <data key="v_numCollegues">5</data>
      <data key="v_id">340284315</data>
    </node>
    <node id="n15">
      <data key="v_Title">DEV7</data>
      <data key="v_hrank">2</data>
      <data key="v_numDirects">0</data>
      <data key="v_numCollegues">5</data>
      <data key="v_id">17592431467863</data>
    </node>
    <node id="n16">
      <data key="v_Title">DEV8</data>
      <data key="v_hrank">2</data>
      <data key="v_numDirects">0</data>
      <data key="v_numCollegues">8</data>
      <data key="v_id">24786230</data>
    </node>
    <node id="n17">
      <data key="v_Title">DEV9</data>
      <data key="v_hrank">2</data>
      <data key="v_numDirects">0</data>
      <data key="v_numCollegues">8</data>
      <data key="v_id">31093401</data>
    </node>
    <node id="n18">
      <data key="v_Title">DEV10</data>
      <data key="v_hrank">2</data>
      <data key="v_numDirects">0</data>
      <data key="v_numCollegues">8</data>
      <data key="v_id">148888952</data>
    </node>
    <node id="n19">
      <data key="v_Title">DEV11</data>
      <data key="v_hrank">2</data>
      <data key="v_numDirects">0</data>
      <data key="v_numCollegues">8</data>
      <data key="v_id">149317946</data>
    </node>
    <node id="n20">
      <data key="v_Title">DEV12</data>
      <data key="v_hrank">2</data>
      <data key="v_numDirects">0</data>
      <data key="v_numCollegues">8</data>
      <data key="v_id">149373676</data>
    </node>
    <node id="n21">
      <data key="v_Title">DEV13</data>
      <data key="v_hrank">2</data>
      <data key="v_numDirects">0</data>
      <data key="v_numCollegues">8</data>
      <data key="v_id">149395605</data>
    </node>
    <node id="n22">
      <data key="v_Title">DEV14</data>
      <data key="v_hrank">2</data>
      <data key="v_numDirects">0</data>
      <data key="v_numCollegues">8</data>
      <data key="v_id">149469572</data>
    </node>
    <node id="n23">
      <data key="v_Title">DEV15</data>
      <data key="v_hrank">2</data>
      <data key="v_numDirects">0</data>
      <data key="v_numCollegues">8</data>
      <data key="v_id">187825319</data>
    </node>
    <node id="n24">
      <data key="v_Title">DEV16</data>
      <data key="v_hrank">2</data>
      <data key="v_numDirects">0</data>
      <data key="v_numCollegues">8</data>
      <data key="v_id">107195219</data>
    </node>
    <node id="n25">
      <data key="v_Title">DEV17</data>
      <data key="v_hrank">2</data>
      <data key="v_numDirects">0</data>
      <data key="v_numCollegues">8</data>
      <data key="v_id">120999129</data>
    </node>
    <node id="n26">
      <data key="v_Title">DEV18</data>
      <data key="v_hrank">2</data>
      <data key="v_numDirects">0</data>
      <data key="v_numCollegues">8</data>
      <data key="v_id">138941587</data>
    </node>
    <node id="n27">
      <data key="v_Title">DEV19</data>
      <data key="v_hrank">2</data>
      <data key="v_numDirects">0</data>
      <data key="v_numCollegues">8</data>
      <data key="v_id">149308727</data>
    </node>
    <node id="n28">
      <data key="v_Title">DEV20</data>
      <data key="v_hrank">2</data>
      <data key="v_numDirects">0</data>
      <data key="v_numCollegues">8</data>
      <data key="v_id">149410377</data>
    </node>
    <node id="n29">
      <data key="v_Title">DEV21</data>
      <data key="v_hrank">2</data>
      <data key="v_numDirects">0</data>
      <data key="v_numCollegues">8</data>
      <data key="v_id">340284375</data>
    </node>
    <node id="n30">
      <data key="v_Title">DEV22</data>
      <data key="v_hrank">2</data>
      <data key="v_numDirects">0</data>
      <data key="v_numCollegues">8</data>
      <data key="v_id">17592242903527</data>
    </node>
    <node id="n31">
      <data key="v_Title">DEV23</data>
      <data key="v_hrank">2</data>
      <data key="v_numDirects">0</data>
      <data key="v_numCollegues">8</data>
      <data key="v_id">17592400497457</data>
    </node>
    <node id="n32">
      <data key="v_Title">DEV24</data>
      <data key="v_hrank">0</data>
      <data key="v_numDirects">0</data>
      <data key="v_numCollegues">0</data>
      <data key="v_id">-100</data>
    </node>
    <edge source="n0" target="n1">
      <data key="e_weight">1</data>
    </edge>
    <edge source="n0" target="n2">
      <data key="e_weight">1</data>
    </edge>
    <edge source="n0" target="n3">
      <data key="e_weight">1</data>
    </edge>
    <edge source="n0" target="n4">
      <data key="e_weight">1</data>
    </edge>
    <edge source="n0" target="n5">
      <data key="e_weight">1</data>
    </edge>
    <edge source="n0" target="n6">
      <data key="e_weight">1</data>
    </edge>
    <edge source="n0" target="n7">
      <data key="e_weight">1</data>
    </edge>
    <edge source="n0" target="n8">
      <data key="e_weight">1</data>
    </edge>
    <edge source="n0" target="n9">
      <data key="e_weight">1</data>
    </edge>
    <edge source="n0" target="n10">
      <data key="e_weight">1</data>
    </edge>
    <edge source="n3" target="n11">
      <data key="e_weight">1</data>
    </edge>
    <edge source="n3" target="n12">
      <data key="e_weight">1</data>
    </edge>
    <edge source="n3" target="n13">
      <data key="e_weight">1</data>
    </edge>
    <edge source="n3" target="n14">
      <data key="e_weight">1</data>
    </edge>
    <edge source="n3" target="n15">
      <data key="e_weight">1</data>
    </edge>
    <edge source="n4" target="n16">
      <data key="e_weight">1</data>
    </edge>
    <edge source="n4" target="n17">
      <data key="e_weight">1</data>
    </edge>
    <edge source="n4" target="n18">
      <data key="e_weight">1</data>
    </edge>
    <edge source="n4" target="n19">
      <data key="e_weight">1</data>
    </edge>
    <edge source="n4" target="n20">
      <data key="e_weight">1</data>
    </edge>
    <edge source="n4" target="n21">
      <data key="e_weight">1</data>
    </edge>
    <edge source="n4" target="n22">
      <data key="e_weight">1</data>
    </edge>
    <edge source="n4" target="n23">
      <data key="e_weight">1</data>
    </edge>
    <edge source="n9" target="n24">
      <data key="e_weight">1</data>
    </edge>
    <edge source="n9" target="n25">
      <data key="e_weight">1</data>
    </edge>
    <edge source="n9" target="n26">
      <data key="e_weight">1</data>
    </edge>
    <edge source="n9" target="n27">
      <data key="e_weight">1</data>
    </edge>
    <edge source="n9" target="n28">
      <data key="e_weight">1</data>
    </edge>
    <edge source="n9" target="n29">
      <data key="e_weight">1</data>
    </edge>
    <edge source="n9" target="n30">
      <data key="e_weight">1</data>
    </edge>
    <edge source="n9" target="n31">
      <data key="e_weight">1</data>
    </edge>
  </graph>
</graphml>
