<?xml version="1.0" encoding="UTF-8"?>
<graphml xmlns="http://graphml.graphdrawing.org/xmlns"
         xmlns:xsi="http://www.w3.org/2001/XMLSchema-instance"
         xsi:schemaLocation="http://graphml.graphdrawing.org/xmlns
         http://graphml.graphdrawing.org/xmlns/1.0/graphml.xsd">
<!-- Created by igraph -->
  <key id="v_Title" for="node" attr.name="Title" attr.type="string"/>
  <key id="v_hrank" for="node" attr.name="hrank" attr.type="double"/>
  <key id="v_numDirects" for="node" attr.name="numDirects" attr.type="double"/>
  <key id="v_numCollegues" for="node" attr.name="numCollegues" attr.type="double"/>
  <key id="v_RecentlyModifiedCount" for="node" attr.name="RecentlyModifiedCount" attr.type="double"/>
  <key id="v_ModifiedTitles" for="node" attr.name="ModifiedTitles" attr.type="string"/>
  <key id="v_TrendingTitles" for="node" attr.name="TrendingTitles" attr.type="string"/>
  <key id="v_id" for="node" attr.name="id" attr.type="string"/>
  <key id="e_weight" for="edge" attr.name="weight" attr.type="double"/>
  <graph id="G" edgedefault="undirected">
    <node id="n0">
      <data key="v_Title">Adi Regev</data>
      <data key="v_hrank">0</data>
      <data key="v_numDirects">0</data>
      <data key="v_numCollegues">0</data>
      <data key="v_RecentlyModifiedCount">10</data>
      <data key="v_ModifiedTitles"> ; Windows ; OneNote_DeletedPages ; Process Simple Mobile Notifications ; New Section 1 ; Process Simple Mobile ; Get Engaged 10FEB2016.pptx ; ProcSiMo Kick-off ; PM ; Product review FEB 2016.pptx ; OneNote_DeletedPages</data>
      <data key="v_TrendingTitles"> ; TSGs ; OneNote_DeletedPages ; Training ; PowerApps Briefing Deck v2.pptx ; Vendor Ops ; PaaS Launch Planning ; 16.4.1 - Release meta data.pptx ; Blog_post - PowerApps Public Preview ; 16.4.2 - Release meta data.pptx ; Product review April 2016.pptx ; Blog_post - App from Data ; Microsoft confidential ; Logic Apps Product Review March 2016 ; Business Day ; ProBI Offsite April 2016 - ES slides.pptx ; Business Day ; Geo filtering SPEC.pptx ; 16.3.2 - Release meta data.pptx ; Migration Announcement ; May 4 PowerApps Demo</data>
      <data key="v_id">149355385</data>
    </node>
    <node id="n1">
      <data key="v_Title">OUTSIDE</data>
      <data key="v_hrank">0</data>
      <data key="v_numDirects">0</data>
      <data key="v_numCollegues">0</data>
      <data key="v_RecentlyModifiedCount">0</data>
      <data key="v_ModifiedTitles">unknown</data>
      <data key="v_TrendingTitles">unknown</data>
      <data key="v_id">-100</data>
    </node>
    <edge source="n0" target="n1">
      <data key="e_weight">1626</data>
    </edge>
  </graph>
</graphml>
