﻿<?xml version="1.0" encoding="utf-8"?><graphml xmlns:xsi="http://www.w3.org/2001/XMLSchema-instance" xsi:schemaLocation="http://graphml.graphdrawing.org/xmlns http://graphml.graphdrawing.org/xmlns/1.0/graphml.xsd" xmlns="http://graphml.graphdrawing.org/xmlns"><key id="Title" for="node" attr.name="Title" attr.type="string"><default>unknown</default></key><key id="hrank" for="node" attr.name="hrank" attr.type="double"><default>0</default></key><key id="numDirects" for="node" attr.name="numDirects" attr.type="double"><default>0</default></key><key id="numCollegues" for="node" attr.name="numCollegues" attr.type="double"><default>0</default></key><key id="RecentlyModifiedCount" for="node" attr.name="RecentlyModifiedCount" attr.type="double"><default>0</default></key><key id="weight" for="edge" attr.name="weight" attr.type="double"><default>1</default></key><graph id="social_graph" edgedefault="undirected">
<node id="149360725"><data key="Title">AMELIA MAXWELL </data><data key="hrank">0</data><data key="numDirects">2</data><data key="RecentlyModifiedCount">0</data></node>
<node id="149323057"><data key="Title">Lora Weekly</data><data key="hrank">1</data><data key="numCollegues">2</data><data key="numDirects">0</data><data key="RecentlyModifiedCount">0</data></node>
<node id="198637072"><data key="Title">Vicky Sellars</data><data key="hrank">1</data><data key="numCollegues">2</data><data key="numDirects">0</data><data key="RecentlyModifiedCount">0</data></node>
<node id="-100"><data key="Title">OUTSIDE</data><data key="RecentlyModifiedCount">0</data></node>
<edge target="149360725" source="149323057"><data key="weight">200</data></edge>
<edge target="198637072" source="149323057"><data key="weight">200</data></edge>
<edge target="-100" source="149323057"><data key="weight">855</data></edge></graph></graphml>