﻿<?xml version="1.0" encoding="utf-8"?><graphml xmlns:xsi="http://www.w3.org/2001/XMLSchema-instance" xsi:schemaLocation="http://graphml.graphdrawing.org/xmlns http://graphml.graphdrawing.org/xmlns/1.0/graphml.xsd" xmlns="http://graphml.graphdrawing.org/xmlns"><key id="Title" for="node" attr.name="Title" attr.type="string"><default>unknown</default></key><key id="hrank" for="node" attr.name="hrank" attr.type="double"><default>0</default></key><key id="numDirects" for="node" attr.name="numDirects" attr.type="double"><default>0</default></key><key id="numCollegues" for="node" attr.name="numCollegues" attr.type="double"><default>0</default></key><key id="weight" for="edge" attr.name="weight" attr.type="double"><default>1</default></key><graph id="hierarchy_graph" edgedefault="directed"><node id="149396250"><data key="Title">OREN WINTER </data><data key="hrank">0</data><data key="numDirects">8</data></node><node id="148893199"><data key="Title">Yoav Yassour</data><data key="hrank">1</data><data key="numCollegues">8</data><data key="numDirects">7</data></node><node id="149305457"><data key="Title">Hila Yehuda</data><data key="hrank">1</data><data key="numCollegues">8</data><data key="numDirects">2</data></node><node id="149312644"><data key="Title">Gennady Pats</data><data key="hrank">1</data><data key="numCollegues">8</data><data key="numDirects">0</data></node><node id="149343873"><data key="Title">Ron Gilad</data><data key="hrank">1</data><data key="numCollegues">8</data><data key="numDirects">8</data></node><node id="149355385"><data key="Title">Adi Regev</data><data key="hrank">1</data><data key="numCollegues">8</data><data key="numDirects">8</data></node><node id="149371614"><data key="Title">Shahar Prish</data><data key="hrank">1</data><data key="numCollegues">8</data><data key="numDirects">0</data></node><node id="149471825"><data key="Title">Yitzhak Kesselman</data><data key="hrank">1</data><data key="numCollegues">8</data><data key="numDirects">8</data></node><node id="203120894"><data key="Title">Guy Shalev</data><data key="hrank">1</data><data key="numCollegues">8</data><data key="numDirects">7</data></node><node id="20942962"><data key="Title">Artem Atriaskin</data><data key="hrank">2</data><data key="numCollegues">7</data><data key="numDirects">0</data></node><node id="148858247"><data key="Title">Dor Goldbaum</data><data key="hrank">2</data><data key="numCollegues">7</data><data key="numDirects">0</data></node><node id="149410377"><data key="Title">Merav Bercovitz</data><data key="hrank">2</data><data key="numCollegues">7</data><data key="numDirects">0</data></node><node id="149437492"><data key="Title">Erez Goldshide</data><data key="hrank">2</data><data key="numCollegues">7</data><data key="numDirects">0</data></node><node id="305303666"><data key="Title">Uriel Moshe Hai</data><data key="hrank">2</data><data key="numCollegues">7</data><data key="numDirects">0</data></node><node id="315872352"><data key="Title">Khalid Awwad</data><data key="hrank">2</data><data key="numCollegues">7</data><data key="numDirects">0</data></node><node id="340214355"><data key="Title">Gal Vanunu</data><data key="hrank">2</data><data key="numCollegues">7</data><data key="numDirects">0</data></node><node id="149475109"><data key="Title">Ligal Tuval</data><data key="hrank">2</data><data key="numCollegues">2</data><data key="numDirects">0</data></node><node id="340284315"><data key="Title">Alexandr Gavrishev</data><data key="hrank">2</data><data key="numCollegues">2</data><data key="numDirects">0</data></node><node id="24786230"><data key="Title">Haim Sabo</data><data key="hrank">2</data><data key="numCollegues">8</data><data key="numDirects">0</data></node><node id="148888952"><data key="Title">Inbar Ron</data><data key="hrank">2</data><data key="numCollegues">8</data><data key="numDirects">0</data></node><node id="149373676"><data key="Title">Guy Arad</data><data key="hrank">2</data><data key="numCollegues">8</data><data key="numDirects">0</data></node><node id="149395605"><data key="Title">Yaniv Kravitz</data><data key="hrank">2</data><data key="numCollegues">8</data><data key="numDirects">0</data></node><node id="149455550"><data key="Title">Ohad Schneider</data><data key="hrank">2</data><data key="numCollegues">8</data><data key="numDirects">0</data></node><node id="149469572"><data key="Title">Yehonatan Ginzberg</data><data key="hrank">2</data><data key="numCollegues">8</data><data key="numDirects">0</data></node><node id="187825319"><data key="Title">Adam Yaari</data><data key="hrank">2</data><data key="numCollegues">8</data><data key="numDirects">0</data></node><node id="17592431467863"><data key="Title">Asaf Isser</data><data key="hrank">2</data><data key="numCollegues">8</data><data key="numDirects">0</data></node><node id="31093401"><data key="Title">Sruly Taber</data><data key="hrank">2</data><data key="numCollegues">8</data><data key="numDirects">0</data></node><node id="95844937"><data key="Title">Ali Mostafa</data><data key="hrank">2</data><data key="numCollegues">8</data><data key="numDirects">0</data></node><node id="149317946"><data key="Title">Yonatan Appel</data><data key="hrank">2</data><data key="numCollegues">8</data><data key="numDirects">0</data></node><node id="149328096"><data key="Title">Gitit Grohar</data><data key="hrank">2</data><data key="numCollegues">8</data><data key="numDirects">0</data></node><node id="149352997"><data key="Title">Idan Sheinberg</data><data key="hrank">2</data><data key="numCollegues">8</data><data key="numDirects">0</data></node><node id="149417845"><data key="Title">Guy Fliess</data><data key="hrank">2</data><data key="numCollegues">8</data><data key="numDirects">0</data></node><node id="149493711"><data key="Title">Bat-chen Haviv</data><data key="hrank">2</data><data key="numCollegues">8</data><data key="numDirects">0</data></node><node id="17592400497457"><data key="Title">Daniel Blinick</data><data key="hrank">2</data><data key="numCollegues">8</data><data key="numDirects">0</data></node><node id="120999129"><data key="Title">Ronit Ravitz Fried</data><data key="hrank">2</data><data key="numCollegues">8</data><data key="numDirects">0</data></node><node id="138941587"><data key="Title">Ayesh Qumhieh (ASAL Technologies Ltd)</data><data key="hrank">2</data><data key="numCollegues">8</data><data key="numDirects">0</data></node><node id="144832617"><data key="Title">Amit Ishai</data><data key="hrank">2</data><data key="numCollegues">8</data><data key="numDirects">0</data></node><node id="149308727"><data key="Title">David Bahat</data><data key="hrank">2</data><data key="numCollegues">8</data><data key="numDirects">0</data></node><node id="149380738"><data key="Title">Galia Weber</data><data key="hrank">2</data><data key="numCollegues">8</data><data key="numDirects">0</data></node><node id="340284375"><data key="Title">Igor Celik</data><data key="hrank">2</data><data key="numCollegues">8</data><data key="numDirects">0</data></node><node id="17592242903527"><data key="Title">Milana Raiter (Matchpoint IT Ltd)</data><data key="hrank">2</data><data key="numCollegues">8</data><data key="numDirects">0</data></node><node id="17592288054608"><data key="Title">Assaf Shemesh</data><data key="hrank">2</data><data key="numCollegues">8</data><data key="numDirects">0</data></node><node id="41753016"><data key="Title">Roy Gal</data><data key="hrank">2</data><data key="numCollegues">7</data><data key="numDirects">0</data></node><node id="105611773"><data key="Title">Ella Ben-Tov</data><data key="hrank">2</data><data key="numCollegues">7</data><data key="numDirects">0</data></node><node id="149365284"><data key="Title">Sharon Laivand</data><data key="hrank">2</data><data key="numCollegues">7</data><data key="numDirects">0</data></node><node id="149405896"><data key="Title">Yaron Canari</data><data key="hrank">2</data><data key="numCollegues">7</data><data key="numDirects">0</data></node><node id="149420218"><data key="Title">Romi Koifman</data><data key="hrank">2</data><data key="numCollegues">7</data><data key="numDirects">0</data></node><node id="149422381"><data key="Title">Gabi Lehner</data><data key="hrank">2</data><data key="numCollegues">7</data><data key="numDirects">0</data></node><node id="149448960"><data key="Title">Meital Taran- Gutman</data><data key="hrank">2</data><data key="numCollegues">7</data><data key="numDirects">0</data></node><node id="-100"><data key="Title">OUTSIDE</data></node>
<edge target="148893199" source="149396250"><data key="weight">1</data></edge>
<edge target="149305457" source="149396250"><data key="weight">1</data></edge>
<edge target="149312644" source="149396250"><data key="weight">1</data></edge>
<edge target="149343873" source="149396250"><data key="weight">1</data></edge>
<edge target="149355385" source="149396250"><data key="weight">1</data></edge>
<edge target="149371614" source="149396250"><data key="weight">1</data></edge>
<edge target="149471825" source="149396250"><data key="weight">1</data></edge>
<edge target="203120894" source="149396250"><data key="weight">1</data></edge>
<edge target="20942962" source="148893199"><data key="weight">1</data></edge>
<edge target="148858247" source="148893199"><data key="weight">1</data></edge>
<edge target="149410377" source="148893199"><data key="weight">1</data></edge>
<edge target="149437492" source="148893199"><data key="weight">1</data></edge>
<edge target="305303666" source="148893199"><data key="weight">1</data></edge>
<edge target="315872352" source="148893199"><data key="weight">1</data></edge>
<edge target="340214355" source="148893199"><data key="weight">1</data></edge>
<edge target="149475109" source="149305457"><data key="weight">1</data></edge>
<edge target="340284315" source="149305457"><data key="weight">1</data></edge>
<edge target="24786230" source="149343873"><data key="weight">1</data></edge>
<edge target="148888952" source="149343873"><data key="weight">1</data></edge>
<edge target="149373676" source="149343873"><data key="weight">1</data></edge>
<edge target="149395605" source="149343873"><data key="weight">1</data></edge>
<edge target="149455550" source="149343873"><data key="weight">1</data></edge>
<edge target="149469572" source="149343873"><data key="weight">1</data></edge>
<edge target="187825319" source="149343873"><data key="weight">1</data></edge>
<edge target="17592431467863" source="149343873"><data key="weight">1</data></edge>
<edge target="31093401" source="149355385"><data key="weight">1</data></edge>
<edge target="95844937" source="149355385"><data key="weight">1</data></edge>
<edge target="149317946" source="149355385"><data key="weight">1</data></edge>
<edge target="149328096" source="149355385"><data key="weight">1</data></edge>
<edge target="149352997" source="149355385"><data key="weight">1</data></edge>
<edge target="149417845" source="149355385"><data key="weight">1</data></edge>
<edge target="149493711" source="149355385"><data key="weight">1</data></edge>
<edge target="17592400497457" source="149355385"><data key="weight">1</data></edge>
<edge target="120999129" source="149471825"><data key="weight">1</data></edge>
<edge target="138941587" source="149471825"><data key="weight">1</data></edge>
<edge target="144832617" source="149471825"><data key="weight">1</data></edge>
<edge target="149308727" source="149471825"><data key="weight">1</data></edge>
<edge target="149380738" source="149471825"><data key="weight">1</data></edge>
<edge target="340284375" source="149471825"><data key="weight">1</data></edge>
<edge target="17592242903527" source="149471825"><data key="weight">1</data></edge>
<edge target="17592288054608" source="149471825"><data key="weight">1</data></edge>
<edge target="41753016" source="203120894"><data key="weight">1</data></edge>
<edge target="105611773" source="203120894"><data key="weight">1</data></edge>
<edge target="149365284" source="203120894"><data key="weight">1</data></edge>
<edge target="149405896" source="203120894"><data key="weight">1</data></edge>
<edge target="149420218" source="203120894"><data key="weight">1</data></edge>
<edge target="149422381" source="203120894"><data key="weight">1</data></edge>
<edge target="149448960" source="203120894"><data key="weight">1</data></edge></graph></graphml>