"","x"
"1","OREN WINTER "
"2","Yoav Yassour"
"3","Hila Yehuda"
"4","Gennady Pats"
"5","Ron Gilad"
"6","Adi Regev"
"7","Shahar Prish"
"8","Yitzhak Kesselman"
"9","Guy Shalev"
"10","Artem Atriaskin"
"11","Dor Goldbaum"
"12","Merav Bercovitz"
"13","Erez Goldshide"
"14","Uriel Moshe Hai"
"15","Khalid Awwad"
"16","Gal Vanunu"
"17","Ligal Tuval"
"18","Alexandr Gavrishev"
"19","Haim Sabo"
"20","Inbar Ron"
"21","Guy Arad"
"22","Yaniv Kravitz"
"23","Ohad Schneider"
"24","Yehonatan Ginzberg"
"25","Adam Yaari"
"26","Asaf Isser"
"27","Sruly Taber"
"28","Ali Mostafa"
"29","Yonatan Appel"
"30","Gitit Grohar"
"31","Idan Sheinberg"
"32","Guy Fliess"
"33","Bat-chen Haviv"
"34","Daniel Blinick"
"35","Ronit Ravitz Fried"
"36","Ayesh Qumhieh (ASAL Technologies Ltd)"
"37","Amit Ishai"
"38","David Bahat"
"39","Galia Weber"
"40","Igor Celik"
"41","Milana Raiter (Matchpoint IT Ltd)"
"42","Assaf Shemesh"
"43","Roy Gal"
"44","Ella Ben-Tov"
"45","Sharon Laivand"
"46","Yaron Canari"
"47","Romi Koifman"
"48","Gabi Lehner"
"49","Meital Taran- Gutman"
"50","OUTSIDE"
