<?xml version="1.0" encoding="UTF-8"?>
<graphml xmlns="http://graphml.graphdrawing.org/xmlns"
         xmlns:xsi="http://www.w3.org/2001/XMLSchema-instance"
         xsi:schemaLocation="http://graphml.graphdrawing.org/xmlns
         http://graphml.graphdrawing.org/xmlns/1.0/graphml.xsd">
<!-- Created by igraph -->
  <key id="v_Title" for="node" attr.name="Title" attr.type="string"/>
  <key id="v_hrank" for="node" attr.name="hrank" attr.type="double"/>
  <key id="v_numDirects" for="node" attr.name="numDirects" attr.type="double"/>
  <key id="v_numCollegues" for="node" attr.name="numCollegues" attr.type="double"/>
  <key id="v_id" for="node" attr.name="id" attr.type="string"/>
  <key id="e_weight" for="edge" attr.name="weight" attr.type="double"/>
  <graph id="G" edgedefault="directed">
    <node id="n0">
      <data key="v_Title">Bilal Alam</data>
      <data key="v_hrank">0</data>
      <data key="v_numDirects">12</data>
      <data key="v_numCollegues">0</data>
      <data key="v_id">149300582</data>
    </node>
    <node id="n1">
      <data key="v_Title">Jonathan Hawkins</data>
      <data key="v_hrank">1</data>
      <data key="v_numDirects">0</data>
      <data key="v_numCollegues">12</data>
      <data key="v_id">148878030</data>
    </node>
    <node id="n2">
      <data key="v_Title">Vik Raheja</data>
      <data key="v_hrank">1</data>
      <data key="v_numDirects">1</data>
      <data key="v_numCollegues">12</data>
      <data key="v_id">148878478</data>
    </node>
    <node id="n3">
      <data key="v_Title">Praveen Babu Tirumala</data>
      <data key="v_hrank">1</data>
      <data key="v_numDirects">3</data>
      <data key="v_numCollegues">12</data>
      <data key="v_id">148899950</data>
    </node>
    <node id="n4">
      <data key="v_Title">Sateesh Pragallapati</data>
      <data key="v_hrank">1</data>
      <data key="v_numDirects">7</data>
      <data key="v_numCollegues">12</data>
      <data key="v_id">149313936</data>
    </node>
    <node id="n5">
      <data key="v_Title">Joaquin Vano Newman</data>
      <data key="v_hrank">1</data>
      <data key="v_numDirects">4</data>
      <data key="v_numCollegues">12</data>
      <data key="v_id">149329137</data>
    </node>
    <node id="n6">
      <data key="v_Title">Jaroslav Dunajsky</data>
      <data key="v_hrank">1</data>
      <data key="v_numDirects">2</data>
      <data key="v_numCollegues">12</data>
      <data key="v_id">149336692</data>
    </node>
    <node id="n7">
      <data key="v_Title">Wei Zhao (ANTARES)</data>
      <data key="v_hrank">1</data>
      <data key="v_numDirects">0</data>
      <data key="v_numCollegues">12</data>
      <data key="v_id">149340116</data>
    </node>
    <node id="n8">
      <data key="v_Title">Nitasha Verma</data>
      <data key="v_hrank">1</data>
      <data key="v_numDirects">7</data>
      <data key="v_numCollegues">12</data>
      <data key="v_id">149352277</data>
    </node>
    <node id="n9">
      <data key="v_Title">Petr Podhorsky</data>
      <data key="v_hrank">1</data>
      <data key="v_numDirects">6</data>
      <data key="v_numCollegues">12</data>
      <data key="v_id">149362911</data>
    </node>
    <node id="n10">
      <data key="v_Title">Zhe Yang</data>
      <data key="v_hrank">1</data>
      <data key="v_numDirects">6</data>
      <data key="v_numCollegues">12</data>
      <data key="v_id">149371308</data>
    </node>
    <node id="n11">
      <data key="v_Title">Wade Hilmo</data>
      <data key="v_hrank">1</data>
      <data key="v_numDirects">3</data>
      <data key="v_numCollegues">12</data>
      <data key="v_id">149377008</data>
    </node>
    <node id="n12">
      <data key="v_Title">Paul Batum</data>
      <data key="v_hrank">1</data>
      <data key="v_numDirects">9</data>
      <data key="v_numCollegues">12</data>
      <data key="v_id">149382868</data>
    </node>
    <node id="n13">
      <data key="v_Title">Thad Kittelson</data>
      <data key="v_hrank">2</data>
      <data key="v_numDirects">0</data>
      <data key="v_numCollegues">1</data>
      <data key="v_id">149304113</data>
    </node>
    <node id="n14">
      <data key="v_Title">Steve Ernst</data>
      <data key="v_hrank">2</data>
      <data key="v_numDirects">0</data>
      <data key="v_numCollegues">3</data>
      <data key="v_id">130717482</data>
    </node>
    <node id="n15">
      <data key="v_Title">Andrey Severtokov</data>
      <data key="v_hrank">2</data>
      <data key="v_numDirects">0</data>
      <data key="v_numCollegues">3</data>
      <data key="v_id">148885378</data>
    </node>
    <node id="n16">
      <data key="v_Title">Faiz Shaikh</data>
      <data key="v_hrank">2</data>
      <data key="v_numDirects">0</data>
      <data key="v_numCollegues">3</data>
      <data key="v_id">149407985</data>
    </node>
    <node id="n17">
      <data key="v_Title">Amol Ravande</data>
      <data key="v_hrank">2</data>
      <data key="v_numDirects">0</data>
      <data key="v_numCollegues">7</data>
      <data key="v_id">148882603</data>
    </node>
    <node id="n18">
      <data key="v_Title">Aiman Khan</data>
      <data key="v_hrank">2</data>
      <data key="v_numDirects">0</data>
      <data key="v_numCollegues">7</data>
      <data key="v_id">148884727</data>
    </node>
    <node id="n19">
      <data key="v_Title">Smitha Borkar</data>
      <data key="v_hrank">2</data>
      <data key="v_numDirects">0</data>
      <data key="v_numCollegues">7</data>
      <data key="v_id">149314259</data>
    </node>
    <node id="n20">
      <data key="v_Title">Loc Phan</data>
      <data key="v_hrank">2</data>
      <data key="v_numDirects">0</data>
      <data key="v_numCollegues">7</data>
      <data key="v_id">149325009</data>
    </node>
    <node id="n21">
      <data key="v_Title">Ankur Kulshrestha</data>
      <data key="v_hrank">2</data>
      <data key="v_numDirects">0</data>
      <data key="v_numCollegues">7</data>
      <data key="v_id">149346734</data>
    </node>
    <node id="n22">
      <data key="v_Title">Md Sohrabuddin</data>
      <data key="v_hrank">2</data>
      <data key="v_numDirects">0</data>
      <data key="v_numCollegues">7</data>
      <data key="v_id">149364282</data>
    </node>
    <node id="n23">
      <data key="v_Title">Nikita Goncharenko</data>
      <data key="v_hrank">2</data>
      <data key="v_numDirects">0</data>
      <data key="v_numCollegues">7</data>
      <data key="v_id">149409202</data>
    </node>
    <node id="n24">
      <data key="v_Title">Ilya Finkelshteyn</data>
      <data key="v_hrank">2</data>
      <data key="v_numDirects">0</data>
      <data key="v_numCollegues">4</data>
      <data key="v_id">149329313</data>
    </node>
    <node id="n25">
      <data key="v_Title">Max Yang</data>
      <data key="v_hrank">2</data>
      <data key="v_numDirects">0</data>
      <data key="v_numCollegues">4</data>
      <data key="v_id">149405727</data>
    </node>
    <node id="n26">
      <data key="v_Title">Ashraf Farok (PALASH)</data>
      <data key="v_hrank">2</data>
      <data key="v_numDirects">0</data>
      <data key="v_numCollegues">4</data>
      <data key="v_id">149407744</data>
    </node>
    <node id="n27">
      <data key="v_Title">Chun Ye</data>
      <data key="v_hrank">2</data>
      <data key="v_numDirects">0</data>
      <data key="v_numCollegues">4</data>
      <data key="v_id">149413131</data>
    </node>
    <node id="n28">
      <data key="v_Title">Kranthi Kumar Mannem</data>
      <data key="v_hrank">2</data>
      <data key="v_numDirects">0</data>
      <data key="v_numCollegues">2</data>
      <data key="v_id">149322738</data>
    </node>
    <node id="n29">
      <data key="v_Title">Aleksandar Boljanac</data>
      <data key="v_hrank">2</data>
      <data key="v_numDirects">0</data>
      <data key="v_numCollegues">2</data>
      <data key="v_id">149462548</data>
    </node>
    <node id="n30">
      <data key="v_Title">Matt Nielson</data>
      <data key="v_hrank">2</data>
      <data key="v_numDirects">0</data>
      <data key="v_numCollegues">7</data>
      <data key="v_id">22748397</data>
    </node>
    <node id="n31">
      <data key="v_Title">Jason Cooke</data>
      <data key="v_hrank">2</data>
      <data key="v_numDirects">0</data>
      <data key="v_numCollegues">7</data>
      <data key="v_id">148879315</data>
    </node>
    <node id="n32">
      <data key="v_Title">Aniello Scotto Di Marco</data>
      <data key="v_hrank">2</data>
      <data key="v_numDirects">0</data>
      <data key="v_numCollegues">7</data>
      <data key="v_id">148885812</data>
    </node>
    <node id="n33">
      <data key="v_Title">Sisira Panchagnula</data>
      <data key="v_hrank">2</data>
      <data key="v_numDirects">0</data>
      <data key="v_numCollegues">7</data>
      <data key="v_id">149338471</data>
    </node>
    <node id="n34">
      <data key="v_Title">Elliott Hamai</data>
      <data key="v_hrank">2</data>
      <data key="v_numDirects">0</data>
      <data key="v_numCollegues">7</data>
      <data key="v_id">149353318</data>
    </node>
    <node id="n35">
      <data key="v_Title">Chibi Vikramathithan (BIZTALK)</data>
      <data key="v_hrank">2</data>
      <data key="v_numDirects">0</data>
      <data key="v_numCollegues">7</data>
      <data key="v_id">149379633</data>
    </node>
    <node id="n36">
      <data key="v_Title">Travis Harris</data>
      <data key="v_hrank">2</data>
      <data key="v_numDirects">0</data>
      <data key="v_numCollegues">7</data>
      <data key="v_id">149498550</data>
    </node>
    <node id="n37">
      <data key="v_Title">Lawrence Li</data>
      <data key="v_hrank">2</data>
      <data key="v_numDirects">0</data>
      <data key="v_numCollegues">6</data>
      <data key="v_id">149312906</data>
    </node>
    <node id="n38">
      <data key="v_Title">Karl Reinsch</data>
      <data key="v_hrank">2</data>
      <data key="v_numDirects">0</data>
      <data key="v_numCollegues">6</data>
      <data key="v_id">149337676</data>
    </node>
    <node id="n39">
      <data key="v_Title">Zain Rizvi</data>
      <data key="v_hrank">2</data>
      <data key="v_numDirects">0</data>
      <data key="v_numCollegues">6</data>
      <data key="v_id">149378494</data>
    </node>
    <node id="n40">
      <data key="v_Title">Jason Jewell</data>
      <data key="v_hrank">2</data>
      <data key="v_numDirects">0</data>
      <data key="v_numCollegues">6</data>
      <data key="v_id">149379040</data>
    </node>
    <node id="n41">
      <data key="v_Title">Pavel Zelinsky</data>
      <data key="v_hrank">2</data>
      <data key="v_numDirects">0</data>
      <data key="v_numCollegues">6</data>
      <data key="v_id">149403285</data>
    </node>
    <node id="n42">
      <data key="v_Title">Alexandre Quirion</data>
      <data key="v_hrank">2</data>
      <data key="v_numDirects">0</data>
      <data key="v_numCollegues">6</data>
      <data key="v_id">231464446</data>
    </node>
    <node id="n43">
      <data key="v_Title">Nicholas King</data>
      <data key="v_hrank">2</data>
      <data key="v_numDirects">0</data>
      <data key="v_numCollegues">6</data>
      <data key="v_id">105611552</data>
    </node>
    <node id="n44">
      <data key="v_Title">Chris Gillum</data>
      <data key="v_hrank">2</data>
      <data key="v_numDirects">0</data>
      <data key="v_numCollegues">6</data>
      <data key="v_id">148880454</data>
    </node>
    <node id="n45">
      <data key="v_Title">Stephen Kou</data>
      <data key="v_hrank">2</data>
      <data key="v_numDirects">0</data>
      <data key="v_numCollegues">6</data>
      <data key="v_id">149420018</data>
    </node>
    <node id="n46">
      <data key="v_Title">Michael Candido</data>
      <data key="v_hrank">2</data>
      <data key="v_numDirects">0</data>
      <data key="v_numCollegues">6</data>
      <data key="v_id">149444545</data>
    </node>
    <node id="n47">
      <data key="v_Title">Ling Toh</data>
      <data key="v_hrank">2</data>
      <data key="v_numDirects">0</data>
      <data key="v_numCollegues">6</data>
      <data key="v_id">215635681</data>
    </node>
    <node id="n48">
      <data key="v_Title">Hanoch Yeung</data>
      <data key="v_hrank">2</data>
      <data key="v_numDirects">0</data>
      <data key="v_numCollegues">6</data>
      <data key="v_id">17592263246692</data>
    </node>
    <node id="n49">
      <data key="v_Title">Eric Stenson</data>
      <data key="v_hrank">2</data>
      <data key="v_numDirects">0</data>
      <data key="v_numCollegues">3</data>
      <data key="v_id">148877202</data>
    </node>
    <node id="n50">
      <data key="v_Title">Jenny Lawrance</data>
      <data key="v_hrank">2</data>
      <data key="v_numDirects">0</data>
      <data key="v_numCollegues">3</data>
      <data key="v_id">148880438</data>
    </node>
    <node id="n51">
      <data key="v_Title">Ranjith Mukkai Ramachandra</data>
      <data key="v_hrank">2</data>
      <data key="v_numDirects">0</data>
      <data key="v_numCollegues">3</data>
      <data key="v_id">149423254</data>
    </node>
    <node id="n52">
      <data key="v_Title">Jacob Wallraff</data>
      <data key="v_hrank">2</data>
      <data key="v_numDirects">0</data>
      <data key="v_numCollegues">9</data>
      <data key="v_id">109236978</data>
    </node>
    <node id="n53">
      <data key="v_Title">Aziel Epilepsia</data>
      <data key="v_hrank">2</data>
      <data key="v_numDirects">0</data>
      <data key="v_numCollegues">9</data>
      <data key="v_id">148899999</data>
    </node>
    <node id="n54">
      <data key="v_Title">Sandeep Chakradhari Pedamallu</data>
      <data key="v_hrank">2</data>
      <data key="v_numDirects">0</data>
      <data key="v_numCollegues">9</data>
      <data key="v_id">149302943</data>
    </node>
    <node id="n55">
      <data key="v_Title">Shrirang Shirodkar</data>
      <data key="v_hrank">2</data>
      <data key="v_numDirects">0</data>
      <data key="v_numCollegues">9</data>
      <data key="v_id">149335821</data>
    </node>
    <node id="n56">
      <data key="v_Title">Brett Samblanet</data>
      <data key="v_hrank">2</data>
      <data key="v_numDirects">0</data>
      <data key="v_numCollegues">9</data>
      <data key="v_id">149391288</data>
    </node>
    <node id="n57">
      <data key="v_Title">Naren Soni</data>
      <data key="v_hrank">2</data>
      <data key="v_numDirects">0</data>
      <data key="v_numCollegues">9</data>
      <data key="v_id">149418712</data>
    </node>
    <node id="n58">
      <data key="v_Title">Di Hei</data>
      <data key="v_hrank">2</data>
      <data key="v_numDirects">0</data>
      <data key="v_numCollegues">9</data>
      <data key="v_id">149458310</data>
    </node>
    <node id="n59">
      <data key="v_Title">Dale Anderson</data>
      <data key="v_hrank">2</data>
      <data key="v_numDirects">0</data>
      <data key="v_numCollegues">9</data>
      <data key="v_id">194143436</data>
    </node>
    <node id="n60">
      <data key="v_Title">Fabio Cavalcante</data>
      <data key="v_hrank">2</data>
      <data key="v_numDirects">0</data>
      <data key="v_numCollegues">9</data>
      <data key="v_id">330872793</data>
    </node>
    <node id="n61">
      <data key="v_Title">OUTSIDE</data>
      <data key="v_hrank">0</data>
      <data key="v_numDirects">0</data>
      <data key="v_numCollegues">0</data>
      <data key="v_id">-100</data>
    </node>
    <edge source="n0" target="n1">
      <data key="e_weight">1</data>
    </edge>
    <edge source="n0" target="n2">
      <data key="e_weight">1</data>
    </edge>
    <edge source="n0" target="n3">
      <data key="e_weight">1</data>
    </edge>
    <edge source="n0" target="n4">
      <data key="e_weight">1</data>
    </edge>
    <edge source="n0" target="n5">
      <data key="e_weight">1</data>
    </edge>
    <edge source="n0" target="n6">
      <data key="e_weight">1</data>
    </edge>
    <edge source="n0" target="n7">
      <data key="e_weight">1</data>
    </edge>
    <edge source="n0" target="n8">
      <data key="e_weight">1</data>
    </edge>
    <edge source="n0" target="n9">
      <data key="e_weight">1</data>
    </edge>
    <edge source="n0" target="n10">
      <data key="e_weight">1</data>
    </edge>
    <edge source="n0" target="n11">
      <data key="e_weight">1</data>
    </edge>
    <edge source="n0" target="n12">
      <data key="e_weight">1</data>
    </edge>
    <edge source="n2" target="n13">
      <data key="e_weight">1</data>
    </edge>
    <edge source="n3" target="n14">
      <data key="e_weight">1</data>
    </edge>
    <edge source="n3" target="n15">
      <data key="e_weight">1</data>
    </edge>
    <edge source="n3" target="n16">
      <data key="e_weight">1</data>
    </edge>
    <edge source="n4" target="n17">
      <data key="e_weight">1</data>
    </edge>
    <edge source="n4" target="n18">
      <data key="e_weight">1</data>
    </edge>
    <edge source="n4" target="n19">
      <data key="e_weight">1</data>
    </edge>
    <edge source="n4" target="n20">
      <data key="e_weight">1</data>
    </edge>
    <edge source="n4" target="n21">
      <data key="e_weight">1</data>
    </edge>
    <edge source="n4" target="n22">
      <data key="e_weight">1</data>
    </edge>
    <edge source="n4" target="n23">
      <data key="e_weight">1</data>
    </edge>
    <edge source="n5" target="n24">
      <data key="e_weight">1</data>
    </edge>
    <edge source="n5" target="n25">
      <data key="e_weight">1</data>
    </edge>
    <edge source="n5" target="n26">
      <data key="e_weight">1</data>
    </edge>
    <edge source="n5" target="n27">
      <data key="e_weight">1</data>
    </edge>
    <edge source="n6" target="n28">
      <data key="e_weight">1</data>
    </edge>
    <edge source="n6" target="n29">
      <data key="e_weight">1</data>
    </edge>
    <edge source="n8" target="n30">
      <data key="e_weight">1</data>
    </edge>
    <edge source="n8" target="n31">
      <data key="e_weight">1</data>
    </edge>
    <edge source="n8" target="n32">
      <data key="e_weight">1</data>
    </edge>
    <edge source="n8" target="n33">
      <data key="e_weight">1</data>
    </edge>
    <edge source="n8" target="n34">
      <data key="e_weight">1</data>
    </edge>
    <edge source="n8" target="n35">
      <data key="e_weight">1</data>
    </edge>
    <edge source="n8" target="n36">
      <data key="e_weight">1</data>
    </edge>
    <edge source="n9" target="n37">
      <data key="e_weight">1</data>
    </edge>
    <edge source="n9" target="n38">
      <data key="e_weight">1</data>
    </edge>
    <edge source="n9" target="n39">
      <data key="e_weight">1</data>
    </edge>
    <edge source="n9" target="n40">
      <data key="e_weight">1</data>
    </edge>
    <edge source="n9" target="n41">
      <data key="e_weight">1</data>
    </edge>
    <edge source="n9" target="n42">
      <data key="e_weight">1</data>
    </edge>
    <edge source="n10" target="n43">
      <data key="e_weight">1</data>
    </edge>
    <edge source="n10" target="n44">
      <data key="e_weight">1</data>
    </edge>
    <edge source="n10" target="n45">
      <data key="e_weight">1</data>
    </edge>
    <edge source="n10" target="n46">
      <data key="e_weight">1</data>
    </edge>
    <edge source="n10" target="n47">
      <data key="e_weight">1</data>
    </edge>
    <edge source="n10" target="n48">
      <data key="e_weight">1</data>
    </edge>
    <edge source="n11" target="n49">
      <data key="e_weight">1</data>
    </edge>
    <edge source="n11" target="n50">
      <data key="e_weight">1</data>
    </edge>
    <edge source="n11" target="n51">
      <data key="e_weight">1</data>
    </edge>
    <edge source="n12" target="n52">
      <data key="e_weight">1</data>
    </edge>
    <edge source="n12" target="n53">
      <data key="e_weight">1</data>
    </edge>
    <edge source="n12" target="n54">
      <data key="e_weight">1</data>
    </edge>
    <edge source="n12" target="n55">
      <data key="e_weight">1</data>
    </edge>
    <edge source="n12" target="n56">
      <data key="e_weight">1</data>
    </edge>
    <edge source="n12" target="n57">
      <data key="e_weight">1</data>
    </edge>
    <edge source="n12" target="n58">
      <data key="e_weight">1</data>
    </edge>
    <edge source="n12" target="n59">
      <data key="e_weight">1</data>
    </edge>
    <edge source="n12" target="n60">
      <data key="e_weight">1</data>
    </edge>
  </graph>
</graphml>
