<?xml version="1.0" encoding="UTF-8"?>
<graphml xmlns="http://graphml.graphdrawing.org/xmlns"
         xmlns:xsi="http://www.w3.org/2001/XMLSchema-instance"
         xsi:schemaLocation="http://graphml.graphdrawing.org/xmlns
         http://graphml.graphdrawing.org/xmlns/1.0/graphml.xsd">
<!-- Created by igraph -->
  <key id="v_Title" for="node" attr.name="Title" attr.type="string"/>
  <key id="v_hrank" for="node" attr.name="hrank" attr.type="double"/>
  <key id="v_numDirects" for="node" attr.name="numDirects" attr.type="double"/>
  <key id="v_numCollegues" for="node" attr.name="numCollegues" attr.type="double"/>
  <key id="v_RecentlyModifiedCount" for="node" attr.name="RecentlyModifiedCount" attr.type="double"/>
  <key id="v_ModifiedTitles" for="node" attr.name="ModifiedTitles" attr.type="string"/>
  <key id="v_TrendingTitles" for="node" attr.name="TrendingTitles" attr.type="string"/>
  <key id="v_id" for="node" attr.name="id" attr.type="string"/>
  <key id="e_weight" for="edge" attr.name="weight" attr.type="double"/>
  <graph id="G" edgedefault="undirected">
    <node id="n0">
      <data key="v_Title">Yifat Sagiv</data>
      <data key="v_hrank">0</data>
      <data key="v_numDirects">7</data>
      <data key="v_numCollegues">0</data>
      <data key="v_RecentlyModifiedCount">10</data>
      <data key="v_ModifiedTitles"> ; Microsoft confidential ; FFXL-SU10 - Plan ; Local files support ; Power BI add-in ; FFXL-SU10 - Plan ; FFXL-SU10 - Plan ; FFXL-SU10 - Plan ; Power bi ; GM Review Apr 2016.pptx ; Power BI Excel Add-in</data>
      <data key="v_TrendingTitles"> ; TSGs ; Training ; Vendor Ops ; Drawbridge ; Daily Live Site ; PaaS Team Strategy ; GM Review Apr 2016.pptx ; Event Monitoring Guidance - Power Bi_v0 3 ; Power BI LiveSite Roles Responsibilities ; App Model.pptx ; Power BI CEN ; Microsoft confidential ; 6044585 ; Power BI PR All March 23.pptx ; Power BI Desktop ; Azure Data Handling Requirements ; Conceptual Model - v3 ; Imports API - Moving to V1.0 ; GM Review Apr 2016_Ilanh.pptx ; PBIO Shiproom</data>
      <data key="v_id">148886980</data>
    </node>
    <node id="n1">
      <data key="v_Title">Omri Armstrong</data>
      <data key="v_hrank">1</data>
      <data key="v_numDirects">0</data>
      <data key="v_numCollegues">7</data>
      <data key="v_RecentlyModifiedCount">6</data>
      <data key="v_ModifiedTitles"> ; Getting Started ; Windows Fabric Emulator ; PBIO Hackaton ; PBI Portal ; Fundamentals - Certification ; Local files support</data>
      <data key="v_TrendingTitles"> ; TSGs ; Vendor Ops ; Drawbridge ; Getting Started ; OneNote_DeletedPages ; GM Review Apr 2016.pptx ; Microsoft confidential ; MD-DesignReview-22.4-strings ; Event Monitoring Guidance - Power Bi_v0 3 ; GM Review Apr 2016_Ilanh.pptx ; MD-DesignReview-14.4 ; Imports API - Moving to V1.0 ; Power bi ; 6044585 ; Mobile Dashboards Architecture ; Machine Reservation Service Design Note ; Power BI Desktop ; Microsoft confidential ; AXL ; 2015-08 Excel Travel Forecast FY16</data>
      <data key="v_id">20198260</data>
    </node>
    <node id="n2">
      <data key="v_Title">Noa Nutkevitch</data>
      <data key="v_hrank">1</data>
      <data key="v_numDirects">0</data>
      <data key="v_numCollegues">7</data>
      <data key="v_RecentlyModifiedCount">10</data>
      <data key="v_ModifiedTitles"> ; Local files support ; Getting Started ; Telemetry and reports ; Windows Fabric Emulator ; Daily Live Site ; Vendor Ops ; PBIO Hackaton ; Testing ; AML ; Kusto One Pager</data>
      <data key="v_TrendingTitles"> ; TSGs ; Vendor Ops ; Training ; Drawbridge ; Daily Live Site ; GM Review Apr 2016.pptx ; Event Monitoring Guidance - Power Bi_v0 3 ; 6044585 ; 2016_04_22 ; Finance Mission iMBR ; Power BI / PowerPoint integration ; Power bi ; Imports API - Moving to V1.0 ; Conceptual Model - v3 ; Power BI Desktop ; Power BI PR All March 23.pptx ; Microsoft confidential ; Microsoft R Monthly Checkpoint ; Azure Data Handling Requirements ; Power bi</data>
      <data key="v_id">59256133</data>
    </node>
    <node id="n3">
      <data key="v_Title">Arina Hantsis</data>
      <data key="v_hrank">1</data>
      <data key="v_numDirects">0</data>
      <data key="v_numCollegues">7</data>
      <data key="v_RecentlyModifiedCount">9</data>
      <data key="v_ModifiedTitles"> ; Hackathon ; PBIO Hackaton ; Power BI add-in ; Mobile BI ; Mobile BI ; FFXL-SU10 - Plan ; MDIS conference ; Daily Live Site ; FFXL-SU10 - Plan</data>
      <data key="v_TrendingTitles"> ; TSGs ; Drawbridge ; Training ; Getting Started ; Vendor Ops ; GM Review Apr 2016.pptx ; 1 ; 6044585 ; GM Review Apr 2016_Ilanh.pptx ; Fabric Onboarding Schedule Final 030416 ; Power BI / PowerPoint integration ; Power bi ; SQL BI Weekly Live Site Review ; Power BI LiveSite Roles Responsibilities ; Imports API - Moving to V1.0 ; Microsoft confidential ; Power BI CEN ; R Visuals Usage Model ; PBIO Shiproom ; Microsoft confidential</data>
      <data key="v_id">148876580</data>
    </node>
    <node id="n4">
      <data key="v_Title">Gilad Taragano</data>
      <data key="v_hrank">1</data>
      <data key="v_numDirects">0</data>
      <data key="v_numCollegues">7</data>
      <data key="v_RecentlyModifiedCount">9</data>
      <data key="v_ModifiedTitles"> ; Refresh ; Hackathon ; Local files support ; Testing ; Office Development ; Power BI add-in ; Telemetry and reports ; Vendor Ops ; OneNote_DeletedPages</data>
      <data key="v_TrendingTitles"> ; TSGs ; Training ; Vendor Ops ; Drawbridge ; Daily Live Site ; GM Review Apr 2016.pptx ; DeploymentSchedule ; Event Monitoring Guidance - Power Bi_v0 3 ; 6044585 ; PaaS Team Strategy ; Alert-Overall-Pictures ; KustoAlerting-MINYIZ4 ; Gateway Database Schema and DM API ; Conceptual Model - v3 ; Power BI / PowerPoint integration ; Power BI PR All March 23.pptx ; Machine Reservation Service Design Note ; Power bi ; R Visuals Usage Model ; 2015-08 Excel Travel Forecast FY16</data>
      <data key="v_id">149303890</data>
    </node>
    <node id="n5">
      <data key="v_Title">Sasha Alperovich</data>
      <data key="v_hrank">1</data>
      <data key="v_numDirects">0</data>
      <data key="v_numCollegues">7</data>
      <data key="v_RecentlyModifiedCount">10</data>
      <data key="v_ModifiedTitles"> ; Local files support ; XL2PBI publishing ; PBIO Hackaton ; OneNote_DeletedPages ; Testing ; LocalFiles - increments_plan ; Customer Issues ; Windows ; Windows Fabric Emulator ; Engineering</data>
      <data key="v_TrendingTitles"> ; TSGs ; Training ; Vendor Ops ; Drawbridge ; Daily Live Site ; PaaS Team Strategy ; GM Review Apr 2016.pptx ; DeploymentSchedule ; Intergration cloud compute environment ; Event Monitoring Guidance - Power Bi_v0 3 ; Microsoft confidential ; ExpressRoute - Building a Connection ; Power bi ; Gateway Database Schema and DM API ; 6044585 ; Engaging Desktop Users with the Service ; share ; Azure Data Handling Requirements ; Power BI PR All March 23.pptx ; Conceptual Model - v3</data>
      <data key="v_id">149368345</data>
    </node>
    <node id="n6">
      <data key="v_Title">Ran Didi</data>
      <data key="v_hrank">1</data>
      <data key="v_numDirects">0</data>
      <data key="v_numCollegues">7</data>
      <data key="v_RecentlyModifiedCount">10</data>
      <data key="v_ModifiedTitles"> ; Telemetry and reports ; PBIO Hackaton ; WAC ; New Section 1 ; Tips n&apos; Tricks ; Local files support ; AML ; OneNote_DeletedPages ; AviPi ; SharePoint interaction</data>
      <data key="v_TrendingTitles"> ; TSGs ; Training ; Vendor Ops ; Drawbridge ; Daily Live Site ; PaaS Team Strategy ; GM Review Apr 2016.pptx ; Blog_post - PowerApps Public Preview ; DeploymentSchedule ; Event Monitoring Guidance - Power Bi_v0 3 ; PowerApps Briefing Deck v2.pptx ; Microsoft confidential ; Alert-Overall-Pictures ; KustoAlerting-MINYIZ4 ; Power bi ; ProBI Offsite April 2016 - ES slides.pptx ; Gateway Database Schema and DM API ; 6044585 ; Download and Install FY16 ; Conceptual Model - v3</data>
      <data key="v_id">149397057</data>
    </node>
    <node id="n7">
      <data key="v_Title">Ali Hamud</data>
      <data key="v_hrank">1</data>
      <data key="v_numDirects">0</data>
      <data key="v_numCollegues">7</data>
      <data key="v_RecentlyModifiedCount">10</data>
      <data key="v_ModifiedTitles"> ; Hackathon ; PBIO Hackaton ; Imports API - Moving to V1.0 ; XL2PBI publishing ; Getting Started ; Import API ; Office Development ; Developer APIs ; Windows Fabric Emulator ; OneNote_DeletedPages</data>
      <data key="v_TrendingTitles"> ; TSGs ; Vendor Ops ; Training ; Drawbridge ; Daily Live Site ; PaaS Team Strategy ; Blog_post - PowerApps Public Preview ; UIAutomation (Sway) - IAppWindow ; PowerApps Briefing Deck v2.pptx ; Enabling UI Automation Spec ; GM Review Apr 2016.pptx ; GM Review Apr 2016_Ilanh.pptx ; 6044585 ; share ; Conceptual Model - v3 ; Microsoft confidential ; Download and Install FY16 ; AXL ; Power bi ; Imports API - Moving to V1.0</data>
      <data key="v_id">149427618</data>
    </node>
    <node id="n8">
      <data key="v_Title">OUTSIDE</data>
      <data key="v_hrank">0</data>
      <data key="v_numDirects">0</data>
      <data key="v_numCollegues">0</data>
      <data key="v_RecentlyModifiedCount">0</data>
      <data key="v_ModifiedTitles">unknown</data>
      <data key="v_TrendingTitles">unknown</data>
      <data key="v_id">-100</data>
    </node>
    <edge source="n0" target="n1">
      <data key="e_weight">100</data>
    </edge>
    <edge source="n0" target="n2">
      <data key="e_weight">99</data>
    </edge>
    <edge source="n0" target="n3">
      <data key="e_weight">200</data>
    </edge>
    <edge source="n0" target="n4">
      <data key="e_weight">100</data>
    </edge>
    <edge source="n0" target="n5">
      <data key="e_weight">194</data>
    </edge>
    <edge source="n0" target="n6">
      <data key="e_weight">100</data>
    </edge>
    <edge source="n0" target="n7">
      <data key="e_weight">190</data>
    </edge>
    <edge source="n0" target="n8">
      <data key="e_weight">2203</data>
    </edge>
    <edge source="n1" target="n2">
      <data key="e_weight">97</data>
    </edge>
    <edge source="n1" target="n4">
      <data key="e_weight">96</data>
    </edge>
    <edge source="n1" target="n5">
      <data key="e_weight">99</data>
    </edge>
    <edge source="n1" target="n6">
      <data key="e_weight">178</data>
    </edge>
    <edge source="n1" target="n7">
      <data key="e_weight">95</data>
    </edge>
    <edge source="n1" target="n8">
      <data key="e_weight">723</data>
    </edge>
    <edge source="n2" target="n3">
      <data key="e_weight">98</data>
    </edge>
    <edge source="n2" target="n4">
      <data key="e_weight">194</data>
    </edge>
    <edge source="n2" target="n5">
      <data key="e_weight">96</data>
    </edge>
    <edge source="n2" target="n6">
      <data key="e_weight">193</data>
    </edge>
    <edge source="n2" target="n7">
      <data key="e_weight">192</data>
    </edge>
    <edge source="n2" target="n8">
      <data key="e_weight">450</data>
    </edge>
    <edge source="n3" target="n5">
      <data key="e_weight">96</data>
    </edge>
    <edge source="n3" target="n6">
      <data key="e_weight">97</data>
    </edge>
    <edge source="n3" target="n7">
      <data key="e_weight">196</data>
    </edge>
    <edge source="n3" target="n8">
      <data key="e_weight">1144</data>
    </edge>
    <edge source="n4" target="n5">
      <data key="e_weight">190</data>
    </edge>
    <edge source="n4" target="n6">
      <data key="e_weight">99</data>
    </edge>
    <edge source="n4" target="n8">
      <data key="e_weight">1233</data>
    </edge>
    <edge source="n5" target="n6">
      <data key="e_weight">96</data>
    </edge>
    <edge source="n5" target="n7">
      <data key="e_weight">95</data>
    </edge>
    <edge source="n5" target="n8">
      <data key="e_weight">1472</data>
    </edge>
    <edge source="n6" target="n7">
      <data key="e_weight">181</data>
    </edge>
    <edge source="n6" target="n8">
      <data key="e_weight">543</data>
    </edge>
    <edge source="n7" target="n8">
      <data key="e_weight">708</data>
    </edge>
  </graph>
</graphml>
