﻿<?xml version="1.0" encoding="utf-8"?><graphml xmlns:xsi="http://www.w3.org/2001/XMLSchema-instance" xsi:schemaLocation="http://graphml.graphdrawing.org/xmlns http://graphml.graphdrawing.org/xmlns/1.0/graphml.xsd" xmlns="http://graphml.graphdrawing.org/xmlns"><key id="Title" for="node" attr.name="Title" attr.type="string"><default>unknown</default></key><key id="hrank" for="node" attr.name="hrank" attr.type="double"><default>0</default></key><key id="numDirects" for="node" attr.name="numDirects" attr.type="double"><default>0</default></key><key id="numCollegues" for="node" attr.name="numCollegues" attr.type="double"><default>0</default></key><key id="RecentlyModifiedCount" for="node" attr.name="RecentlyModifiedCount" attr.type="double"><default>0</default></key><key id="ModifiedTitles" for="node" attr.name="ModifiedTitles" attr.type="string"><default>unknown</default></key><key id="TrendingTitles" for="node" attr.name="TrendingTitles" attr.type="string"><default>unknown</default></key><key id="weight" for="edge" attr.name="weight" attr.type="double"><default>1</default></key><graph id="social_graph" edgedefault="undirected"><node id="149393701"><data key="Title">SHAY GURMAN</data><data key="hrank">0</data><data key="numDirects">5</data><data key="RecentlyModifiedCount">4</data><data key="ModifiedTitles"> EGW - Costing_last_last Getting Started Developer APIs EGW post preview planning</data><data key="TrendingTitles"> Daily Live Site Hackathon OneNote_DeletedPages OneNote_DeletedPages Developer APIs Microsoft Power BI “Embedded” Power BI Desktop Power BI PaaS - Spring 2016 Plan Review (Feb 24 2016).pptx Shared Services  Spring Review Power BI Excel Add-in</data></node><node id="148884247"><data key="Title">Fred Garcia</data><data key="hrank">1</data><data key="numCollegues">5</data><data key="numDirects">3</data><data key="RecentlyModifiedCount">5</data><data key="ModifiedTitles"> OneNote_DeletedPages Security Incidents SQL BI Weekly Live Site Review PowerBI SMEs Untitled Section</data><data key="TrendingTitles"> Hackathon Daily Live Site Untitled Section OneNote_DeletedPages TSGs Microsoft Power BI “Embedded” Power BI PaaS - Spring 2016 Plan Review (Feb 24 2016).pptx Power BI Desktop Qlik Compete Profile Shared Services  Spring Review</data></node><node id="149314692"><data key="Title">Irina Gorbach</data><data key="hrank">1</data><data key="numCollegues">5</data><data key="numDirects">6</data><data key="RecentlyModifiedCount">2</data><data key="ModifiedTitles"> Power BI PaaS Untitled Section</data><data key="TrendingTitles"> Daily Live Site Vendor Ops Hackathon TSGs Dashboards and Reports Shared Services  Spring Review Power BI Desktop Power BI PaaS - Spring 2016 Plan Review (Feb 24 2016).pptx Qlik Compete Profile Team-based workspace  fact base</data></node><node id="149382088"><data key="Title">Jon Gallant</data><data key="hrank">1</data><data key="numCollegues">5</data><data key="numDirects">17</data><data key="RecentlyModifiedCount">5</data><data key="ModifiedTitles"> Perf Untitled Section Developer SDKs Engineering Kusto One Pager</data><data key="TrendingTitles"> Hackathon Daily Live Site Untitled Section Dashboards and Reports Microsoft Power BI “Embedded” Team-based workspace  fact base Power BI Desktop Shared Services  Spring Review Qlik Compete Profile ESRI – Power BI - Strawman Feb 2016</data></node><node id="149405311"><data key="Title">Tony Bencic</data><data key="hrank">1</data><data key="numCollegues">5</data><data key="numDirects">0</data><data key="RecentlyModifiedCount">11</data><data key="ModifiedTitles"> Technology Squad Platform Squad Incident Management Tools and Portals BCDR Playbook OneNote_DeletedPages OneNote_DeletedPages TSGs Vendor Ops Operations Synthetic Runner Service</data><data key="TrendingTitles"> Daily Live Site Vendor Ops Hackathon TSGs Dashboards and Reports Shared Services  Spring Review Microsoft Power BI “Embedded” Qlik Compete Profile ESRI – Power BI - Strawman Feb 2016 Integrating ESRI into Power BI</data></node><node id="17592360484015"><data key="Title">Kalavathi Pappuru (MINDTREE LIMITED)</data><data key="hrank">1</data><data key="numCollegues">5</data><data key="numDirects">0</data><data key="RecentlyModifiedCount">2</data><data key="ModifiedTitles"> Getting Started Sources</data><data key="TrendingTitles"> Daily Live Site MSDN Livesite 2015 MDM Onboarding - Step by Step Features Hackathon LSI-Severity-Metrix VSCOPS_Patching_Schedule_February_2016 Porperty Documentation Progress Status Microsoft Office 365 GallaCake OP Partners onboarding</data></node><node id="149330980"><data key="Title">Bashir Souid</data><data key="hrank">2</data><data key="numCollegues">3</data><data key="numDirects">0</data><data key="RecentlyModifiedCount">1</data><data key="ModifiedTitles"> Hackathon</data><data key="TrendingTitles"> Hackathon Daily Live Site Untitled Section Microsoft Power BI “Embedded” Import API ESRI – Power BI - Strawman Feb 2016 Integrating ESRI into Power BI Team-based workspace  fact base Bing Snapps Data Quality Shiproom Current.pptx Power BI PaaS - Spring 2016 Plan Review (Feb 24 2016).pptx</data></node><node id="219614112"><data key="Title">Lenny Urbanowski</data><data key="hrank">2</data><data key="numCollegues">3</data><data key="numDirects">0</data><data key="RecentlyModifiedCount">1</data><data key="ModifiedTitles"> Hackathon</data><data key="TrendingTitles"> Hackathon Daily Live Site Untitled Section Vendor Ops Import API Microsoft Power BI “Embedded” Team-based workspace  fact base ESRI – Power BI - Strawman Feb 2016 Integrating ESRI into Power BI Power BI Desktop</data></node><node id="321232892"><data key="Title">Jiadong Jin</data><data key="hrank">2</data><data key="numCollegues">3</data><data key="numDirects">0</data><data key="RecentlyModifiedCount">4</data><data key="ModifiedTitles"> Visualization Extensibility Monitoring and Alerting TSGs PBI Portal</data><data key="TrendingTitles"> Daily Live Site Vendor Ops Hackathon TSGs Dashboards and Reports ESRI – Power BI - Strawman Feb 2016 Integrating ESRI into Power BI Shared Services  Spring Review Team-based workspace  fact base Power BI Desktop</data></node><node id="84307044"><data key="Title">Pawel Kwiecien</data><data key="hrank">2</data><data key="numCollegues">6</data><data key="numDirects">0</data><data key="RecentlyModifiedCount">3</data><data key="ModifiedTitles"> Hackathon Instrumentation Dev</data><data key="TrendingTitles"> Hackathon Daily Live Site Vendor Ops Untitled Section Dashboards and Reports Sharing with Confidence.pptx Comments Overview Comments Overview Choice w/Glyphs on Choice Preview Plan.pptx</data></node><node id="148893325"><data key="Title">Avani Chandrasekaran</data><data key="hrank">2</data><data key="numCollegues">6</data><data key="numDirects">0</data><data key="RecentlyModifiedCount">5</data><data key="ModifiedTitles"> Dev Untitled Section Hackathon ISO OneNote_DeletedPages</data><data key="TrendingTitles"> Hackathon Daily Live Site Vendor Ops Untitled Section Team-based workspace  fact base Engineering Systems Team Universal Traffic Control 2016 Data Insights Summit - Shape and Transform data using Excel 2016 California Proposal PhoneUCS_Selfhost_MSA_List</data></node><node id="149300579"><data key="Title">Chandrakumar Bhumireddy</data><data key="hrank">2</data><data key="numCollegues">6</data><data key="numDirects">0</data><data key="RecentlyModifiedCount">8</data><data key="ModifiedTitles"> Investigation Dev TSGs Hackathon PBI Portal Incident Management OneNote_DeletedPages Untitled Section</data><data key="TrendingTitles"> Daily Live Site Hackathon OneNote_DeletedPages Vendor Ops TSGs Microsoft Power BI “Embedded” Power BI PaaS - Spring 2016 Plan Review (Feb 24 2016).pptx Power BI Desktop ESRI – Power BI - Strawman Feb 2016 Integrating ESRI into Power BI</data></node><node id="149384862"><data key="Title">Courtney O'Keefe</data><data key="hrank">2</data><data key="numCollegues">6</data><data key="numDirects">0</data><data key="RecentlyModifiedCount">4</data><data key="ModifiedTitles"> Incident Management SME Rotation Playbook 2 Wiki TSGs</data><data key="TrendingTitles"> Daily Live Site Hackathon Vendor Ops TSGs OneNote_DeletedPages Power BI PaaS - Spring 2016 Plan Review (Feb 24 2016).pptx Microsoft Power BI “Embedded” Power BI Data Driven Alerting and Notification Plan Shared Services  Spring Review Power BI Desktop</data></node><node id="149406086"><data key="Title">Dejun Zhou</data><data key="hrank">2</data><data key="numCollegues">6</data><data key="numDirects">0</data><data key="RecentlyModifiedCount">0</data><data key="ModifiedTitles"></data><data key="TrendingTitles"> Daily Live Site Kusto One Pager Hackathon Developer APIs Power BI Data Driven Alerting and Notification Plan VisualObjects Power BI PaaS - Spring 2016 Plan Review (Feb 24 2016).pptx DataView Transform Shared Services  Spring Review Qlik Compete Profile</data></node><node id="149407101"><data key="Title">Joey Wang</data><data key="hrank">2</data><data key="numCollegues">6</data><data key="numDirects">0</data><data key="RecentlyModifiedCount">12</data><data key="ModifiedTitles"> Wiki Improvements Holmes to AzureWatson Improvements Secret Management TSGs SME Rotation Playbook OneNote_DeletedPages Certificates And Secrets Flatrock Beacon Deployments</data><data key="TrendingTitles"> Daily Live Site Vendor Ops TSGs Hackathon Dashboards and Reports Shared Services  Spring Review SQL BI Weekly Live Site Review Engineering Systems Team Power BI PaaS Team-based workspace  fact base</data></node><node id="29313967"><data key="Title">Wesley Yao</data><data key="hrank">2</data><data key="numCollegues">17</data><data key="numDirects">0</data><data key="RecentlyModifiedCount">1</data><data key="ModifiedTitles"> Untitled Section</data><data key="TrendingTitles"> Hackathon Daily Live Site Untitled Section ESRI – Power BI - Strawman Feb 2016 Integrating ESRI into Power BI Microsoft Power BI “Embedded” LOC_rollout 1603 Planning One Pager - Stuck Devices Dashboard 1603 Planning One Pager - TH1 CB Machine Learning One-Page Spec</data></node><node id="107287106"><data key="Title">Ignat Vilesov (Akvelon)</data><data key="hrank">2</data><data key="numCollegues">17</data><data key="numDirects">0</data><data key="RecentlyModifiedCount">1</data><data key="ModifiedTitles"> PBI Portal</data><data key="TrendingTitles"> Hackathon PBI Portal Daily Live Site Dashboards and Reports Microsoft Power BI “Embedded” ESRI – Power BI - Strawman Feb 2016 Integrating ESRI into Power BI Power BI Desktop - Spring 2016 Plan VisualObjects Team-based workspace  fact base</data></node><node id="107287107"><data key="Title">Aleksei Tkach (Akvelon)</data><data key="hrank">2</data><data key="numCollegues">17</data><data key="numDirects">0</data><data key="RecentlyModifiedCount">0</data><data key="ModifiedTitles"></data><data key="TrendingTitles"> PBI Portal Hackathon Untitled Section Microsoft Power BI “Embedded” ESRI – Power BI - Strawman Feb 2016 Power BI Data Driven Alerting and Notification Plan Integrating ESRI into Power BI Power BI Desktop - Spring 2016 Plan Power BI Desktop Team-based workspace  fact base</data></node><node id="107461984"><data key="Title">Nikita Grachev (Akvelon)</data><data key="hrank">2</data><data key="numCollegues">17</data><data key="numDirects">0</data><data key="RecentlyModifiedCount">0</data><data key="ModifiedTitles"></data><data key="TrendingTitles"> PBI Portal Microsoft Power BI “Embedded” Hackathon ESRI – Power BI - Strawman Feb 2016 Integrating ESRI into Power BI Power BI Desktop - Spring 2016 Plan Joining your Windows 10 Computer to a Domain MSBI Theming &amp; Branding.pptx Power BI Desktop VisualObjects</data></node><node id="148880505"><data key="Title">Russell West</data><data key="hrank">2</data><data key="numCollegues">17</data><data key="numDirects">0</data><data key="RecentlyModifiedCount">3</data><data key="ModifiedTitles"> IM Developer APIs Untitled Section</data><data key="TrendingTitles"> Hackathon Daily Live Site Untitled Section Vendor Ops Microsoft Power BI “Embedded” Team-based workspace  fact base Import API Power BI Desktop Engineering Systems Team 2016 Data Insights Summit - Shape and Transform data using Excel 2016</data></node><node id="149332803"><data key="Title">Craig Boucher</data><data key="hrank">2</data><data key="numCollegues">17</data><data key="numDirects">0</data><data key="RecentlyModifiedCount">0</data><data key="ModifiedTitles"></data><data key="TrendingTitles"> Unique Intent Modified Dynamic Microsoft Power BI “Embedded” Line Count Exponential Penalty AdsQuality.LongTermExpts KOPVNext-Design Yahoo_Ads_Interleaving_Weekly_Scrum_Notes PickMultipleSolutionsInKOP UCS_RS_testguidance_V0 Onboarding to Push AgentV2 Power BI PaaS - Spring 2016 Plan Review (Feb 24 2016).pptx</data></node><node id="149379237"><data key="Title">Tony Ferrell</data><data key="hrank">2</data><data key="numCollegues">17</data><data key="numDirects">0</data><data key="RecentlyModifiedCount">1</data><data key="ModifiedTitles"> Untitled Section</data><data key="TrendingTitles"> Daily Live Site Hackathon Vendor Ops Untitled Section Microsoft Power BI “Embedded” Power BI PaaS - Spring 2016 Plan Review (Feb 24 2016).pptx Team-based workspace  fact base Yahoo_Ads_Interleaving_Weekly_Scrum_Notes Power BI Data Driven Alerting and Notification Plan AdsQuality.LongTermExpts</data></node><node id="149391946"><data key="Title">Sachin Patney</data><data key="hrank">2</data><data key="numCollegues">17</data><data key="numDirects">0</data><data key="RecentlyModifiedCount">6</data><data key="ModifiedTitles"> Getting Started Hackathon PBI Portal OneNote_DeletedPages Untitled Section Hackathon</data><data key="TrendingTitles"> Hackathon Daily Live Site Vendor Ops OneNote_DeletedPages Power BI PaaS - Spring 2016 Plan Review (Feb 24 2016).pptx Power BI Desktop ESRI – Power BI - Strawman Feb 2016 Microsoft Power BI “Embedded” Integrating ESRI into Power BI Team-based workspace  fact base</data></node><node id="149420430"><data key="Title">John Kurlak</data><data key="hrank">2</data><data key="numCollegues">17</data><data key="numDirects">0</data><data key="RecentlyModifiedCount">3</data><data key="ModifiedTitles"> Developer APIs Deployments and Environments Guide Enterprise Gateway</data><data key="TrendingTitles"> Backlog Microsoft Power BI “Embedded” Deployments and Environments Guide SU Planning DataLakeOutputAdapter Daily Live Site Power BI PaaS - Spring 2016 Plan Review (Feb 24 2016).pptx JobManagement health model Partner Program Kick-off.pptx EmbeddingPrivatePreviewPartners</data></node><node id="149432910"><data key="Title">Andy Luong</data><data key="hrank">2</data><data key="numCollegues">17</data><data key="numDirects">0</data><data key="RecentlyModifiedCount">5</data><data key="ModifiedTitles"> Developer APIs Deployment Untitled Section PaaS Launch Planning TSGs</data><data key="TrendingTitles"> Daily Live Site Hackathon Vendor Ops Dashboards and Reports Untitled Section Microsoft Power BI “Embedded” Power BI Data Driven Alerting and Notification Plan Team-based workspace  fact base Power BI PaaS - Spring 2016 Plan Review (Feb 24 2016).pptx Power BI Excel Add-in</data></node><node id="149439718"><data key="Title">Will Anderson</data><data key="hrank">2</data><data key="numCollegues">17</data><data key="numDirects">0</data><data key="RecentlyModifiedCount">1</data><data key="ModifiedTitles"> Untitled Section</data><data key="TrendingTitles"> Hackathon Daily Live Site Vendor Ops Untitled Section Microsoft Power BI “Embedded” Team-based workspace  fact base Kusto Power BI Data Driven Alerting and Notification Plan Power BI PaaS - Spring 2016 Plan Review (Feb 24 2016).pptx ESRI – Power BI - Strawman Feb 2016</data></node><node id="149442513"><data key="Title">Vishnuvardhan Vaidhyanathan</data><data key="hrank">2</data><data key="numCollegues">17</data><data key="numDirects">0</data><data key="RecentlyModifiedCount">5</data><data key="ModifiedTitles"> TSGs OneNote_DeletedPages Untitled Section Developer APIs Daily Live Site</data><data key="TrendingTitles"> Daily Live Site Vendor Ops Hackathon Untitled Section Team-based workspace  fact base 2016.02.29.IAMLiveSiteHealth.Consolidated.pptx Shared Services  Spring Review &lt;Insert Protocol Name Here&gt; Power BI PaaS - Spring 2016 Plan Review (Feb 24 2016).pptx Qlik Compete Profile</data></node><node id="293461384"><data key="Title">Dmitriy Tarasov (Akvelon)</data><data key="hrank">2</data><data key="numCollegues">17</data><data key="numDirects">0</data><data key="RecentlyModifiedCount">1</data><data key="ModifiedTitles"> PBI Portal</data><data key="TrendingTitles"> Hackathon Daily Live Site PBI Portal Dashboards and Reports Vendor Ops Microsoft Power BI “Embedded” ESRI – Power BI - Strawman Feb 2016 Integrating ESRI into Power BI Power BI PaaS - Spring 2016 Plan Review (Feb 24 2016).pptx Power BI Desktop</data></node><node id="313143155"><data key="Title">Kamil Zakiev (Akvelon)</data><data key="hrank">2</data><data key="numCollegues">17</data><data key="numDirects">0</data><data key="RecentlyModifiedCount">1</data><data key="ModifiedTitles"> PBI Portal</data><data key="TrendingTitles"> Hackathon PBI Portal Daily Live Site Dashboards and Reports Microsoft Power BI “Embedded” ESRI – Power BI - Strawman Feb 2016 Integrating ESRI into Power BI Power BI Desktop - Spring 2016 Plan Team-based workspace  fact base VisualObjects</data></node><node id="354005826"><data key="Title">Michael Goldsberry (Akvelon)</data><data key="hrank">2</data><data key="numCollegues">17</data><data key="numDirects">0</data><data key="RecentlyModifiedCount">0</data><data key="ModifiedTitles"></data><data key="TrendingTitles"> Microsoft Power BI “Embedded” Daily Live Site PBI Portal Hackathon ESRI – Power BI - Strawman Feb 2016 Integrating ESRI into Power BI MSUSBI_MAD_Weekly Status Update_Feb17-March 1.pptx Partner Program Kick-off.pptx EmbeddingPrivatePreviewPartners Power BI Desktop</data></node><node id="17592414746873"><data key="Title">Denis Kudelin (Akvelon)</data><data key="hrank">2</data><data key="numCollegues">17</data><data key="numDirects">0</data><data key="RecentlyModifiedCount">0</data><data key="ModifiedTitles"></data><data key="TrendingTitles"> PBI Portal Microsoft Power BI “Embedded” Hackathon VisualObjects Joining your Windows 10 Computer to a Domain DataView Transform Power BI Desktop Onboarding to Push AgentV2 Shared Services  Spring Review Team-based workspace  fact base</data></node><node id="17592501359581"><data key="Title">Dmitry Kurkin (Akvelon)</data><data key="hrank">2</data><data key="numCollegues">17</data><data key="numDirects">0</data><data key="RecentlyModifiedCount">0</data><data key="ModifiedTitles"></data><data key="TrendingTitles"> Microsoft Power BI “Embedded” Joining your Windows 10 Computer to a Domain Onboarding to Push AgentV2 Automotive Book of Dreams v1 Using PIN with Passport for Work to Access Work Resources Gateway Database Schema and DM API Recall a Report Scope Tutorial &gt; Introduction Setting Up and Using a Virtual Smart Card in Windows 8.x Using Microsoft IT VPN for Remote Access for Windows 8.x and Windows 7</data></node><node id="-100"><data key="Title">OUTSIDE</data><data key="RecentlyModifiedCount">0</data><data key="ModifiedTitles"></data><data key="TrendingTitles"></data></node>
<edge target="148884247" source="149393701"><data key="weight">192</data></edge>
<edge target="17592360484015" source="149393701"><data key="weight">199</data></edge>
<edge target="-100" source="149393701"><data key="weight">657</data></edge>
<edge target="149314692" source="149393701"><data key="weight">188</data></edge>
<edge target="-100" source="148884247"><data key="weight">390</data></edge>
<edge target="29313967" source="148884247"><data key="weight">195</data></edge>
<edge target="149382088" source="148884247"><data key="weight">196</data></edge>
<edge target="321232892" source="148884247"><data key="weight">195</data></edge>
<edge target="149314692" source="148884247"><data key="weight">190</data></edge>
<edge target="219614112" source="148884247"><data key="weight">189</data></edge>
<edge target="-100" source="149314692"><data key="weight">663</data></edge>
<edge target="149300579" source="149314692"><data key="weight">97</data></edge>
<edge target="148880505" source="149382088"><data key="weight">199</data></edge>
<edge target="-100" source="149382088"><data key="weight">288</data></edge>
<edge target="149314692" source="149382088"><data key="weight">97</data></edge>
<edge target="149332803" source="149382088"><data key="weight">194</data></edge>
<edge target="29313967" source="149382088"><data key="weight">191</data></edge>
<edge target="149432910" source="149382088"><data key="weight">188</data></edge>
<edge target="149439718" source="149382088"><data key="weight">183</data></edge>
<edge target="149314692" source="149405311"><data key="weight">100</data></edge>
<edge target="-100" source="149405311"><data key="weight">663</data></edge>
<edge target="148884247" source="149405311"><data key="weight">95</data></edge>
<edge target="149393701" source="149405311"><data key="weight">91</data></edge>
<edge target="-100" source="17592360484015"><data key="weight">756</data></edge>
<edge target="149405311" source="17592360484015"><data key="weight">93</data></edge>
<edge target="148884247" source="149330980"><data key="weight">100</data></edge>
<edge target="219614112" source="149330980"><data key="weight">198</data></edge>
<edge target="149391946" source="149330980"><data key="weight">98</data></edge>
<edge target="149382088" source="149330980"><data key="weight">97</data></edge>
<edge target="149300579" source="149330980"><data key="weight">94</data></edge>
<edge target="321232892" source="149330980"><data key="weight">93</data></edge>
<edge target="29313967" source="149330980"><data key="weight">92</data></edge>
<edge target="-100" source="149330980"><data key="weight">270</data></edge>
<edge target="149382088" source="219614112"><data key="weight">97</data></edge>
<edge target="29313967" source="219614112"><data key="weight">186</data></edge>
<edge target="321232892" source="219614112"><data key="weight">95</data></edge>
<edge target="-100" source="219614112"><data key="weight">460</data></edge>
<edge target="-100" source="321232892"><data key="weight">564</data></edge>
<edge target="29313967" source="321232892"><data key="weight">189</data></edge>
<edge target="149382088" source="321232892"><data key="weight">93</data></edge>
<edge target="149300579" source="321232892"><data key="weight">89</data></edge>
<edge target="149300579" source="84307044"><data key="weight">197</data></edge>
<edge target="-100" source="84307044"><data key="weight">750</data></edge>
<edge target="149314692" source="84307044"><data key="weight">98</data></edge>
<edge target="149300579" source="148893325"><data key="weight">100</data></edge>
<edge target="-100" source="148893325"><data key="weight">559</data></edge>
<edge target="149314692" source="148893325"><data key="weight">97</data></edge>
<edge target="84307044" source="148893325"><data key="weight">96</data></edge>
<edge target="149407101" source="148893325"><data key="weight">95</data></edge>
<edge target="-100" source="149300579"><data key="weight">575</data></edge>
<edge target="148884247" source="149300579"><data key="weight">95</data></edge>
<edge target="149393701" source="149300579"><data key="weight">94</data></edge>
<edge target="149382088" source="149300579"><data key="weight">89</data></edge>
<edge target="149314692" source="149384862"><data key="weight">100</data></edge>
<edge target="149300579" source="149384862"><data key="weight">99</data></edge>
<edge target="-100" source="149384862"><data key="weight">662</data></edge>
<edge target="84307044" source="149384862"><data key="weight">94</data></edge>
<edge target="149384862" source="149406086"><data key="weight">100</data></edge>
<edge target="149314692" source="149406086"><data key="weight">99</data></edge>
<edge target="-100" source="149406086"><data key="weight">739</data></edge>
<edge target="149300579" source="149407101"><data key="weight">100</data></edge>
<edge target="149384862" source="149407101"><data key="weight">99</data></edge>
<edge target="-100" source="149407101"><data key="weight">655</data></edge>
<edge target="149314692" source="149407101"><data key="weight">89</data></edge>
<edge target="149391946" source="29313967"><data key="weight">200</data></edge>
<edge target="-100" source="29313967"><data key="weight">374</data></edge>
<edge target="149432910" source="29313967"><data key="weight">96</data></edge>
<edge target="313143155" source="107287106"><data key="weight">199</data></edge>
<edge target="149391946" source="107287106"><data key="weight">99</data></edge>
<edge target="293461384" source="107287106"><data key="weight">195</data></edge>
<edge target="-100" source="107287106"><data key="weight">369</data></edge>
<edge target="107461984" source="107287106"><data key="weight">190</data></edge>
<edge target="17592414746873" source="107287106"><data key="weight">185</data></edge>
<edge target="354005826" source="107287106"><data key="weight">90</data></edge>
<edge target="313143155" source="107287107"><data key="weight">100</data></edge>
<edge target="293461384" source="107287107"><data key="weight">195</data></edge>
<edge target="107461984" source="107287107"><data key="weight">98</data></edge>
<edge target="107287106" source="107287107"><data key="weight">97</data></edge>
<edge target="-100" source="107287107"><data key="weight">279</data></edge>
<edge target="17592414746873" source="107287107"><data key="weight">94</data></edge>
<edge target="149391946" source="107287107"><data key="weight">92</data></edge>
<edge target="149382088" source="107287107"><data key="weight">91</data></edge>
<edge target="313143155" source="107461984"><data key="weight">198</data></edge>
<edge target="-100" source="107461984"><data key="weight">283</data></edge>
<edge target="17592414746873" source="107461984"><data key="weight">189</data></edge>
<edge target="149391946" source="107461984"><data key="weight">93</data></edge>
<edge target="354005826" source="107461984"><data key="weight">183</data></edge>
<edge target="293461384" source="107461984"><data key="weight">185</data></edge>
<edge target="149382088" source="107461984"><data key="weight">89</data></edge>
<edge target="149379237" source="148880505"><data key="weight">199</data></edge>
<edge target="-100" source="148880505"><data key="weight">460</data></edge>
<edge target="149439718" source="148880505"><data key="weight">196</data></edge>
<edge target="149420430" source="148880505"><data key="weight">195</data></edge>
<edge target="149432910" source="148880505"><data key="weight">182</data></edge>
<edge target="149379237" source="149332803"><data key="weight">198</data></edge>
<edge target="149439718" source="149332803"><data key="weight">196</data></edge>
<edge target="149432910" source="149332803"><data key="weight">97</data></edge>
<edge target="149420430" source="149332803"><data key="weight">96</data></edge>
<edge target="-100" source="149332803"><data key="weight">465</data></edge>
<edge target="149382088" source="149379237"><data key="weight">99</data></edge>
<edge target="149439718" source="149379237"><data key="weight">190</data></edge>
<edge target="-100" source="149379237"><data key="weight">187</data></edge>
<edge target="149420430" source="149379237"><data key="weight">193</data></edge>
<edge target="149432910" source="149379237"><data key="weight">190</data></edge>
<edge target="148884247" source="149379237"><data key="weight">93</data></edge>
<edge target="29313967" source="149379237"><data key="weight">90</data></edge>
<edge target="148884247" source="149391946"><data key="weight">99</data></edge>
<edge target="-100" source="149391946"><data key="weight">479</data></edge>
<edge target="149382088" source="149391946"><data key="weight">94</data></edge>
<edge target="313143155" source="149391946"><data key="weight">192</data></edge>
<edge target="293461384" source="149391946"><data key="weight">190</data></edge>
<edge target="149382088" source="149420430"><data key="weight">99</data></edge>
<edge target="149432910" source="149420430"><data key="weight">194</data></edge>
<edge target="149439718" source="149420430"><data key="weight">187</data></edge>
<edge target="-100" source="149420430"><data key="weight">279</data></edge>
<edge target="149442513" source="149420430"><data key="weight">188</data></edge>
<edge target="29313967" source="149420430"><data key="weight">89</data></edge>
<edge target="148884247" source="149432910"><data key="weight">100</data></edge>
<edge target="-100" source="149432910"><data key="weight">378</data></edge>
<edge target="149439718" source="149432910"><data key="weight">187</data></edge>
<edge target="-100" source="149439718"><data key="weight">291</data></edge>
<edge target="148884247" source="149439718"><data key="weight">96</data></edge>
<edge target="-100" source="149442513"><data key="weight">670</data></edge>
<edge target="149382088" source="149442513"><data key="weight">98</data></edge>
<edge target="149332803" source="149442513"><data key="weight">91</data></edge>
<edge target="313143155" source="293461384"><data key="weight">192</data></edge>
<edge target="17592414746873" source="293461384"><data key="weight">197</data></edge>
<edge target="-100" source="293461384"><data key="weight">276</data></edge>
<edge target="149382088" source="293461384"><data key="weight">92</data></edge>
<edge target="-100" source="313143155"><data key="weight">277</data></edge>
<edge target="354005826" source="313143155"><data key="weight">195</data></edge>
<edge target="17592414746873" source="313143155"><data key="weight">193</data></edge>
<edge target="149382088" source="313143155"><data key="weight">90</data></edge>
<edge target="-100" source="354005826"><data key="weight">286</data></edge>
<edge target="149391946" source="354005826"><data key="weight">97</data></edge>
<edge target="293461384" source="354005826"><data key="weight">96</data></edge>
<edge target="148884247" source="354005826"><data key="weight">95</data></edge>
<edge target="149382088" source="354005826"><data key="weight">92</data></edge>
<edge target="17592414746873" source="354005826"><data key="weight">90</data></edge>
<edge target="-100" source="17592414746873"><data key="weight">284</data></edge>
<edge target="149391946" source="17592414746873"><data key="weight">97</data></edge>
<edge target="149382088" source="17592414746873"><data key="weight">91</data></edge>
<edge target="148884247" source="17592414746873"><data key="weight">89</data></edge>
<edge target="-100" source="17592501359581"><data key="weight">100</data></edge>
<edge target="354005826" source="17592501359581"><data key="weight">98</data></edge>
<edge target="313143155" source="17592501359581"><data key="weight">97</data></edge>
<edge target="149442513" source="17592501359581"><data key="weight">96</data></edge>
<edge target="148880505" source="17592501359581"><data key="weight">95</data></edge>
<edge target="149382088" source="17592501359581"><data key="weight">94</data></edge>
<edge target="149379237" source="17592501359581"><data key="weight">93</data></edge>
<edge target="17592414746873" source="17592501359581"><data key="weight">92</data></edge>
<edge target="149391946" source="17592501359581"><data key="weight">91</data></edge>
<edge target="107287106" source="17592501359581"><data key="weight">90</data></edge></graph></graphml>