﻿<?xml version="1.0" encoding="utf-8"?><graphml xmlns:xsi="http://www.w3.org/2001/XMLSchema-instance" xsi:schemaLocation="http://graphml.graphdrawing.org/xmlns http://graphml.graphdrawing.org/xmlns/1.0/graphml.xsd" xmlns="http://graphml.graphdrawing.org/xmlns"><key id="Title" for="node" attr.name="Title" attr.type="string"><default>unknown</default></key><key id="hrank" for="node" attr.name="hrank" attr.type="double"><default>0</default></key><key id="numDirects" for="node" attr.name="numDirects" attr.type="double"><default>0</default></key><key id="numCollegues" for="node" attr.name="numCollegues" attr.type="double"><default>0</default></key><key id="weight" for="edge" attr.name="weight" attr.type="double"><default>1</default></key><graph id="hierarchy_graph" edgedefault="directed"><node id="148880008"><data key="Title">Laurent Mollicone</data><data key="hrank">0</data><data key="numDirects">8</data></node><node id="148894976"><data key="Title">Jamie Warner</data><data key="hrank">1</data><data key="numCollegues">8</data><data key="numDirects">4</data></node><node id="149320435"><data key="Title">Pratik Patel</data><data key="hrank">1</data><data key="numCollegues">8</data><data key="numDirects">5</data></node><node id="149326455"><data key="Title">Robert Bruckner</data><data key="hrank">1</data><data key="numCollegues">8</data><data key="numDirects">0</data></node><node id="149333948"><data key="Title">Sid Jayadevan</data><data key="hrank">1</data><data key="numCollegues">8</data><data key="numDirects">8</data></node><node id="149338179"><data key="Title">Bei Zhou</data><data key="hrank">1</data><data key="numCollegues">8</data><data key="numDirects">0</data></node><node id="149347607"><data key="Title">Zhongwei Wu</data><data key="hrank">1</data><data key="numCollegues">8</data><data key="numDirects">5</data></node><node id="149386742"><data key="Title">Eric Lai</data><data key="hrank">1</data><data key="numCollegues">8</data><data key="numDirects">0</data></node><node id="149412019"><data key="Title">Paul Larsen</data><data key="hrank">1</data><data key="numCollegues">8</data><data key="numDirects">4</data></node><node id="96140203"><data key="Title">Miguel Eduardo Rivera Salazar</data><data key="hrank">2</data><data key="numCollegues">4</data><data key="numDirects">0</data></node><node id="149331486"><data key="Title">Michael Kimmich</data><data key="hrank">2</data><data key="numCollegues">4</data><data key="numDirects">0</data></node><node id="149366911"><data key="Title">Shubha Jain</data><data key="hrank">2</data><data key="numCollegues">4</data><data key="numDirects">0</data></node><node id="149426683"><data key="Title">David Kahn</data><data key="hrank">2</data><data key="numCollegues">4</data><data key="numDirects">0</data></node><node id="9604634"><data key="Title">Katrina Wan</data><data key="hrank">2</data><data key="numCollegues">5</data><data key="numDirects">0</data></node><node id="23650760"><data key="Title">Zack Xie</data><data key="hrank">2</data><data key="numCollegues">5</data><data key="numDirects">0</data></node><node id="149333698"><data key="Title">Tristan St-Cyr</data><data key="hrank">2</data><data key="numCollegues">5</data><data key="numDirects">0</data></node><node id="149421243"><data key="Title">Alex Diedrich</data><data key="hrank">2</data><data key="numCollegues">5</data><data key="numDirects">0</data></node><node id="294167218"><data key="Title">Suvidha Kancharla</data><data key="hrank">2</data><data key="numCollegues">5</data><data key="numDirects">0</data></node><node id="59251586"><data key="Title">Zachary Halasz</data><data key="hrank">2</data><data key="numCollegues">8</data><data key="numDirects">0</data></node><node id="148880465"><data key="Title">David Zhang (DE)</data><data key="hrank">2</data><data key="numCollegues">8</data><data key="numDirects">0</data></node><node id="148884032"><data key="Title">Alejandro Lopez-Lago</data><data key="hrank">2</data><data key="numCollegues">8</data><data key="numDirects">0</data></node><node id="148890783"><data key="Title">Ehren von Lehe</data><data key="hrank">2</data><data key="numCollegues">8</data><data key="numDirects">0</data></node><node id="149344315"><data key="Title">Bo Cui</data><data key="hrank">2</data><data key="numCollegues">8</data><data key="numDirects">0</data></node><node id="149391215"><data key="Title">Rodrigo Aceves Perez</data><data key="hrank">2</data><data key="numCollegues">8</data><data key="numDirects">0</data></node><node id="149405834"><data key="Title">Francesco Lunetta</data><data key="hrank">2</data><data key="numCollegues">8</data><data key="numDirects">0</data></node><node id="149472252"><data key="Title">Anton Ametov</data><data key="hrank">2</data><data key="numCollegues">8</data><data key="numDirects">0</data></node><node id="148883037"><data key="Title">Jeff Tyson</data><data key="hrank">2</data><data key="numCollegues">5</data><data key="numDirects">0</data></node><node id="148893638"><data key="Title">Yingwei Yang</data><data key="hrank">2</data><data key="numCollegues">5</data><data key="numDirects">0</data></node><node id="149373112"><data key="Title">Clemens Kerer</data><data key="hrank">2</data><data key="numCollegues">5</data><data key="numDirects">0</data></node><node id="149387442"><data key="Title">Gani Nazirov</data><data key="hrank">2</data><data key="numCollegues">5</data><data key="numDirects">0</data></node><node id="335483173"><data key="Title">Pete Diemert</data><data key="hrank">2</data><data key="numCollegues">5</data><data key="numDirects">0</data></node><node id="43468888"><data key="Title">Bill Lange</data><data key="hrank">2</data><data key="numCollegues">4</data><data key="numDirects">2</data></node><node id="149384509"><data key="Title">Chris Houser (HIS)</data><data key="hrank">2</data><data key="numCollegues">4</data><data key="numDirects">3</data></node><node id="149412039"><data key="Title">Valerie Robb (THOMAS)</data><data key="hrank">2</data><data key="numCollegues">4</data><data key="numDirects">0</data></node><node id="149444500"><data key="Title">Charlie Ezzell</data><data key="hrank">2</data><data key="numCollegues">4</data><data key="numDirects">0</data></node><node id="148890777"><data key="Title">Frank Slaga</data><data key="hrank">3</data><data key="numCollegues">2</data><data key="numDirects">0</data></node><node id="149350499"><data key="Title">Tammi Snook</data><data key="hrank">3</data><data key="numCollegues">2</data><data key="numDirects">0</data></node><node id="148896294"><data key="Title">Russell Kasbaum</data><data key="hrank">3</data><data key="numCollegues">3</data><data key="numDirects">0</data></node><node id="149355429"><data key="Title">Joseph Taranta</data><data key="hrank">3</data><data key="numCollegues">3</data><data key="numDirects">0</data></node><node id="217210561"><data key="Title">John Hilditch (Metaswitch Networks Limited)</data><data key="hrank">3</data><data key="numCollegues">3</data><data key="numDirects">0</data></node><node id="-100"><data key="Title">OUTSIDE</data></node>
<edge target="148894976" source="148880008"><data key="weight">1</data></edge>
<edge target="149320435" source="148880008"><data key="weight">1</data></edge>
<edge target="149326455" source="148880008"><data key="weight">1</data></edge>
<edge target="149333948" source="148880008"><data key="weight">1</data></edge>
<edge target="149338179" source="148880008"><data key="weight">1</data></edge>
<edge target="149347607" source="148880008"><data key="weight">1</data></edge>
<edge target="149386742" source="148880008"><data key="weight">1</data></edge>
<edge target="149412019" source="148880008"><data key="weight">1</data></edge>
<edge target="96140203" source="148894976"><data key="weight">1</data></edge>
<edge target="149331486" source="148894976"><data key="weight">1</data></edge>
<edge target="149366911" source="148894976"><data key="weight">1</data></edge>
<edge target="149426683" source="148894976"><data key="weight">1</data></edge>
<edge target="9604634" source="149320435"><data key="weight">1</data></edge>
<edge target="23650760" source="149320435"><data key="weight">1</data></edge>
<edge target="149333698" source="149320435"><data key="weight">1</data></edge>
<edge target="149421243" source="149320435"><data key="weight">1</data></edge>
<edge target="294167218" source="149320435"><data key="weight">1</data></edge>
<edge target="59251586" source="149333948"><data key="weight">1</data></edge>
<edge target="148880465" source="149333948"><data key="weight">1</data></edge>
<edge target="148884032" source="149333948"><data key="weight">1</data></edge>
<edge target="148890783" source="149333948"><data key="weight">1</data></edge>
<edge target="149344315" source="149333948"><data key="weight">1</data></edge>
<edge target="149391215" source="149333948"><data key="weight">1</data></edge>
<edge target="149405834" source="149333948"><data key="weight">1</data></edge>
<edge target="149472252" source="149333948"><data key="weight">1</data></edge>
<edge target="148883037" source="149347607"><data key="weight">1</data></edge>
<edge target="148893638" source="149347607"><data key="weight">1</data></edge>
<edge target="149373112" source="149347607"><data key="weight">1</data></edge>
<edge target="149387442" source="149347607"><data key="weight">1</data></edge>
<edge target="335483173" source="149347607"><data key="weight">1</data></edge>
<edge target="43468888" source="149412019"><data key="weight">1</data></edge>
<edge target="149384509" source="149412019"><data key="weight">1</data></edge>
<edge target="149412039" source="149412019"><data key="weight">1</data></edge>
<edge target="149444500" source="149412019"><data key="weight">1</data></edge>
<edge target="148890777" source="43468888"><data key="weight">1</data></edge>
<edge target="149350499" source="43468888"><data key="weight">1</data></edge>
<edge target="148896294" source="149384509"><data key="weight">1</data></edge>
<edge target="149355429" source="149384509"><data key="weight">1</data></edge>
<edge target="217210561" source="149384509"><data key="weight">1</data></edge></graph></graphml>