﻿<?xml version="1.0" encoding="utf-8"?><graphml xmlns:xsi="http://www.w3.org/2001/XMLSchema-instance" xsi:schemaLocation="http://graphml.graphdrawing.org/xmlns http://graphml.graphdrawing.org/xmlns/1.0/graphml.xsd" xmlns="http://graphml.graphdrawing.org/xmlns"><key id="Title" for="node" attr.name="Title" attr.type="string"><default>unknown</default></key><key id="hrank" for="node" attr.name="hrank" attr.type="double"><default>0</default></key><key id="numDirects" for="node" attr.name="numDirects" attr.type="double"><default>0</default></key><key id="numCollegues" for="node" attr.name="numCollegues" attr.type="double"><default>0</default></key><key id="RecentlyModifiedCount" for="node" attr.name="RecentlyModifiedCount" attr.type="double"><default>0</default></key><key id="weight" for="edge" attr.name="weight" attr.type="double"><default>1</default></key><graph id="social_graph" edgedefault="undirected"><node id="148880008"><data key="Title">Laurent Mollicone</data><data key="hrank">0</data><data key="numDirects">8</data><data key="RecentlyModifiedCount">1</data></node><node id="148894976"><data key="Title">Jamie Warner</data><data key="hrank">1</data><data key="numCollegues">8</data><data key="numDirects">4</data><data key="RecentlyModifiedCount">3</data></node><node id="149320435"><data key="Title">Pratik Patel</data><data key="hrank">1</data><data key="numCollegues">8</data><data key="numDirects">5</data><data key="RecentlyModifiedCount">13</data></node><node id="149326455"><data key="Title">Robert Bruckner</data><data key="hrank">1</data><data key="numCollegues">8</data><data key="numDirects">0</data><data key="RecentlyModifiedCount">5</data></node><node id="149333948"><data key="Title">Sid Jayadevan</data><data key="hrank">1</data><data key="numCollegues">8</data><data key="numDirects">8</data><data key="RecentlyModifiedCount">2</data></node><node id="149338179"><data key="Title">Bei Zhou</data><data key="hrank">1</data><data key="numCollegues">8</data><data key="numDirects">0</data><data key="RecentlyModifiedCount">3</data></node><node id="149347607"><data key="Title">Zhongwei Wu</data><data key="hrank">1</data><data key="numCollegues">8</data><data key="numDirects">5</data><data key="RecentlyModifiedCount">5</data></node><node id="149386742"><data key="Title">Eric Lai</data><data key="hrank">1</data><data key="numCollegues">8</data><data key="numDirects">0</data><data key="RecentlyModifiedCount">1</data></node><node id="149412019"><data key="Title">Paul Larsen</data><data key="hrank">1</data><data key="numCollegues">8</data><data key="numDirects">4</data><data key="RecentlyModifiedCount">6</data></node><node id="96140203"><data key="Title">Miguel Eduardo Rivera Salazar</data><data key="hrank">2</data><data key="numCollegues">4</data><data key="numDirects">0</data><data key="RecentlyModifiedCount">3</data></node><node id="149331486"><data key="Title">Michael Kimmich</data><data key="hrank">2</data><data key="numCollegues">4</data><data key="numDirects">0</data><data key="RecentlyModifiedCount">4</data></node><node id="149366911"><data key="Title">Shubha Jain</data><data key="hrank">2</data><data key="numCollegues">4</data><data key="numDirects">0</data><data key="RecentlyModifiedCount">0</data></node><node id="149426683"><data key="Title">David Kahn</data><data key="hrank">2</data><data key="numCollegues">4</data><data key="numDirects">0</data><data key="RecentlyModifiedCount">4</data></node><node id="9604634"><data key="Title">Katrina Wan</data><data key="hrank">2</data><data key="numCollegues">5</data><data key="numDirects">0</data><data key="RecentlyModifiedCount">15</data></node><node id="23650760"><data key="Title">Zack Xie</data><data key="hrank">2</data><data key="numCollegues">5</data><data key="numDirects">0</data><data key="RecentlyModifiedCount">1</data></node><node id="149333698"><data key="Title">Tristan St-Cyr</data><data key="hrank">2</data><data key="numCollegues">5</data><data key="numDirects">0</data><data key="RecentlyModifiedCount">6</data></node><node id="149421243"><data key="Title">Alex Diedrich</data><data key="hrank">2</data><data key="numCollegues">5</data><data key="numDirects">0</data><data key="RecentlyModifiedCount">0</data></node><node id="294167218"><data key="Title">Suvidha Kancharla</data><data key="hrank">2</data><data key="numCollegues">5</data><data key="numDirects">0</data><data key="RecentlyModifiedCount">11</data></node><node id="59251586"><data key="Title">Zachary Halasz</data><data key="hrank">2</data><data key="numCollegues">8</data><data key="numDirects">0</data><data key="RecentlyModifiedCount">0</data></node><node id="148880465"><data key="Title">David Zhang (DE)</data><data key="hrank">2</data><data key="numCollegues">8</data><data key="numDirects">0</data><data key="RecentlyModifiedCount">5</data></node><node id="148884032"><data key="Title">Alejandro Lopez-Lago</data><data key="hrank">2</data><data key="numCollegues">8</data><data key="numDirects">0</data><data key="RecentlyModifiedCount">0</data></node><node id="148890783"><data key="Title">Ehren von Lehe</data><data key="hrank">2</data><data key="numCollegues">8</data><data key="numDirects">0</data><data key="RecentlyModifiedCount">2</data></node><node id="149344315"><data key="Title">Bo Cui</data><data key="hrank">2</data><data key="numCollegues">8</data><data key="numDirects">0</data><data key="RecentlyModifiedCount">0</data></node><node id="149391215"><data key="Title">Rodrigo Aceves Perez</data><data key="hrank">2</data><data key="numCollegues">8</data><data key="numDirects">0</data><data key="RecentlyModifiedCount">5</data></node><node id="149405834"><data key="Title">Francesco Lunetta</data><data key="hrank">2</data><data key="numCollegues">8</data><data key="numDirects">0</data><data key="RecentlyModifiedCount">1</data></node><node id="149472252"><data key="Title">Anton Ametov</data><data key="hrank">2</data><data key="numCollegues">8</data><data key="numDirects">0</data><data key="RecentlyModifiedCount">0</data></node><node id="148883037"><data key="Title">Jeff Tyson</data><data key="hrank">2</data><data key="numCollegues">5</data><data key="numDirects">0</data><data key="RecentlyModifiedCount">6</data></node><node id="148893638"><data key="Title">Yingwei Yang</data><data key="hrank">2</data><data key="numCollegues">5</data><data key="numDirects">0</data><data key="RecentlyModifiedCount">4</data></node><node id="149373112"><data key="Title">Clemens Kerer</data><data key="hrank">2</data><data key="numCollegues">5</data><data key="numDirects">0</data><data key="RecentlyModifiedCount">5</data></node><node id="149387442"><data key="Title">Gani Nazirov</data><data key="hrank">2</data><data key="numCollegues">5</data><data key="numDirects">0</data><data key="RecentlyModifiedCount">4</data></node><node id="335483173"><data key="Title">Pete Diemert</data><data key="hrank">2</data><data key="numCollegues">5</data><data key="numDirects">0</data><data key="RecentlyModifiedCount">1</data></node><node id="43468888"><data key="Title">Bill Lange</data><data key="hrank">2</data><data key="numCollegues">4</data><data key="numDirects">2</data><data key="RecentlyModifiedCount">1</data></node><node id="149384509"><data key="Title">Chris Houser (HIS)</data><data key="hrank">2</data><data key="numCollegues">4</data><data key="numDirects">3</data><data key="RecentlyModifiedCount">0</data></node><node id="149412039"><data key="Title">Valerie Robb (THOMAS)</data><data key="hrank">2</data><data key="numCollegues">4</data><data key="numDirects">0</data><data key="RecentlyModifiedCount">0</data></node><node id="149444500"><data key="Title">Charlie Ezzell</data><data key="hrank">2</data><data key="numCollegues">4</data><data key="numDirects">0</data><data key="RecentlyModifiedCount">0</data></node><node id="148890777"><data key="Title">Frank Slaga</data><data key="hrank">3</data><data key="numCollegues">2</data><data key="numDirects">0</data><data key="RecentlyModifiedCount">0</data></node><node id="149350499"><data key="Title">Tammi Snook</data><data key="hrank">3</data><data key="numCollegues">2</data><data key="numDirects">0</data><data key="RecentlyModifiedCount">0</data></node><node id="148896294"><data key="Title">Russell Kasbaum</data><data key="hrank">3</data><data key="numCollegues">3</data><data key="numDirects">0</data><data key="RecentlyModifiedCount">2</data></node><node id="149355429"><data key="Title">Joseph Taranta</data><data key="hrank">3</data><data key="numCollegues">3</data><data key="numDirects">0</data><data key="RecentlyModifiedCount">0</data></node><node id="217210561"><data key="Title">John Hilditch (Metaswitch Networks Limited)</data><data key="hrank">3</data><data key="numCollegues">3</data><data key="numDirects">0</data><data key="RecentlyModifiedCount">0</data></node><node id="-100"><data key="Title">OUTSIDE</data><data key="RecentlyModifiedCount">0</data></node>
<edge target="149326455" source="148880008"><data key="weight">200</data></edge>
<edge target="149333948" source="148880008"><data key="weight">198</data></edge>
<edge target="-100" source="148880008"><data key="weight">568</data></edge>
<edge target="149320435" source="148880008"><data key="weight">188</data></edge>
<edge target="149347607" source="148880008"><data key="weight">91</data></edge>
<edge target="96140203" source="148894976"><data key="weight">200</data></edge>
<edge target="149366911" source="148894976"><data key="weight">199</data></edge>
<edge target="-100" source="148894976"><data key="weight">756</data></edge>
<edge target="149333948" source="149320435"><data key="weight">198</data></edge>
<edge target="149333698" source="149320435"><data key="weight">197</data></edge>
<edge target="-100" source="149320435"><data key="weight">543</data></edge>
<edge target="149421243" source="149320435"><data key="weight">190</data></edge>
<edge target="-100" source="149326455"><data key="weight">852</data></edge>
<edge target="-100" source="149333948"><data key="weight">285</data></edge>
<edge target="148880465" source="149333948"><data key="weight">186</data></edge>
<edge target="149391215" source="149333948"><data key="weight">185</data></edge>
<edge target="148884032" source="149333948"><data key="weight">193</data></edge>
<edge target="149405834" source="149333948"><data key="weight">185</data></edge>
<edge target="149344315" source="149333948"><data key="weight">184</data></edge>
<edge target="-100" source="149338179"><data key="weight">759</data></edge>
<edge target="149347607" source="149338179"><data key="weight">93</data></edge>
<edge target="149326455" source="149338179"><data key="weight">88</data></edge>
<edge target="149373112" source="149347607"><data key="weight">198</data></edge>
<edge target="149386742" source="149347607"><data key="weight">199</data></edge>
<edge target="-100" source="149347607"><data key="weight">568</data></edge>
<edge target="148893638" source="149347607"><data key="weight">194</data></edge>
<edge target="335483173" source="149347607"><data key="weight">187</data></edge>
<edge target="-100" source="149386742"><data key="weight">474</data></edge>
<edge target="148894976" source="149386742"><data key="weight">98</data></edge>
<edge target="148880008" source="149386742"><data key="weight">94</data></edge>
<edge target="149326455" source="149386742"><data key="weight">93</data></edge>
<edge target="149373112" source="149386742"><data key="weight">90</data></edge>
<edge target="43468888" source="149412019"><data key="weight">197</data></edge>
<edge target="149444500" source="149412019"><data key="weight">198</data></edge>
<edge target="148880008" source="149412019"><data key="weight">97</data></edge>
<edge target="149384509" source="149412019"><data key="weight">190</data></edge>
<edge target="149412039" source="149412019"><data key="weight">192</data></edge>
<edge target="-100" source="149412019"><data key="weight">459</data></edge>
<edge target="-100" source="96140203"><data key="weight">660</data></edge>
<edge target="149426683" source="96140203"><data key="weight">194</data></edge>
<edge target="149366911" source="96140203"><data key="weight">190</data></edge>
<edge target="-100" source="149331486"><data key="weight">563</data></edge>
<edge target="148894976" source="149331486"><data key="weight">99</data></edge>
<edge target="149366911" source="149331486"><data key="weight">193</data></edge>
<edge target="96140203" source="149331486"><data key="weight">93</data></edge>
<edge target="149426683" source="149331486"><data key="weight">90</data></edge>
<edge target="149426683" source="149366911"><data key="weight">194</data></edge>
<edge target="149373112" source="149366911"><data key="weight">96</data></edge>
<edge target="149326455" source="149366911"><data key="weight">92</data></edge>
<edge target="-100" source="149366911"><data key="weight">352</data></edge>
<edge target="148894976" source="149426683"><data key="weight">99</data></edge>
<edge target="-100" source="149426683"><data key="weight">475</data></edge>
<edge target="149373112" source="149426683"><data key="weight">91</data></edge>
<edge target="149347607" source="149426683"><data key="weight">90</data></edge>
<edge target="-100" source="9604634"><data key="weight">470</data></edge>
<edge target="149320435" source="9604634"><data key="weight">99</data></edge>
<edge target="294167218" source="9604634"><data key="weight">95</data></edge>
<edge target="148880465" source="9604634"><data key="weight">90</data></edge>
<edge target="149391215" source="9604634"><data key="weight">88</data></edge>
<edge target="23650760" source="9604634"><data key="weight">87</data></edge>
<edge target="-100" source="23650760"><data key="weight">190</data></edge>
<edge target="149333698" source="23650760"><data key="weight">191</data></edge>
<edge target="149320435" source="23650760"><data key="weight">94</data></edge>
<edge target="294167218" source="23650760"><data key="weight">186</data></edge>
<edge target="148880465" source="23650760"><data key="weight">91</data></edge>
<edge target="149391215" source="23650760"><data key="weight">89</data></edge>
<edge target="149421243" source="23650760"><data key="weight">87</data></edge>
<edge target="149472252" source="23650760"><data key="weight">86</data></edge>
<edge target="148884032" source="23650760"><data key="weight">85</data></edge>
<edge target="-100" source="149333698"><data key="weight">560</data></edge>
<edge target="294167218" source="149333698"><data key="weight">93</data></edge>
<edge target="149391215" source="149333698"><data key="weight">88</data></edge>
<edge target="-100" source="149421243"><data key="weight">740</data></edge>
<edge target="149333698" source="149421243"><data key="weight">98</data></edge>
<edge target="-100" source="294167218"><data key="weight">548</data></edge>
<edge target="149320435" source="294167218"><data key="weight">95</data></edge>
<edge target="149391215" source="294167218"><data key="weight">91</data></edge>
<edge target="148880465" source="294167218"><data key="weight">90</data></edge>
<edge target="149333948" source="59251586"><data key="weight">100</data></edge>
<edge target="148880465" source="59251586"><data key="weight">99</data></edge>
<edge target="-100" source="59251586"><data key="weight">282</data></edge>
<edge target="149344315" source="59251586"><data key="weight">97</data></edge>
<edge target="148884032" source="59251586"><data key="weight">95</data></edge>
<edge target="149405834" source="59251586"><data key="weight">94</data></edge>
<edge target="149472252" source="59251586"><data key="weight">93</data></edge>
<edge target="149391215" source="59251586"><data key="weight">89</data></edge>
<edge target="-100" source="148880465"><data key="weight">660</data></edge>
<edge target="149391215" source="148880465"><data key="weight">198</data></edge>
<edge target="149405834" source="148880465"><data key="weight">197</data></edge>
<edge target="148880465" source="148884032"><data key="weight">99</data></edge>
<edge target="-100" source="148884032"><data key="weight">373</data></edge>
<edge target="149472252" source="148884032"><data key="weight">96</data></edge>
<edge target="149391215" source="148884032"><data key="weight">93</data></edge>
<edge target="149405834" source="148884032"><data key="weight">92</data></edge>
<edge target="149333698" source="148884032"><data key="weight">90</data></edge>
<edge target="148880465" source="148890783"><data key="weight">100</data></edge>
<edge target="149391215" source="148890783"><data key="weight">99</data></edge>
<edge target="-100" source="148890783"><data key="weight">289</data></edge>
<edge target="149333948" source="148890783"><data key="weight">97</data></edge>
<edge target="149405834" source="148890783"><data key="weight">92</data></edge>
<edge target="149472252" source="148890783"><data key="weight">91</data></edge>
<edge target="149344315" source="148890783"><data key="weight">90</data></edge>
<edge target="148880008" source="148890783"><data key="weight">89</data></edge>
<edge target="-100" source="149344315"><data key="weight">286</data></edge>
<edge target="148880465" source="149344315"><data key="weight">97</data></edge>
<edge target="149472252" source="149344315"><data key="weight">195</data></edge>
<edge target="149405834" source="149344315"><data key="weight">186</data></edge>
<edge target="148884032" source="149344315"><data key="weight">94</data></edge>
<edge target="149391215" source="149344315"><data key="weight">93</data></edge>
<edge target="148880008" source="149344315"><data key="weight">84</data></edge>
<edge target="-100" source="149391215"><data key="weight">477</data></edge>
<edge target="149405834" source="149391215"><data key="weight">190</data></edge>
<edge target="149320435" source="149391215"><data key="weight">90</data></edge>
<edge target="148880008" source="149391215"><data key="weight">87</data></edge>
<edge target="-100" source="149405834"><data key="weight">376</data></edge>
<edge target="149472252" source="149405834"><data key="weight">184</data></edge>
<edge target="148880008" source="149405834"><data key="weight">85</data></edge>
<edge target="149333948" source="149472252"><data key="weight">100</data></edge>
<edge target="148880465" source="149472252"><data key="weight">98</data></edge>
<edge target="-100" source="149472252"><data key="weight">372</data></edge>
<edge target="149391215" source="149472252"><data key="weight">95</data></edge>
<edge target="149320435" source="149472252"><data key="weight">84</data></edge>
<edge target="148893638" source="148883037"><data key="weight">200</data></edge>
<edge target="-100" source="148883037"><data key="weight">570</data></edge>
<edge target="149373112" source="148883037"><data key="weight">196</data></edge>
<edge target="149347607" source="148883037"><data key="weight">95</data></edge>
<edge target="335483173" source="148883037"><data key="weight">94</data></edge>
<edge target="-100" source="148893638"><data key="weight">653</data></edge>
<edge target="149373112" source="148893638"><data key="weight">187</data></edge>
<edge target="149387442" source="149373112"><data key="weight">184</data></edge>
<edge target="-100" source="149373112"><data key="weight">546</data></edge>
<edge target="-100" source="149387442"><data key="weight">764</data></edge>
<edge target="149347607" source="149387442"><data key="weight">88</data></edge>
<edge target="149373112" source="335483173"><data key="weight">100</data></edge>
<edge target="-100" source="335483173"><data key="weight">657</data></edge>
<edge target="149387442" source="335483173"><data key="weight">93</data></edge>
<edge target="-100" source="43468888"><data key="weight">466</data></edge>
<edge target="149350499" source="43468888"><data key="weight">198</data></edge>
<edge target="149384509" source="43468888"><data key="weight">195</data></edge>
<edge target="149412039" source="43468888"><data key="weight">191</data></edge>
<edge target="149444500" source="43468888"><data key="weight">190</data></edge>
<edge target="149444500" source="149384509"><data key="weight">195</data></edge>
<edge target="149412039" source="149384509"><data key="weight">197</data></edge>
<edge target="-100" source="149384509"><data key="weight">372</data></edge>
<edge target="149355429" source="149384509"><data key="weight">195</data></edge>
<edge target="148896294" source="149384509"><data key="weight">191</data></edge>
<edge target="149444500" source="149412039"><data key="weight">198</data></edge>
<edge target="-100" source="149412039"><data key="weight">466</data></edge>
<edge target="148890777" source="149412039"><data key="weight">90</data></edge>
<edge target="-100" source="149444500"><data key="weight">462</data></edge>
<edge target="149350499" source="149444500"><data key="weight">181</data></edge>
<edge target="43468888" source="148890777"><data key="weight">100</data></edge>
<edge target="149350499" source="148890777"><data key="weight">197</data></edge>
<edge target="149384509" source="148890777"><data key="weight">98</data></edge>
<edge target="149412019" source="148890777"><data key="weight">97</data></edge>
<edge target="-100" source="148890777"><data key="weight">375</data></edge>
<edge target="149355429" source="148890777"><data key="weight">191</data></edge>
<edge target="148896294" source="148890777"><data key="weight">188</data></edge>
<edge target="-100" source="149350499"><data key="weight">378</data></edge>
<edge target="149412019" source="149350499"><data key="weight">95</data></edge>
<edge target="148896294" source="149350499"><data key="weight">187</data></edge>
<edge target="149384509" source="149350499"><data key="weight">88</data></edge>
<edge target="149355429" source="148896294"><data key="weight">197</data></edge>
<edge target="149412019" source="148896294"><data key="weight">98</data></edge>
<edge target="43468888" source="148896294"><data key="weight">95</data></edge>
<edge target="149412039" source="148896294"><data key="weight">93</data></edge>
<edge target="-100" source="148896294"><data key="weight">273</data></edge>
<edge target="149412019" source="149355429"><data key="weight">99</data></edge>
<edge target="43468888" source="149355429"><data key="weight">96</data></edge>
<edge target="149350499" source="149355429"><data key="weight">95</data></edge>
<edge target="-100" source="149355429"><data key="weight">277</data></edge>
<edge target="149412039" source="149355429"><data key="weight">90</data></edge>
<edge target="149384509" source="217210561"><data key="weight">100</data></edge>
<edge target="148896294" source="217210561"><data key="weight">99</data></edge>
<edge target="149355429" source="217210561"><data key="weight">98</data></edge></graph></graphml>