<?xml version="1.0" encoding="UTF-8"?>
<graphml xmlns="http://graphml.graphdrawing.org/xmlns"
         xmlns:xsi="http://www.w3.org/2001/XMLSchema-instance"
         xsi:schemaLocation="http://graphml.graphdrawing.org/xmlns
         http://graphml.graphdrawing.org/xmlns/1.0/graphml.xsd">
<!-- Created by igraph -->
  <key id="v_Title" for="node" attr.name="Title" attr.type="string"/>
  <key id="v_hrank" for="node" attr.name="hrank" attr.type="double"/>
  <key id="v_numDirects" for="node" attr.name="numDirects" attr.type="double"/>
  <key id="v_numCollegues" for="node" attr.name="numCollegues" attr.type="double"/>
  <key id="v_id" for="node" attr.name="id" attr.type="string"/>
  <key id="e_weight" for="edge" attr.name="weight" attr.type="double"/>
  <graph id="G" edgedefault="directed">
    <node id="n0">
      <data key="v_Title">Laurent Mollicone</data>
      <data key="v_hrank">0</data>
      <data key="v_numDirects">4</data>
      <data key="v_numCollegues">0</data>
      <data key="v_id">148880008</data>
    </node>
    <node id="n1">
      <data key="v_Title">Jamie Warner</data>
      <data key="v_hrank">1</data>
      <data key="v_numDirects">4</data>
      <data key="v_numCollegues">4</data>
      <data key="v_id">148894976</data>
    </node>
    <node id="n2">
      <data key="v_Title">Pratik Patel</data>
      <data key="v_hrank">1</data>
      <data key="v_numDirects">7</data>
      <data key="v_numCollegues">4</data>
      <data key="v_id">149320435</data>
    </node>
    <node id="n3">
      <data key="v_Title">Zhongwei Wu</data>
      <data key="v_hrank">1</data>
      <data key="v_numDirects">9</data>
      <data key="v_numCollegues">4</data>
      <data key="v_id">149347607</data>
    </node>
    <node id="n4">
      <data key="v_Title">Paul Larsen</data>
      <data key="v_hrank">1</data>
      <data key="v_numDirects">4</data>
      <data key="v_numCollegues">4</data>
      <data key="v_id">149412019</data>
    </node>
    <node id="n5">
      <data key="v_Title">Miguel Eduardo Rivera Salazar</data>
      <data key="v_hrank">2</data>
      <data key="v_numDirects">0</data>
      <data key="v_numCollegues">4</data>
      <data key="v_id">96140203</data>
    </node>
    <node id="n6">
      <data key="v_Title">Michael Kimmich</data>
      <data key="v_hrank">2</data>
      <data key="v_numDirects">0</data>
      <data key="v_numCollegues">4</data>
      <data key="v_id">149331486</data>
    </node>
    <node id="n7">
      <data key="v_Title">Shubha Jain</data>
      <data key="v_hrank">2</data>
      <data key="v_numDirects">0</data>
      <data key="v_numCollegues">4</data>
      <data key="v_id">149366911</data>
    </node>
    <node id="n8">
      <data key="v_Title">David Kahn</data>
      <data key="v_hrank">2</data>
      <data key="v_numDirects">0</data>
      <data key="v_numCollegues">4</data>
      <data key="v_id">149426683</data>
    </node>
    <node id="n9">
      <data key="v_Title">Katrina Wan</data>
      <data key="v_hrank">2</data>
      <data key="v_numDirects">0</data>
      <data key="v_numCollegues">7</data>
      <data key="v_id">9604634</data>
    </node>
    <node id="n10">
      <data key="v_Title">Tristan St-Cyr</data>
      <data key="v_hrank">2</data>
      <data key="v_numDirects">0</data>
      <data key="v_numCollegues">7</data>
      <data key="v_id">149333698</data>
    </node>
    <node id="n11">
      <data key="v_Title">Alex Diedrich</data>
      <data key="v_hrank">2</data>
      <data key="v_numDirects">0</data>
      <data key="v_numCollegues">7</data>
      <data key="v_id">149421243</data>
    </node>
    <node id="n12">
      <data key="v_Title">Carl Walsh</data>
      <data key="v_hrank">2</data>
      <data key="v_numDirects">0</data>
      <data key="v_numCollegues">7</data>
      <data key="v_id">149431779</data>
    </node>
    <node id="n13">
      <data key="v_Title">Suvidha Kancharla</data>
      <data key="v_hrank">2</data>
      <data key="v_numDirects">0</data>
      <data key="v_numCollegues">7</data>
      <data key="v_id">294167218</data>
    </node>
    <node id="n14">
      <data key="v_Title">Dmitrii Kubyshev Kubyshev (Akvelon)</data>
      <data key="v_hrank">2</data>
      <data key="v_numDirects">0</data>
      <data key="v_numCollegues">7</data>
      <data key="v_id">17592566073963</data>
    </node>
    <node id="n15">
      <data key="v_Title">Dmitrii Kurilov (Akvelon)</data>
      <data key="v_hrank">2</data>
      <data key="v_numDirects">0</data>
      <data key="v_numCollegues">7</data>
      <data key="v_id">17592577184324</data>
    </node>
    <node id="n16">
      <data key="v_Title">Jeff Tyson</data>
      <data key="v_hrank">2</data>
      <data key="v_numDirects">0</data>
      <data key="v_numCollegues">9</data>
      <data key="v_id">148883037</data>
    </node>
    <node id="n17">
      <data key="v_Title">Yingwei Yang</data>
      <data key="v_hrank">2</data>
      <data key="v_numDirects">0</data>
      <data key="v_numCollegues">9</data>
      <data key="v_id">148893638</data>
    </node>
    <node id="n18">
      <data key="v_Title">Peter Fan</data>
      <data key="v_hrank">2</data>
      <data key="v_numDirects">0</data>
      <data key="v_numCollegues">9</data>
      <data key="v_id">149338126</data>
    </node>
    <node id="n19">
      <data key="v_Title">Bei Zhou</data>
      <data key="v_hrank">2</data>
      <data key="v_numDirects">0</data>
      <data key="v_numCollegues">9</data>
      <data key="v_id">149338179</data>
    </node>
    <node id="n20">
      <data key="v_Title">Clemens Kerer</data>
      <data key="v_hrank">2</data>
      <data key="v_numDirects">0</data>
      <data key="v_numCollegues">9</data>
      <data key="v_id">149373112</data>
    </node>
    <node id="n21">
      <data key="v_Title">Eric Lai</data>
      <data key="v_hrank">2</data>
      <data key="v_numDirects">0</data>
      <data key="v_numCollegues">9</data>
      <data key="v_id">149386742</data>
    </node>
    <node id="n22">
      <data key="v_Title">Greg Priessnitz</data>
      <data key="v_hrank">2</data>
      <data key="v_numDirects">0</data>
      <data key="v_numCollegues">9</data>
      <data key="v_id">247282010</data>
    </node>
    <node id="n23">
      <data key="v_Title">Pete Diemert</data>
      <data key="v_hrank">2</data>
      <data key="v_numDirects">0</data>
      <data key="v_numCollegues">9</data>
      <data key="v_id">335483173</data>
    </node>
    <node id="n24">
      <data key="v_Title">Kalavathi Pappuru (MINDTREE LIMITED)</data>
      <data key="v_hrank">2</data>
      <data key="v_numDirects">0</data>
      <data key="v_numCollegues">9</data>
      <data key="v_id">17592360484015</data>
    </node>
    <node id="n25">
      <data key="v_Title">Bill Lange</data>
      <data key="v_hrank">2</data>
      <data key="v_numDirects">2</data>
      <data key="v_numCollegues">4</data>
      <data key="v_id">43468888</data>
    </node>
    <node id="n26">
      <data key="v_Title">Chris Houser (HIS)</data>
      <data key="v_hrank">2</data>
      <data key="v_numDirects">3</data>
      <data key="v_numCollegues">4</data>
      <data key="v_id">149384509</data>
    </node>
    <node id="n27">
      <data key="v_Title">Valerie Robb (THOMAS)</data>
      <data key="v_hrank">2</data>
      <data key="v_numDirects">0</data>
      <data key="v_numCollegues">4</data>
      <data key="v_id">149412039</data>
    </node>
    <node id="n28">
      <data key="v_Title">Charlie Ezzell</data>
      <data key="v_hrank">2</data>
      <data key="v_numDirects">0</data>
      <data key="v_numCollegues">4</data>
      <data key="v_id">149444500</data>
    </node>
    <node id="n29">
      <data key="v_Title">Frank Slaga</data>
      <data key="v_hrank">3</data>
      <data key="v_numDirects">0</data>
      <data key="v_numCollegues">2</data>
      <data key="v_id">148890777</data>
    </node>
    <node id="n30">
      <data key="v_Title">Hiep Tran</data>
      <data key="v_hrank">3</data>
      <data key="v_numDirects">0</data>
      <data key="v_numCollegues">2</data>
      <data key="v_id">179222727</data>
    </node>
    <node id="n31">
      <data key="v_Title">Russell Kasbaum</data>
      <data key="v_hrank">3</data>
      <data key="v_numDirects">0</data>
      <data key="v_numCollegues">3</data>
      <data key="v_id">148896294</data>
    </node>
    <node id="n32">
      <data key="v_Title">Joseph Taranta</data>
      <data key="v_hrank">3</data>
      <data key="v_numDirects">0</data>
      <data key="v_numCollegues">3</data>
      <data key="v_id">149355429</data>
    </node>
    <node id="n33">
      <data key="v_Title">John Hilditch (Metaswitch Networks Limited)</data>
      <data key="v_hrank">3</data>
      <data key="v_numDirects">0</data>
      <data key="v_numCollegues">3</data>
      <data key="v_id">217210561</data>
    </node>
    <node id="n34">
      <data key="v_Title">OUTSIDE</data>
      <data key="v_hrank">0</data>
      <data key="v_numDirects">0</data>
      <data key="v_numCollegues">0</data>
      <data key="v_id">-100</data>
    </node>
    <edge source="n0" target="n1">
      <data key="e_weight">1</data>
    </edge>
    <edge source="n0" target="n2">
      <data key="e_weight">1</data>
    </edge>
    <edge source="n0" target="n3">
      <data key="e_weight">1</data>
    </edge>
    <edge source="n0" target="n4">
      <data key="e_weight">1</data>
    </edge>
    <edge source="n1" target="n5">
      <data key="e_weight">1</data>
    </edge>
    <edge source="n1" target="n6">
      <data key="e_weight">1</data>
    </edge>
    <edge source="n1" target="n7">
      <data key="e_weight">1</data>
    </edge>
    <edge source="n1" target="n8">
      <data key="e_weight">1</data>
    </edge>
    <edge source="n2" target="n9">
      <data key="e_weight">1</data>
    </edge>
    <edge source="n2" target="n10">
      <data key="e_weight">1</data>
    </edge>
    <edge source="n2" target="n11">
      <data key="e_weight">1</data>
    </edge>
    <edge source="n2" target="n12">
      <data key="e_weight">1</data>
    </edge>
    <edge source="n2" target="n13">
      <data key="e_weight">1</data>
    </edge>
    <edge source="n2" target="n14">
      <data key="e_weight">1</data>
    </edge>
    <edge source="n2" target="n15">
      <data key="e_weight">1</data>
    </edge>
    <edge source="n3" target="n16">
      <data key="e_weight">1</data>
    </edge>
    <edge source="n3" target="n17">
      <data key="e_weight">1</data>
    </edge>
    <edge source="n3" target="n18">
      <data key="e_weight">1</data>
    </edge>
    <edge source="n3" target="n19">
      <data key="e_weight">1</data>
    </edge>
    <edge source="n3" target="n20">
      <data key="e_weight">1</data>
    </edge>
    <edge source="n3" target="n21">
      <data key="e_weight">1</data>
    </edge>
    <edge source="n3" target="n22">
      <data key="e_weight">1</data>
    </edge>
    <edge source="n3" target="n23">
      <data key="e_weight">1</data>
    </edge>
    <edge source="n3" target="n24">
      <data key="e_weight">1</data>
    </edge>
    <edge source="n4" target="n25">
      <data key="e_weight">1</data>
    </edge>
    <edge source="n4" target="n26">
      <data key="e_weight">1</data>
    </edge>
    <edge source="n4" target="n27">
      <data key="e_weight">1</data>
    </edge>
    <edge source="n4" target="n28">
      <data key="e_weight">1</data>
    </edge>
    <edge source="n25" target="n29">
      <data key="e_weight">1</data>
    </edge>
    <edge source="n25" target="n30">
      <data key="e_weight">1</data>
    </edge>
    <edge source="n26" target="n31">
      <data key="e_weight">1</data>
    </edge>
    <edge source="n26" target="n32">
      <data key="e_weight">1</data>
    </edge>
    <edge source="n26" target="n33">
      <data key="e_weight">1</data>
    </edge>
  </graph>
</graphml>
