<?xml version="1.0" encoding="UTF-8"?>
<graphml xmlns="http://graphml.graphdrawing.org/xmlns"
         xmlns:xsi="http://www.w3.org/2001/XMLSchema-instance"
         xsi:schemaLocation="http://graphml.graphdrawing.org/xmlns
         http://graphml.graphdrawing.org/xmlns/1.0/graphml.xsd">
<!-- Created by igraph -->
  <key id="v_Title" for="node" attr.name="Title" attr.type="string"/>
  <key id="v_hrank" for="node" attr.name="hrank" attr.type="double"/>
  <key id="v_numDirects" for="node" attr.name="numDirects" attr.type="double"/>
  <key id="v_numCollegues" for="node" attr.name="numCollegues" attr.type="double"/>
  <key id="v_RecentlyModifiedCount" for="node" attr.name="RecentlyModifiedCount" attr.type="double"/>
  <key id="v_ModifiedTitles" for="node" attr.name="ModifiedTitles" attr.type="string"/>
  <key id="v_TrendingTitles" for="node" attr.name="TrendingTitles" attr.type="string"/>
  <key id="v_id" for="node" attr.name="id" attr.type="string"/>
  <key id="e_weight" for="edge" attr.name="weight" attr.type="double"/>
  <graph id="G" edgedefault="undirected">
    <node id="n0">
      <data key="v_Title">Laurent Mollicone</data>
      <data key="v_hrank">0</data>
      <data key="v_numDirects">4</data>
      <data key="v_numCollegues">0</data>
      <data key="v_RecentlyModifiedCount">0</data>
      <data key="v_ModifiedTitles">unknown</data>
      <data key="v_TrendingTitles"> ; TSGs ; Training ; Power BI Desktop ; Current Specs ; Vendor Ops ; Microsoft confidential ; Analytics vTeam ; Power BI Shared Services  ; Power BI PR - PaaS May 9.pptx ; Microsoft confidential ; Conceptual Model - v3 ; UX Backlog ; Gateway Database Schema and DM API ; James Product review April 2016.pptx ; SPZA Success Metrics ; App Model ; Mobile reports review April 2016.pptx ; Gateways and Connectors Executive Summary ; Pillar Review Template ; Stakeholder Launch Kit_Host Integration Server 2016_FY16</data>
      <data key="v_id">148880008</data>
    </node>
    <node id="n1">
      <data key="v_Title">Jamie Warner</data>
      <data key="v_hrank">1</data>
      <data key="v_numDirects">4</data>
      <data key="v_numCollegues">4</data>
      <data key="v_RecentlyModifiedCount">2</data>
      <data key="v_ModifiedTitles"> ; Dev ; Incident Management</data>
      <data key="v_TrendingTitles"> ; TSGs ; Microsoft confidential ; Vendor Ops ; Dashboards and Reports ; Training ; Power BI Shared Services  ; Power BI PR - PaaS May 9.pptx ; App Model ; Conceptual Model - v3 ; PaaS Team Strategy ; SQL BI Weekly Live Site Review ; App Model.pptx ; Power BI PR All March 23.pptx ; App Model ; UX Backlog ; SharePoint web parts for Power BI ; Mobile Dashboards Architecture ; Test Coverage &amp; Unicorns ; Gateways and Connectors Executive Summary ; Pillar Review Template</data>
      <data key="v_id">148894976</data>
    </node>
    <node id="n2">
      <data key="v_Title">Pratik Patel</data>
      <data key="v_hrank">1</data>
      <data key="v_numDirects">7</data>
      <data key="v_numCollegues">4</data>
      <data key="v_RecentlyModifiedCount">7</data>
      <data key="v_ModifiedTitles"> ; Dev ; Deployment ; SU Plan ; PowerApps Integration ; On-Call ; Test Investigation ; Self-Host Signoff</data>
      <data key="v_TrendingTitles"> ; Deployment ; Dev ; Recommendations ; On-Call ; PowerApps Product Review ; Live Site ; SSIS Performance Design Patterns ; UX Backlog ; Gateways and Connectors Executive Summary ; Pillar Review Template ; Flow | Functions | Logic Apps BizTalk Server | MABS ; Data Movement Roadmap Spring 2016 ; Gateways and Connectors - Customer Focused Quality May ; PASS BAC 2016 - Power BI Desktop Deep Dive ; PowerApps Executive Summary - May 2016 ; LoadEDWFramingDoc ; PowerAppsGatewayExperience ; PASS BAC 2016 - Empowering the Business Analyst using PQ and PP in Excel 2016 ; HighLevelModel.pptx ; FINAL Logic Apps Customer SLA - April 2016</data>
      <data key="v_id">149320435</data>
    </node>
    <node id="n3">
      <data key="v_Title">Zhongwei Wu</data>
      <data key="v_hrank">1</data>
      <data key="v_numDirects">9</data>
      <data key="v_numCollegues">4</data>
      <data key="v_RecentlyModifiedCount">6</data>
      <data key="v_ModifiedTitles"> ; Platform Squad ; Kusto One Pager ; Design Backlog ; TSGs ; Technology Squad ; PaaS Launch Planning</data>
      <data key="v_TrendingTitles"> ; TSGs ; Training ; Vendor Ops ; Power BI Shared Services  ; Microsoft confidential ; OneNote_DeletedPages ; OneNote_DeletedPages ; Power BI PR - PaaS May 9.pptx ; SQL BI Weekly Live Site Review ; App Model ; Gateway Database Schema and DM API ; PowerApps Product Review ; Conceptual Model - v3 ; UX Backlog ; Power BI PaaS Team Strategy &amp; Execution Plan ; Test Coverage &amp; Unicorns ; Four No-Hassle Growth Hacks ; Power BI PR All March 23.pptx ; PowerApps Executive Summary - May 2016 ; DeploymentSchedule</data>
      <data key="v_id">149347607</data>
    </node>
    <node id="n4">
      <data key="v_Title">Paul Larsen</data>
      <data key="v_hrank">1</data>
      <data key="v_numDirects">4</data>
      <data key="v_numCollegues">4</data>
      <data key="v_RecentlyModifiedCount">2</data>
      <data key="v_ModifiedTitles"> ; PR_2016_02_HIS ; Project Review HIS</data>
      <data key="v_TrendingTitles"> ; Flow | Functions | Logic Apps BizTalk Server | MABS ; Content Review Kit_BizTalk Server 2016 CTP2_FY16_Nemo WW Rollout ; Gateways and Connectors Executive Summary ; Pillar Review Template ; Stronger. Together. One Microsoft ; Stronger. Together. One Microsoft ; Stronger. Together. One Microsoft ; SSIS Performance Design Patterns ; UX Backlog ; Kusto.Explorer ; Gateways and Connectors - Customer Focused Quality May ; PASS BAC 2016 - Power BI Desktop Deep Dive ; Pillar Review Template ; OneNote_DeletedPages ; PASS BAC 2016 - Empowering the Business Analyst using PQ and PP in Excel 2016 ; Incident Management ; MVP ; Stakeholder Launch Kit_Host Integration Server 2016_FY16 ; Logic Apps Product Review March 2016 ; Statement of Work – Telecom Egypt CRM Solution</data>
      <data key="v_id">149412019</data>
    </node>
    <node id="n5">
      <data key="v_Title">Miguel Eduardo Rivera Salazar</data>
      <data key="v_hrank">2</data>
      <data key="v_numDirects">0</data>
      <data key="v_numCollegues">4</data>
      <data key="v_RecentlyModifiedCount">2</data>
      <data key="v_ModifiedTitles"> ; Tools ; Untitled Section</data>
      <data key="v_TrendingTitles"> ; TSGs ; Vendor Ops ; Training ; Power BI Shared Services  ; Microsoft confidential ; Dashboards and Reports ; Kusto One Pager ; SQL BI Weekly Live Site Review ; Power BI PR - PaaS May 9.pptx ; App Model ; Conceptual Model - v3 ; PaaS Team Strategy ; Test Coverage &amp; Unicorns ; SharePoint web parts for Power BI ; &lt;Presentation title here&gt; ; Team Secrets ; DeploymentSchedule ; App Model ; Gateways and Connectors Executive Summary ; Pillar Review Template</data>
      <data key="v_id">96140203</data>
    </node>
    <node id="n6">
      <data key="v_Title">Michael Kimmich</data>
      <data key="v_hrank">2</data>
      <data key="v_numDirects">0</data>
      <data key="v_numCollegues">4</data>
      <data key="v_RecentlyModifiedCount">0</data>
      <data key="v_ModifiedTitles">unknown</data>
      <data key="v_TrendingTitles"> ; TSGs ; Training ; Vendor Ops ; Power BI Shared Services  ; Microsoft confidential ; Dashboards and Reports ; Kusto One Pager ; Power BI PR - PaaS May 9.pptx ; PaaS Team Strategy ; App Model ; James Product review April 2016.pptx ; Conceptual Model - v3 ; App Model ; Power BI PaaS Team Strategy &amp; Execution Plan ; SQL BI Weekly Live Site Review ; SharePoint web parts for Power BI ; Four No-Hassle Growth Hacks ; SPZA Success Metrics ; Mobile Dashboards Architecture ; R Visuals Usage Model</data>
      <data key="v_id">149331486</data>
    </node>
    <node id="n7">
      <data key="v_Title">Shubha Jain</data>
      <data key="v_hrank">2</data>
      <data key="v_numDirects">0</data>
      <data key="v_numCollegues">4</data>
      <data key="v_RecentlyModifiedCount">1</data>
      <data key="v_ModifiedTitles"> ; Release</data>
      <data key="v_TrendingTitles"> ; TSGs ; Vendor Ops ; Microsoft confidential ; Training ; Dashboards and Reports ; Power BI Shared Services  ; HAM Ideas ; SQL BI Weekly Live Site Review ; SharePoint web parts for Power BI ; Power BI PR - PaaS May 9.pptx ; DeploymentSchedule ; Studio Improvements ; Gateways and Connectors Executive Summary ; Pillar Review Template ; Conceptual Model - v3 ; App Model ; App Model ; CurrentTrainStatus _2015_2016 ; Gateways and Connectors - Customer Focused Quality May ; PaaS Team Strategy</data>
      <data key="v_id">149366911</data>
    </node>
    <node id="n8">
      <data key="v_Title">David Kahn</data>
      <data key="v_hrank">2</data>
      <data key="v_numDirects">0</data>
      <data key="v_numCollegues">4</data>
      <data key="v_RecentlyModifiedCount">4</data>
      <data key="v_ModifiedTitles"> ; Dev ; Tools ; SPZA Work ; PaaS Launch Planning</data>
      <data key="v_TrendingTitles"> ; Vendor Ops ; TSGs ; Dashboards and Reports ; Training ; Microsoft confidential ; Analytics vTeam ; SQL BI Weekly Live Site Review ; James Product review April 2016.pptx ; App Model ; Conceptual Model - v3 ; PowerApps Product Review ; App Model ; &lt;Presentation title here&gt; ; Power BI Desktop ; ANTLR for Condition Parsing ; UX Backlog ; Planning Offsite Outcomes for Update 2 ; Pillar Review Template ; Mobile Dashboards Architecture ; Power BI Shared Services </data>
      <data key="v_id">149426683</data>
    </node>
    <node id="n9">
      <data key="v_Title">Katrina Wan</data>
      <data key="v_hrank">2</data>
      <data key="v_numDirects">0</data>
      <data key="v_numCollegues">7</data>
      <data key="v_RecentlyModifiedCount">9</data>
      <data key="v_ModifiedTitles"> ; Dev ; On-Call ; MVP ; Deployment ; PowerApps Connectors ; UX Test Investigator ; Dev ; OneNote_DeletedPages ; Creating codeless connector</data>
      <data key="v_TrendingTitles"> ; Deployment ; Dev ; MVP ; On-Call ; Self-Host Signoff ; UX Backlog ; OneDeploy-Alakss-Avnish-May2016[Cl] ; SSIS Performance Design Patterns ; API Hub Resource Provider API  V2 ; Power Query Engineering Guide ; PASS BAC 2016 - Power BI Desktop Deep Dive ; PowerAppsGatewayExperience ; Gateways and Connectors Executive Summary ; Pillar Review Template ; PASS BAC 2016 - Empowering the Business Analyst using PQ and PP in Excel 2016 ; Stakeholder Launch Kit_Host Integration Server 2016_FY16 ; Adapter Exception Handling Design ; BizTalk API Engineering Manual ; Gateways and Connectors - Customer Focused Quality May ; PowerApps Product Review</data>
      <data key="v_id">9604634</data>
    </node>
    <node id="n10">
      <data key="v_Title">Tristan St-Cyr</data>
      <data key="v_hrank">2</data>
      <data key="v_numDirects">0</data>
      <data key="v_numCollegues">7</data>
      <data key="v_RecentlyModifiedCount">0</data>
      <data key="v_ModifiedTitles">unknown</data>
      <data key="v_TrendingTitles"> ; Deployment ; Self-Host Signoff ; Dev ; On-Call ; UX Backlog ; DRI Info ; SSIS Performance Design Patterns ; Power Query Engineering Guide ; Gateways and Connectors Executive Summary ; Pillar Review Template ; PASS BAC 2016 - Power BI Desktop Deep Dive ; 1 ; PASS BAC 2016 - Empowering the Business Analyst using PQ and PP in Excel 2016 ; Adapter Exception Handling Design ; Gateways and Connectors - Customer Focused Quality May ; Data Movement Roadmap Spring 2016 ; AdaptersTeamsBugsSLA ; Intergration cloud compute environment ; Private ODBC Driver Manager ; 2016-0502-MCKP-Planning-Consumer-Commercial-Store-Scenarios-May2016.pptx</data>
      <data key="v_id">149333698</data>
    </node>
    <node id="n11">
      <data key="v_Title">Alex Diedrich</data>
      <data key="v_hrank">2</data>
      <data key="v_numDirects">0</data>
      <data key="v_numCollegues">7</data>
      <data key="v_RecentlyModifiedCount">2</data>
      <data key="v_ModifiedTitles"> ; Self-Host Signoff ; Evaluator2</data>
      <data key="v_TrendingTitles"> ; Live Site ; Handle ADF Capacity Crisis ; TSG Guide ; 5849822 5849839 - ADF Copy - Breadth, Perf, Mgmt ; Deployment ; Data Movement Roadmap Spring 2016 ; SSIS Performance Design Patterns ; UX Backlog ; SSIM Weekly Live Site Review ; Intergration cloud compute environment ; Data Movement Roadmap Fall 2015 (archived 10282015) ; Power Query Engineering Guide ; Scale Up Copy Compute Environment ; PASS BAC 2016 - Power BI Desktop Deep Dive ; DataSync on Sterling ; PASS BAC 2016 - Empowering the Business Analyst using PQ and PP in Excel 2016 ; Pillar Review Template ; Data movement security ; LoadEDWFramingDoc ; HighLevelModel.pptx</data>
      <data key="v_id">149421243</data>
    </node>
    <node id="n12">
      <data key="v_Title">Carl Walsh</data>
      <data key="v_hrank">2</data>
      <data key="v_numDirects">0</data>
      <data key="v_numCollegues">7</data>
      <data key="v_RecentlyModifiedCount">10</data>
      <data key="v_ModifiedTitles"> ; DRI Info ; Service Alerts ; Dev ; Self-Host Signoff ; Test Investigation ; Development ; DRI ; Backlog ; Deployments ; Provider Releases</data>
      <data key="v_TrendingTitles"> ; Deployment ; DRI Info ; Dev ; Self-Host Signoff ; On-Call ; Data Movement Roadmap Spring 2016 ; UX Backlog ; SSIS Performance Design Patterns ; Intergration cloud compute environment ; Power Query Engineering Guide ; 1 ; PASS BAC 2016 - Power BI Desktop Deep Dive ; SSIM Weekly Live Site Review ; Adapter Exception Handling Design ; PASS BAC 2016 - Empowering the Business Analyst using PQ and PP in Excel 2016 ; Release Notes ; AdaptersTeamsBugsSLA ; Software Requirements Specification Template ; API Hub Resource Provider API  V2 ; PowerApps Engineering Guide</data>
      <data key="v_id">149431779</data>
    </node>
    <node id="n13">
      <data key="v_Title">Suvidha Kancharla</data>
      <data key="v_hrank">2</data>
      <data key="v_numDirects">0</data>
      <data key="v_numCollegues">7</data>
      <data key="v_RecentlyModifiedCount">8</data>
      <data key="v_ModifiedTitles"> ; Self-Host Signoff ; Release Sign Off ; Releasing ; MashupProvider ; UX Test Investigator ; Provider Releases ; Evaluator2 ; Test Investigation</data>
      <data key="v_TrendingTitles"> ; Deployment ; Dev ; On-Call ; Self-Host Signoff ; MVP ; UX Backlog ; SSIS Performance Design Patterns ; Power Query Engineering Guide ; PASS BAC 2016 - Power BI Desktop Deep Dive ; Adapter Exception Handling Design ; PASS BAC 2016 - Empowering the Business Analyst using PQ and PP in Excel 2016 ; AdaptersTeamsBugsSLA ; 1 ; Accessibility in Office Online - Ribbon Access Keys ; PowerApps Engineering Guide ; SQL2016_SSRS_SSAS_Polybase_R_v1 ; DQConnectorRoadmap ; Software Requirements Specification Template ; Software Requirements Specification Template ; Azure Stream Analytics DGLT Product Review 05092016</data>
      <data key="v_id">294167218</data>
    </node>
    <node id="n14">
      <data key="v_Title">Dmitrii Kubyshev Kubyshev (Akvelon)</data>
      <data key="v_hrank">2</data>
      <data key="v_numDirects">0</data>
      <data key="v_numCollegues">7</data>
      <data key="v_RecentlyModifiedCount">4</data>
      <data key="v_ModifiedTitles"> ; MVP ; Dev ; Deployment ; Creating codeless connector</data>
      <data key="v_TrendingTitles"> ; Deployment ; Dev ; MVP ; On-Call ; Self-Host Signoff ; Enterprise Integration Pack Developer Documentation ; BizTalk API Engineering Manual ; Pillar Review Template ; App Plat Engineering Team Coding Style Rules ; API Hub Resource Provider API  V2 ; Flow | Functions | Logic Apps BizTalk Server | MABS ; PowerAppsGatewayExperience ; Logic Apps Product Review March 2016 ; PowerApps Engineering Guide ; Integration Platform - Tracking ; PowerApps-SharePoint Integration ; SharePoint web parts for Power BI ; SPZA Cinnamon Features ; SPZA Cinnamon Features Latest ; Gateways and Connectors Executive Summary</data>
      <data key="v_id">17592566073963</data>
    </node>
    <node id="n15">
      <data key="v_Title">Dmitrii Kurilov (Akvelon)</data>
      <data key="v_hrank">2</data>
      <data key="v_numDirects">0</data>
      <data key="v_numCollegues">7</data>
      <data key="v_RecentlyModifiedCount">5</data>
      <data key="v_ModifiedTitles"> ; Ev2 Documentation ; Dev ; Customers ; Connectors ; Best Practices</data>
      <data key="v_TrendingTitles"> ; Ev2 Documentation ; Best Practices ; Customers ; Deployment ; Dev ; Onboard to Engineering Pipeline ; WARM Onboarding Template ; Dev Design Spec - DataLayer APIs ; FINAL Logic Apps Customer SLA - April 2016 ; EngSys Checkpoints ; MLSync Unattended Deployment ; Azure RBAC Getting Started ; B2B_Kodak-DevSpec ; Using PIN with Passport for Work to Access Work Resources ; Pillar Review Template ; VSRM + Ev2 Integration ; Key Dates ; Dependency Injection for CRM ; Azure Security Pack OnBoarding ; WARM FIT Checklist</data>
      <data key="v_id">17592577184324</data>
    </node>
    <node id="n16">
      <data key="v_Title">Jeff Tyson</data>
      <data key="v_hrank">2</data>
      <data key="v_numDirects">0</data>
      <data key="v_numCollegues">9</data>
      <data key="v_RecentlyModifiedCount">10</data>
      <data key="v_ModifiedTitles"> ; TSGs ; Platform Squad ; Vendor Ops ; Etc ; Deploying PowerBI to a new Data Center ; Provider Releases ; Training ; Untitled Section ; Gateway Database Schema and DM API ; PaaS Launch Planning</data>
      <data key="v_TrendingTitles"> ; TSGs ; Vendor Ops ; Training ; PaaS Launch Planning ; Power BI PaaS Team Strategy &amp; Execution Plan ; BI Box Shiproom ; PowerApps Product Review ; Power BI PR - PaaS May 9.pptx ; Microsoft confidential ; Engine Nugetization and Build ; Enterprise Modeling ; PowerApps Executive Summary - May 2016 ; Conceptual Model - v3 ; Power BI Shared Services  ; Gateway Database Schema and DM API ; App Model ; Power BI PR All March 23.pptx ; PaaS Team Strategy ; SQL BI Weekly Live Site Review ; Microsoft R FY17+ Strategy</data>
      <data key="v_id">148883037</data>
    </node>
    <node id="n17">
      <data key="v_Title">Yingwei Yang</data>
      <data key="v_hrank">2</data>
      <data key="v_numDirects">0</data>
      <data key="v_numCollegues">9</data>
      <data key="v_RecentlyModifiedCount">5</data>
      <data key="v_ModifiedTitles"> ; Getting Started ; TSGs ; OneNote_DeletedPages ; Technology Squad ; Excel Online to AS on-prem</data>
      <data key="v_TrendingTitles"> ; TSGs ; Vendor Ops ; Training ; Dashboards and Reports ; OneNote_DeletedPages ; Power BI PR - PaaS May 9.pptx ; Power BI Shared Services  ; Power BI PaaS Team Strategy &amp; Execution Plan ; Microsoft confidential ; Gateway Database Schema and DM API ; PaaS Team Strategy ; PowerApps Product Review ; UX Backlog ; App Model ; Sela registration June 2016 ; Conceptual Model - v3 ; Power BI PR All March 23.pptx ; Engine Nugetization and Build ; SPZA Success Metrics ; PBI &amp; XL Better Together</data>
      <data key="v_id">148893638</data>
    </node>
    <node id="n18">
      <data key="v_Title">Peter Fan</data>
      <data key="v_hrank">2</data>
      <data key="v_numDirects">0</data>
      <data key="v_numCollegues">9</data>
      <data key="v_RecentlyModifiedCount">1</data>
      <data key="v_ModifiedTitles"> ; Windows Job Object</data>
      <data key="v_TrendingTitles"> ; Vendor Ops ; TSGs ; Training ; Daily Live Site ; Dashboards and Reports ; Power BI Shared Services  ; Microsoft confidential ; SQL BI Weekly Live Site Review ; Gateway Database Schema and DM API ; App Model ; How to make database changes in SSRS ; DeploymentSchedule ; Conceptual Model - v3 ; Sela registration June 2016 ; PBI &amp; XL Better Together ; App Model ; App Model.pptx ; CurrentTrainStatus _2015_2016 ; GM Review Apr 2016.pptx ; Power BI LiveSite Roles Responsibilities</data>
      <data key="v_id">149338126</data>
    </node>
    <node id="n19">
      <data key="v_Title">Bei Zhou</data>
      <data key="v_hrank">2</data>
      <data key="v_numDirects">0</data>
      <data key="v_numCollegues">9</data>
      <data key="v_RecentlyModifiedCount">5</data>
      <data key="v_ModifiedTitles"> ; Unified Gateway ; TSGs ; Untitled Section ; Wiki ; Kusto One Pager</data>
      <data key="v_TrendingTitles"> ; TSGs ; Vendor Ops ; Power BI Shared Services  ; Training ; Dashboards and Reports ; Kusto One Pager ; Microsoft confidential ; Power BI PR - PaaS May 9.pptx ; App Model ; Gateway Database Schema and DM API ; Conceptual Model - v3 ; Test Coverage &amp; Unicorns ; Power BI PR All March 23.pptx ; SQL BI Weekly Live Site Review ; DeploymentSchedule ; Four No-Hassle Growth Hacks ; Power BI PaaS ; Power BI PaaS Team Strategy &amp; Execution Plan ; PaaS Team Strategy ; App Model</data>
      <data key="v_id">149338179</data>
    </node>
    <node id="n20">
      <data key="v_Title">Clemens Kerer</data>
      <data key="v_hrank">2</data>
      <data key="v_numDirects">0</data>
      <data key="v_numCollegues">9</data>
      <data key="v_RecentlyModifiedCount">7</data>
      <data key="v_ModifiedTitles"> ; Technology Squad ; DEV Design PM Communication ; Kusto One Pager ; Gateway Database Schema and DM API ; Design Backlog ; Training ; Vendor Ops</data>
      <data key="v_TrendingTitles"> ; TSGs ; Vendor Ops ; Power BI Shared Services  ; Training ; Microsoft confidential ; Designs ; OneNote_DeletedPages ; App Model ; Conceptual Model - v3 ; Power BI PR - PaaS May 9.pptx ; Gateway Database Schema and DM API ; Power BI PR All March 23.pptx ; Power BI PaaS Team Strategy &amp; Execution Plan ; SQL BI Weekly Live Site Review ; Engine Nugetization and Build ; DeploymentSchedule ; Enterprise Modeling ; App Model ; Power BI PaaS ; App Model.pptx</data>
      <data key="v_id">149373112</data>
    </node>
    <node id="n21">
      <data key="v_Title">Eric Lai</data>
      <data key="v_hrank">2</data>
      <data key="v_numDirects">0</data>
      <data key="v_numCollegues">9</data>
      <data key="v_RecentlyModifiedCount">8</data>
      <data key="v_ModifiedTitles"> ; Enterprise Gateway ; TSGs ; Daily Live Site ; Getting Started ; Tools and Portals ; Vendor Ops ; Training ; PaaS Launch Planning</data>
      <data key="v_TrendingTitles"> ; Automotive Book of Dreams v1 ; Vendor Ops ; TSGs ; Training ; Power BI Shared Services  ; Microsoft confidential ; Alerting ; Daily Live Site ; Power BI PR - PaaS May 9.pptx ; Using PIN with Passport for Work to Access Work Resources ; Test Coverage &amp; Unicorns ; App Model ; App Model ; Gateway Database Schema and DM API ; Conceptual Model - v3 ; Engine Nugetization and Build ; SQL BI Weekly Live Site Review ; Power BI PR All March 23.pptx ; How to make database changes in SSRS ; Enterprise Modeling</data>
      <data key="v_id">149386742</data>
    </node>
    <node id="n22">
      <data key="v_Title">Greg Priessnitz</data>
      <data key="v_hrank">2</data>
      <data key="v_numDirects">0</data>
      <data key="v_numCollegues">9</data>
      <data key="v_RecentlyModifiedCount">1</data>
      <data key="v_ModifiedTitles"> ; Getting Started</data>
      <data key="v_TrendingTitles"> ; TSGs ; Vendor Ops ; Training ; Power BI Shared Services  ; Daily Live Site ; Kusto One Pager ; Engine Nugetization and Build ; Microsoft confidential ; Gateway Database Schema and DM API ; App Model ; Sela registration June 2016 ; App Model ; PBI &amp; XL Better Together ; DeploymentSchedule ; Enterprise Modeling ; How to make database changes in SSRS ; SQL BI Weekly Live Site Review ; Conceptual Model - v3 ; GM Review Apr 2016.pptx ; PBIO Shiproom</data>
      <data key="v_id">247282010</data>
    </node>
    <node id="n23">
      <data key="v_Title">Pete Diemert</data>
      <data key="v_hrank">2</data>
      <data key="v_numDirects">0</data>
      <data key="v_numCollegues">9</data>
      <data key="v_RecentlyModifiedCount">5</data>
      <data key="v_ModifiedTitles"> ; Technology Squad ; Platform Squad ; Gateway Client Error Mappings ; Notes ; OneNote_DeletedPages</data>
      <data key="v_TrendingTitles"> ; TSGs ; Vendor Ops ; Training ; Dashboards and Reports ; PowerApps Product Review ; SSIS Performance Design Patterns ; Power BI PaaS Team Strategy &amp; Execution Plan ; PowerApps Executive Summary - May 2016 ; UX Backlog ; SPZA Success Metrics ; Gateway Database Schema and DM API ; R Visuals Usage Model ; Power BI Desktop ; How to make database changes in SSRS ; KustoSLA ; Business Analytics in Excel ; BI in Excel -  Summit South ; &lt;Presentation title here&gt; ; PowerApps_All_Hands_04_29_2016.pptx ; PowerApps_All_Hands_02_01_2016.pptx</data>
      <data key="v_id">335483173</data>
    </node>
    <node id="n24">
      <data key="v_Title">Kalavathi Pappuru (MINDTREE LIMITED)</data>
      <data key="v_hrank">2</data>
      <data key="v_numDirects">0</data>
      <data key="v_numCollegues">9</data>
      <data key="v_RecentlyModifiedCount">0</data>
      <data key="v_ModifiedTitles">unknown</data>
      <data key="v_TrendingTitles"> ; TSGs ; ROB ; EM Pilot ; LSI Analysis ; OneNote_DeletedPages ; PowerApps Product Review ; Power BI PaaS Team Strategy &amp; Execution Plan ; Power BI PR - PaaS May 9.pptx ; Power BI Shared Services  ; UX Backlog ; PowerApps Executive Summary - May 2016 ; MSDN Livesite 2016 ; Microsoft confidential ; VSCOPS_Patching_Schedule_April_2016 ; PowerApps_All_Hands_04_29_2016.pptx ; Microsoft Office 365 GallaCake ; 2016-0502-MCKP-Planning-Consumer-Commercial-Store-Scenarios-May2016.pptx ; PowerApps_All_Hands_02_01_2016.pptx ; Gateway Database Schema and DM API ; Stronger. Together. One Microsoft IT</data>
      <data key="v_id">17592360484015</data>
    </node>
    <node id="n25">
      <data key="v_Title">Bill Lange</data>
      <data key="v_hrank">2</data>
      <data key="v_numDirects">2</data>
      <data key="v_numCollegues">4</data>
      <data key="v_RecentlyModifiedCount">2</data>
      <data key="v_ModifiedTitles"> ; CTP1SetupTests ; Windows Server IaaS Release</data>
      <data key="v_TrendingTitles"> ; Stakeholder Launch Kit_Host Integration Server 2016_FY16 ; Sketch Book ; Windows Server IaaS Release ; Infrastructure ; Self-Host Signoff ; New Section 1 ; Budget Tracker FY16 ; IBM Host Lab Static IP addresses ; Azure RBAC Getting Started ; PowerBIServiceabilityDiscussion.pptx ; ECG Services Weekly Live Site Review 5-3-2016.pptx ; OOF Request Calendar 2016 ; MSSales Revenue Factory ; Project Xenon ; Allison Supportability Weekly FDR Report-May2 ; HIS2016_DataIntFeatureSetName ; Hotspots ; Fabric Onboarding Schedule Final 030416 ; Partner Review March  2016.pptx ; Azure Delivery MBR proposal</data>
      <data key="v_id">43468888</data>
    </node>
    <node id="n26">
      <data key="v_Title">Chris Houser (HIS)</data>
      <data key="v_hrank">2</data>
      <data key="v_numDirects">3</data>
      <data key="v_numCollegues">4</data>
      <data key="v_RecentlyModifiedCount">1</data>
      <data key="v_ModifiedTitles"> ; IBM Host Lab Static IP addresses</data>
      <data key="v_TrendingTitles"> ; FY16 Q3 Business Review Deck_Insight Global ; FY16 Q3 Business Review Deck_Inspur ; FY16 Q3 Business Review Deck_Sonata ; FY16 Q3 Business Review Deck_Atos ; Stakeholder Launch Kit_Host Integration Server 2016_FY16 ; Budget Tracker FY16 ; Scorecard Bulk Upload Form - C+E-ASG April 2016 Final ; New Section 1 ; ASG-CE SBR Schedule ; TFS Council Notes ; FY16 Q3 Business Review Deck_Wicresoft ; FY16 Q3 Business Review Deck_MindTree ; FY16 Q3 Business Review Deck_Cognizant ; FY16 Strategic Supplier Management Assignments by PEM ; IBM Host Lab Static IP addresses ; FY16 Q3 Business Review Deck_Aditi ; FY16 Q3 Business Review Deck_Chinasoft ; FY16 Q3 Business Review Deck_HCL ; FY16 Q3 Business Review Deck_TCS ; FY16 Q3 Business Review Deck_TekSystems</data>
      <data key="v_id">149384509</data>
    </node>
    <node id="n27">
      <data key="v_Title">Valerie Robb (THOMAS)</data>
      <data key="v_hrank">2</data>
      <data key="v_numDirects">0</data>
      <data key="v_numCollegues">4</data>
      <data key="v_RecentlyModifiedCount">0</data>
      <data key="v_ModifiedTitles">unknown</data>
      <data key="v_TrendingTitles"> ; Deployment ; Stakeholder Launch Kit_Host Integration Server 2016_FY16 ; Blogpost - Create app from template ; Allison Supportability Weekly FDR Report-May2 ; First Party Support Engagement Model ; C+E CRM User Scenarios.pptx ; Azure Core and First Party ; Microsoft brand template ; Microsoft Org ID template ; Azure Service Health Review ; User Research International ; Azure Security Pack OnBoarding ; Command Line Logging.pptx ; Power BI Shared Services  ; SHR_1stParty_Apr16 ; Self-Host Signoff ; ASMP WPC MVP Checkpoint 5-3-16 ; Pillar Review Template ; Flow | Functions | Logic Apps BizTalk Server | MABS ; Allison Supportability Weekly FDR Report-April29</data>
      <data key="v_id">149412039</data>
    </node>
    <node id="n28">
      <data key="v_Title">Charlie Ezzell</data>
      <data key="v_hrank">2</data>
      <data key="v_numDirects">0</data>
      <data key="v_numCollegues">4</data>
      <data key="v_RecentlyModifiedCount">0</data>
      <data key="v_ModifiedTitles">unknown</data>
      <data key="v_TrendingTitles"> ; Stakeholder Launch Kit_Host Integration Server 2016_FY16 ; Allison Supportability Weekly FDR Report-May2 ; New Section 1 ; Allison Supportability Weekly FDR Report-April29 ; UX Backlog ; IBM Host Lab Static IP addresses ; Azure RBAC Getting Started ; HIS2016_DataIntFeatureSetName ; RedZone Tracker ; April docs ; Security Case Templates ; Joining your Windows 10 Computer to a Domain ; Gateway Database Schema and DM API ; Power Query Engineering Guide ; HISV10_DataInt_SQLServer_DB2OLEDB_Languages ; Project Review HIS ; Book</data>
      <data key="v_id">149444500</data>
    </node>
    <node id="n29">
      <data key="v_Title">Frank Slaga</data>
      <data key="v_hrank">3</data>
      <data key="v_numDirects">0</data>
      <data key="v_numCollegues">2</data>
      <data key="v_RecentlyModifiedCount">0</data>
      <data key="v_ModifiedTitles">unknown</data>
      <data key="v_TrendingTitles"> ; Stakeholder Launch Kit_Host Integration Server 2016_FY16 ; Azure Media services ; Microsoft confidential ; OTT Scrum 05/04/16 ; Pillar Review Template ; PaaSTimeline ; IBM Host Lab Static IP addresses ; GroupPolicyReader_README ; Windows Defender Offline Scanner ; Scenario_Diagnostic Tooling (Post Processing Script)_Final ; Microsoft Passport NGC enabled for CDJ devices ; UX Backlog ; Scenario_PhoneSign-In ; EDP_DecTAPRelease ; ACOM Media Cleanup ; OTT Scrum 03/23/16 ; Microsoft confidential ; HIS2016_DataIntFeatureSetName ; IBM Host Lab Systems Software Inventory ; BAPI FY17 Non People Budget Worksheet - Media</data>
      <data key="v_id">148890777</data>
    </node>
    <node id="n30">
      <data key="v_Title">Hiep Tran</data>
      <data key="v_hrank">3</data>
      <data key="v_numDirects">0</data>
      <data key="v_numCollegues">2</data>
      <data key="v_RecentlyModifiedCount">0</data>
      <data key="v_ModifiedTitles">unknown</data>
      <data key="v_TrendingTitles"> ; Allison Supportability Weekly FDR Report-May2 ; Stakeholder Launch Kit_Host Integration Server 2016_FY16 ; 41769 ; Self-Host Signoff ; Deployment ; Dev ; Allison Supportability Weekly FDR Report-April29 ; IBM Host Lab Static IP addresses ; 1044 ; Power Query Engineering Guide ; Joining your Windows 10 Computer to a Domain ; MashupProvider ; HIS2016_DataIntFeatureSetName ; RedZone Tracker ; IBM Host Lab Systems Software Inventory ; Using PIN with Passport for Work to Access Work Resources ; Azure Service Freshness ; Template ; Security Case Templates ; Template</data>
      <data key="v_id">179222727</data>
    </node>
    <node id="n31">
      <data key="v_Title">Russell Kasbaum</data>
      <data key="v_hrank">3</data>
      <data key="v_numDirects">0</data>
      <data key="v_numCollegues">3</data>
      <data key="v_RecentlyModifiedCount">2</data>
      <data key="v_ModifiedTitles"> ; IBM Host Lab Static IP addresses ; IBM Host Lab Systems Software Inventory</data>
      <data key="v_TrendingTitles"> ; SE ; SQL2016 SignOff ; Stakeholder Launch Kit_Host Integration Server 2016_FY16 ; SSIS LT Review Apr 23 2016 ; &lt;Team Name&gt; Project Review ; SSIS ; SSIS vnext planning ; &lt;Team Name&gt; Project Review ; OneNote_DeletedPages ; Self-Host Signoff ; &lt;Team Name&gt; Project Review ; Monthly review ; rawdata ; Flow | Functions | Logic Apps BizTalk Server | MABS ; SSMS Signoff Test Plan ; Extension Test Distribution ; security scorecard.pptx ; Power Query Engineering Guide ; SSIS LT Review ; Logic Apps Product Review March 2016</data>
      <data key="v_id">148896294</data>
    </node>
    <node id="n32">
      <data key="v_Title">Joseph Taranta</data>
      <data key="v_hrank">3</data>
      <data key="v_numDirects">0</data>
      <data key="v_numCollegues">3</data>
      <data key="v_RecentlyModifiedCount">0</data>
      <data key="v_ModifiedTitles">unknown</data>
      <data key="v_TrendingTitles"> ; Stakeholder Launch Kit_Host Integration Server 2016_FY16 ; New Section 1 ; Statement of Work – Telecom Egypt CRM Solution ; Budget Tracker FY16 ; Statement of Work ; IBM Host Lab Static IP addresses ; Flow | Functions | Logic Apps BizTalk Server | MABS ; UX Backlog ; Logic Apps Product Review March 2016 ; IBM Host Lab Systems Software Inventory ; Partner Review March  2016.pptx ; HIS2016_DataIntFeatureSetName ; Power Query Engineering Guide ; 1 ; Power BI PaaS ; Security Case Templates ; B40 Lab 1175 Final Floor Plann ; B40 Lab 1165 Final Floor Plan ; Logic Apps Webcast ; BizTalk 2016 CTP1</data>
      <data key="v_id">149355429</data>
    </node>
    <node id="n33">
      <data key="v_Title">John Hilditch (Metaswitch Networks Limited)</data>
      <data key="v_hrank">3</data>
      <data key="v_numDirects">0</data>
      <data key="v_numCollegues">3</data>
      <data key="v_RecentlyModifiedCount">0</data>
      <data key="v_ModifiedTitles">unknown</data>
      <data key="v_TrendingTitles"> ; Microsoft confidential ; TSGs ; OneNote_DeletedPages ; Microsoft confidential ; Stakeholder Launch Kit_Host Integration Server 2016_FY16 ; PowerApps Product Review ; Getting Started ; InteerviewQandA ; Gateways and Connectors Executive Summary ; Pillar Review Template ; Gateways and Connectors - Customer Focused Quality May ; FINAL Logic Apps Customer SLA - April 2016 ; Pillar Review Template ; BAPI Dynamics AX Pillar Summary - May 2016 ; Microsoft confidential ; Deployment ; Pillar Review Template ; Blog_post - App from Data ; IBM Host Lab Static IP addresses ; BAPI Product Review Template</data>
      <data key="v_id">217210561</data>
    </node>
    <node id="n34">
      <data key="v_Title">OUTSIDE</data>
      <data key="v_hrank">0</data>
      <data key="v_numDirects">0</data>
      <data key="v_numCollegues">0</data>
      <data key="v_RecentlyModifiedCount">0</data>
      <data key="v_ModifiedTitles">unknown</data>
      <data key="v_TrendingTitles">unknown</data>
      <data key="v_id">-100</data>
    </node>
    <edge source="n0" target="n1">
      <data key="e_weight">98</data>
    </edge>
    <edge source="n0" target="n2">
      <data key="e_weight">199</data>
    </edge>
    <edge source="n0" target="n3">
      <data key="e_weight">188</data>
    </edge>
    <edge source="n0" target="n4">
      <data key="e_weight">185</data>
    </edge>
    <edge source="n0" target="n6">
      <data key="e_weight">85</data>
    </edge>
    <edge source="n0" target="n21">
      <data key="e_weight">89</data>
    </edge>
    <edge source="n0" target="n22">
      <data key="e_weight">90</data>
    </edge>
    <edge source="n0" target="n34">
      <data key="e_weight">1662</data>
    </edge>
    <edge source="n1" target="n4">
      <data key="e_weight">86</data>
    </edge>
    <edge source="n1" target="n5">
      <data key="e_weight">191</data>
    </edge>
    <edge source="n1" target="n6">
      <data key="e_weight">199</data>
    </edge>
    <edge source="n1" target="n7">
      <data key="e_weight">189</data>
    </edge>
    <edge source="n1" target="n8">
      <data key="e_weight">200</data>
    </edge>
    <edge source="n1" target="n23">
      <data key="e_weight">91</data>
    </edge>
    <edge source="n1" target="n34">
      <data key="e_weight">734</data>
    </edge>
    <edge source="n2" target="n4">
      <data key="e_weight">97</data>
    </edge>
    <edge source="n2" target="n7">
      <data key="e_weight">81</data>
    </edge>
    <edge source="n2" target="n9">
      <data key="e_weight">100</data>
    </edge>
    <edge source="n2" target="n10">
      <data key="e_weight">99</data>
    </edge>
    <edge source="n2" target="n11">
      <data key="e_weight">99</data>
    </edge>
    <edge source="n2" target="n12">
      <data key="e_weight">182</data>
    </edge>
    <edge source="n2" target="n13">
      <data key="e_weight">98</data>
    </edge>
    <edge source="n2" target="n14">
      <data key="e_weight">98</data>
    </edge>
    <edge source="n2" target="n15">
      <data key="e_weight">100</data>
    </edge>
    <edge source="n2" target="n34">
      <data key="e_weight">1874</data>
    </edge>
    <edge source="n3" target="n8">
      <data key="e_weight">90</data>
    </edge>
    <edge source="n3" target="n16">
      <data key="e_weight">199</data>
    </edge>
    <edge source="n3" target="n17">
      <data key="e_weight">195</data>
    </edge>
    <edge source="n3" target="n18">
      <data key="e_weight">188</data>
    </edge>
    <edge source="n3" target="n19">
      <data key="e_weight">99</data>
    </edge>
    <edge source="n3" target="n20">
      <data key="e_weight">189</data>
    </edge>
    <edge source="n3" target="n21">
      <data key="e_weight">193</data>
    </edge>
    <edge source="n3" target="n22">
      <data key="e_weight">99</data>
    </edge>
    <edge source="n3" target="n23">
      <data key="e_weight">100</data>
    </edge>
    <edge source="n3" target="n24">
      <data key="e_weight">100</data>
    </edge>
    <edge source="n3" target="n34">
      <data key="e_weight">578</data>
    </edge>
    <edge source="n4" target="n25">
      <data key="e_weight">96</data>
    </edge>
    <edge source="n4" target="n26">
      <data key="e_weight">186</data>
    </edge>
    <edge source="n4" target="n27">
      <data key="e_weight">200</data>
    </edge>
    <edge source="n4" target="n28">
      <data key="e_weight">194</data>
    </edge>
    <edge source="n4" target="n29">
      <data key="e_weight">98</data>
    </edge>
    <edge source="n4" target="n30">
      <data key="e_weight">94</data>
    </edge>
    <edge source="n4" target="n31">
      <data key="e_weight">98</data>
    </edge>
    <edge source="n4" target="n32">
      <data key="e_weight">99</data>
    </edge>
    <edge source="n4" target="n34">
      <data key="e_weight">827</data>
    </edge>
    <edge source="n5" target="n6">
      <data key="e_weight">96</data>
    </edge>
    <edge source="n5" target="n7">
      <data key="e_weight">194</data>
    </edge>
    <edge source="n5" target="n8">
      <data key="e_weight">197</data>
    </edge>
    <edge source="n5" target="n17">
      <data key="e_weight">95</data>
    </edge>
    <edge source="n5" target="n19">
      <data key="e_weight">83</data>
    </edge>
    <edge source="n5" target="n34">
      <data key="e_weight">906</data>
    </edge>
    <edge source="n6" target="n7">
      <data key="e_weight">98</data>
    </edge>
    <edge source="n6" target="n8">
      <data key="e_weight">192</data>
    </edge>
    <edge source="n6" target="n34">
      <data key="e_weight">746</data>
    </edge>
    <edge source="n7" target="n8">
      <data key="e_weight">193</data>
    </edge>
    <edge source="n7" target="n28">
      <data key="e_weight">82</data>
    </edge>
    <edge source="n7" target="n34">
      <data key="e_weight">898</data>
    </edge>
    <edge source="n8" target="n34">
      <data key="e_weight">908</data>
    </edge>
    <edge source="n9" target="n10">
      <data key="e_weight">95</data>
    </edge>
    <edge source="n9" target="n12">
      <data key="e_weight">98</data>
    </edge>
    <edge source="n9" target="n13">
      <data key="e_weight">93</data>
    </edge>
    <edge source="n9" target="n34">
      <data key="e_weight">730</data>
    </edge>
    <edge source="n10" target="n11">
      <data key="e_weight">96</data>
    </edge>
    <edge source="n10" target="n12">
      <data key="e_weight">100</data>
    </edge>
    <edge source="n10" target="n13">
      <data key="e_weight">88</data>
    </edge>
    <edge source="n10" target="n34">
      <data key="e_weight">896</data>
    </edge>
    <edge source="n11" target="n12">
      <data key="e_weight">196</data>
    </edge>
    <edge source="n11" target="n13">
      <data key="e_weight">87</data>
    </edge>
    <edge source="n11" target="n34">
      <data key="e_weight">1387</data>
    </edge>
    <edge source="n12" target="n13">
      <data key="e_weight">193</data>
    </edge>
    <edge source="n12" target="n15">
      <data key="e_weight">86</data>
    </edge>
    <edge source="n12" target="n23">
      <data key="e_weight">89</data>
    </edge>
    <edge source="n12" target="n34">
      <data key="e_weight">1166</data>
    </edge>
    <edge source="n13" target="n34">
      <data key="e_weight">1110</data>
    </edge>
    <edge source="n14" target="n15">
      <data key="e_weight">96</data>
    </edge>
    <edge source="n14" target="n34">
      <data key="e_weight">1193</data>
    </edge>
    <edge source="n15" target="n34">
      <data key="e_weight">926</data>
    </edge>
    <edge source="n16" target="n17">
      <data key="e_weight">200</data>
    </edge>
    <edge source="n16" target="n20">
      <data key="e_weight">197</data>
    </edge>
    <edge source="n16" target="n22">
      <data key="e_weight">191</data>
    </edge>
    <edge source="n16" target="n23">
      <data key="e_weight">94</data>
    </edge>
    <edge source="n16" target="n24">
      <data key="e_weight">194</data>
    </edge>
    <edge source="n16" target="n34">
      <data key="e_weight">664</data>
    </edge>
    <edge source="n17" target="n19">
      <data key="e_weight">190</data>
    </edge>
    <edge source="n17" target="n20">
      <data key="e_weight">190</data>
    </edge>
    <edge source="n17" target="n21">
      <data key="e_weight">91</data>
    </edge>
    <edge source="n17" target="n22">
      <data key="e_weight">97</data>
    </edge>
    <edge source="n17" target="n23">
      <data key="e_weight">189</data>
    </edge>
    <edge source="n17" target="n24">
      <data key="e_weight">192</data>
    </edge>
    <edge source="n17" target="n34">
      <data key="e_weight">726</data>
    </edge>
    <edge source="n18" target="n19">
      <data key="e_weight">88</data>
    </edge>
    <edge source="n18" target="n21">
      <data key="e_weight">100</data>
    </edge>
    <edge source="n18" target="n22">
      <data key="e_weight">188</data>
    </edge>
    <edge source="n18" target="n23">
      <data key="e_weight">95</data>
    </edge>
    <edge source="n18" target="n24">
      <data key="e_weight">90</data>
    </edge>
    <edge source="n18" target="n34">
      <data key="e_weight">1134</data>
    </edge>
    <edge source="n19" target="n21">
      <data key="e_weight">92</data>
    </edge>
    <edge source="n19" target="n22">
      <data key="e_weight">96</data>
    </edge>
    <edge source="n19" target="n23">
      <data key="e_weight">92</data>
    </edge>
    <edge source="n19" target="n24">
      <data key="e_weight">91</data>
    </edge>
    <edge source="n19" target="n34">
      <data key="e_weight">1122</data>
    </edge>
    <edge source="n20" target="n21">
      <data key="e_weight">191</data>
    </edge>
    <edge source="n20" target="n22">
      <data key="e_weight">95</data>
    </edge>
    <edge source="n20" target="n23">
      <data key="e_weight">192</data>
    </edge>
    <edge source="n20" target="n24">
      <data key="e_weight">186</data>
    </edge>
    <edge source="n20" target="n34">
      <data key="e_weight">573</data>
    </edge>
    <edge source="n21" target="n22">
      <data key="e_weight">93</data>
    </edge>
    <edge source="n21" target="n23">
      <data key="e_weight">95</data>
    </edge>
    <edge source="n21" target="n24">
      <data key="e_weight">92</data>
    </edge>
    <edge source="n21" target="n34">
      <data key="e_weight">1038</data>
    </edge>
    <edge source="n22" target="n23">
      <data key="e_weight">185</data>
    </edge>
    <edge source="n22" target="n34">
      <data key="e_weight">188</data>
    </edge>
    <edge source="n23" target="n24">
      <data key="e_weight">186</data>
    </edge>
    <edge source="n23" target="n34">
      <data key="e_weight">198</data>
    </edge>
    <edge source="n24" target="n34">
      <data key="e_weight">567</data>
    </edge>
    <edge source="n25" target="n26">
      <data key="e_weight">193</data>
    </edge>
    <edge source="n25" target="n27">
      <data key="e_weight">190</data>
    </edge>
    <edge source="n25" target="n28">
      <data key="e_weight">189</data>
    </edge>
    <edge source="n25" target="n29">
      <data key="e_weight">100</data>
    </edge>
    <edge source="n25" target="n30">
      <data key="e_weight">198</data>
    </edge>
    <edge source="n25" target="n31">
      <data key="e_weight">180</data>
    </edge>
    <edge source="n25" target="n32">
      <data key="e_weight">96</data>
    </edge>
    <edge source="n25" target="n34">
      <data key="e_weight">748</data>
    </edge>
    <edge source="n26" target="n27">
      <data key="e_weight">194</data>
    </edge>
    <edge source="n26" target="n28">
      <data key="e_weight">192</data>
    </edge>
    <edge source="n26" target="n29">
      <data key="e_weight">97</data>
    </edge>
    <edge source="n26" target="n31">
      <data key="e_weight">200</data>
    </edge>
    <edge source="n26" target="n32">
      <data key="e_weight">197</data>
    </edge>
    <edge source="n26" target="n33">
      <data key="e_weight">100</data>
    </edge>
    <edge source="n26" target="n34">
      <data key="e_weight">734</data>
    </edge>
    <edge source="n27" target="n28">
      <data key="e_weight">196</data>
    </edge>
    <edge source="n27" target="n29">
      <data key="e_weight">183</data>
    </edge>
    <edge source="n27" target="n30">
      <data key="e_weight">188</data>
    </edge>
    <edge source="n27" target="n31">
      <data key="e_weight">94</data>
    </edge>
    <edge source="n27" target="n32">
      <data key="e_weight">94</data>
    </edge>
    <edge source="n27" target="n34">
      <data key="e_weight">740</data>
    </edge>
    <edge source="n28" target="n30">
      <data key="e_weight">181</data>
    </edge>
    <edge source="n28" target="n31">
      <data key="e_weight">86</data>
    </edge>
    <edge source="n28" target="n34">
      <data key="e_weight">922</data>
    </edge>
    <edge source="n29" target="n30">
      <data key="e_weight">92</data>
    </edge>
    <edge source="n29" target="n31">
      <data key="e_weight">89</data>
    </edge>
    <edge source="n29" target="n32">
      <data key="e_weight">191</data>
    </edge>
    <edge source="n29" target="n34">
      <data key="e_weight">572</data>
    </edge>
    <edge source="n30" target="n31">
      <data key="e_weight">179</data>
    </edge>
    <edge source="n30" target="n34">
      <data key="e_weight">906</data>
    </edge>
    <edge source="n31" target="n32">
      <data key="e_weight">197</data>
    </edge>
    <edge source="n31" target="n33">
      <data key="e_weight">98</data>
    </edge>
    <edge source="n31" target="n34">
      <data key="e_weight">552</data>
    </edge>
    <edge source="n32" target="n33">
      <data key="e_weight">99</data>
    </edge>
    <edge source="n32" target="n34">
      <data key="e_weight">724</data>
    </edge>
  </graph>
</graphml>
