<?xml version="1.0" encoding="UTF-8"?>
<graphml xmlns="http://graphml.graphdrawing.org/xmlns"
         xmlns:xsi="http://www.w3.org/2001/XMLSchema-instance"
         xsi:schemaLocation="http://graphml.graphdrawing.org/xmlns
         http://graphml.graphdrawing.org/xmlns/1.0/graphml.xsd">
<!-- Created by igraph -->
  <key id="v_Title" for="node" attr.name="Title" attr.type="string"/>
   <key id="v_Years" for="node" attr.name="Years" attr.type="double"/>
  <key id="v_hrank" for="node" attr.name="hrank" attr.type="double"/>
  <key id="v_numDirects" for="node" attr.name="numDirects" attr.type="double"/>
  <key id="v_numCollegues" for="node" attr.name="numCollegues" attr.type="double"/>
  <key id="v_RecentlyModifiedCount" for="node" attr.name="RecentlyModifiedCount" attr.type="double"/>
  <key id="v_ModifiedTitles" for="node" attr.name="ModifiedTitles" attr.type="string"/>
  <key id="v_TrendingTitles" for="node" attr.name="TrendingTitles" attr.type="string"/>
  <key id="v_id" for="node" attr.name="id" attr.type="string"/>
  <key id="e_weight" for="edge" attr.name="weight" attr.type="double"/>
  <graph id="G" edgedefault="undirected">
    <node id="n0">
      <data key="v_Title">Amelia Maxwell</data>
      <data key="v_hrank">0</data>
      <data key="v_numDirects">2</data>
      <data key="v_numCollegues">0</data>
      <data key="v_RecentlyModifiedCount">0</data>
      <data key="v_ModifiedTitles">unknown</data>
      <data key="v_TrendingTitles">unknown</data>
      <data key="v_id">149360725</data>
	  <data key="v_Years">3</data>
    </node>
    <node id="n1">
      <data key="v_Title">Lora Weekly</data>
      <data key="v_hrank">1</data>
      <data key="v_numDirects">0</data>
      <data key="v_numCollegues">2</data>
      <data key="v_RecentlyModifiedCount">0</data>
      <data key="v_ModifiedTitles">unknown</data>
      <data key="v_TrendingTitles"> ; Microsoft confidential ; Pillar Review Template ; InteerviewQandA ; Azure Marketplace Pillar Review Main doc - May 2016 ; Azure Marketplace Executive Summary - MAY 2016 V2 ; AzureSHR_Apr2016 - Security.pptx ; Microsoft confidential ; SPZA Status Review ; Cloud Solution Provider program ; PowerApps Product Review ; Microsoft confidential ; OneNote_DeletedPages ; ProDev one pager-May ; Azure Media services ; Microsoft confidential ; Ibiza Customer Focused Quality - May ; Pillar Review Template ; SPZA - Consumer Surface ; Pro Dev 2 Pager - May_16 ; Microsoft confidential</data>
      <data key="v_id">149323057</data>
	  <data key="v_Years">2</data>
    </node>
    <node id="n2">
      <data key="v_Title">Vicky Sellars</data>
      <data key="v_hrank">1</data>
      <data key="v_numDirects">0</data>
      <data key="v_numCollegues">2</data>
      <data key="v_RecentlyModifiedCount">0</data>
      <data key="v_ModifiedTitles">unknown</data>
      <data key="v_TrendingTitles"> ; PowerApps Product Review ; Flow | Functions | Logic Apps BizTalk Server | MABS ; Microsoft confidential ; Pillar Review Template ; Azure Marketplace Pillar Review Main doc - May 2016 ; Azure Marketplace Executive Summary - MAY 2016 V2 ; Microsoft confidential ; Microsoft confidential ; FINAL Logic Apps Customer SLA - April 2016 ; OneNote_DeletedPages ; Blog_post - PowerApps Public Preview ; PowerApps Executive Summary - May 2016 ; Cloud Solution Provider program ; Logic Apps Product Review March 2016 ; Blog_post - App from Data ; BizTalk Workload - 042916 Draft ; OTT Scrum 05/04/16 ; Ibiza Customer Focused Quality - May ; PowerApps_All_Hands_04_29_2016.pptx ; PowerApps_All_Hands_02_01_2016.pptx</data>
      <data key="v_id">198637072</data>
	  <data key="v_Years">1.5</data>
    </node>
    <node id="n3">
      <data key="v_Title">OUTSIDE</data>
      <data key="v_hrank">0</data>
      <data key="v_numDirects">0</data>
      <data key="v_numCollegues">0</data>
      <data key="v_RecentlyModifiedCount">0</data>
      <data key="v_ModifiedTitles">unknown</data>
      <data key="v_TrendingTitles">unknown</data>
      <data key="v_id">-100</data>
    </node>
    <edge source="n1" target="n2">
      <data key="e_weight">200</data>
    </edge>
    <edge source="n1" target="n3">
      <data key="e_weight">1330</data>
    </edge>
  </graph>
</graphml>
