﻿<?xml version="1.0" encoding="utf-8"?>
<graphml xmlns:xsi="http://www.w3.org/2001/XMLSchema-instance" xsi:schemaLocation="http://graphml.graphdrawing.org/xmlns http://graphml.graphdrawing.org/xmlns/1.0/graphml.xsd" xmlns="http://graphml.graphdrawing.org/xmlns"><key id="Title" for="node" attr.name="Title" attr.type="string"><default>unknown</default></key>
<key id="hrank" for="node" attr.name="hrank" attr.type="double"><default>0</default></key><key id="numDirects" for="node" attr.name="numDirects" attr.type="double"><default>0</default></key>
<key id="numCollegues" for="node" attr.name="numCollegues" attr.type="double"><default>0</default></key>
<key id="RecentlyModifiedCount" for="node" attr.name="RecentlyModifiedCount" attr.type="double"><default>0</default></key>
<key id="ModifiedTitles" for="node" attr.name="ModifiedTitles" attr.type="string"><default>unknown</default></key>
<key id="TrendingTitles" for="node" attr.name="TrendingTitles" attr.type="string"><default>unknown</default></key>
<key id="weight" for="edge" attr.name="weight" attr.type="double"><default>1</default></key>
<key id="v_Years" for="node" attr.name="Years" attr.type="double"/>

<graph id="social_graph" edgedefault="undirected">



<node id="149335627"><data key="Title">Scott Guthrie</data><data key="v_Years">3</data><data key="hrank">0</data><data key="numDirects">18</data><data key="RecentlyModifiedCount">0</data><data key="ModifiedTitles"></data><data key="TrendingTitles"></data></node>
<node id="106686740"><data key="Title">James Staten</data><data key="v_Years">2</data><data key="hrank">1</data><data key="numCollegues">18</data><data key="numDirects">0</data><data key="RecentlyModifiedCount">0</data><data key="ModifiedTitles"></data><data key="TrendingTitles"></data></node>
<node id="148885148"><data key="Title">Ulrich Homann</data><data key="v_Years">3</data><data key="hrank">1</data><data key="numCollegues">18</data><data key="numDirects">0</data><data key="RecentlyModifiedCount">1</data><data key="ModifiedTitles"> ; Azure IoT - all-up [may-2016]</data><data key="TrendingTitles"></data></node>
<node id="149325703"><data key="Title">Mike Neil</data><data key="v_Years">14</data><data key="hrank">1</data><data key="numCollegues">18</data><data key="numDirects">0</data><data key="RecentlyModifiedCount">1</data><data key="ModifiedTitles"> ; Windows Server Business Model Strategy Discussion Mar 28</data><data key="TrendingTitles"></data></node>
<node id="149339732"><data key="Title">Brian Harry</data><data key="v_Years">14</data><data key="hrank">1</data><data key="numCollegues">18</data><data key="numDirects">0</data><data key="RecentlyModifiedCount">3</data><data key="ModifiedTitles"> ; Product Engineering Service Offering ; Bugs ; 2016-04-13 Developer Tools and Services Pillar</data><data key="TrendingTitles"> ; DevOps Strategy Refresh ; VS Team Services Live Site Review ; System_Store_RCA ; Repository Epic ; &lt;Team&gt; Feature Chat</data></node>
<node id="149349017"><data key="Title">Christi Fox Holder</data><data key="v_Years">9</data><data key="hrank">1</data><data key="numCollegues">18</data><data key="numDirects">0</data><data key="RecentlyModifiedCount">0</data><data key="ModifiedTitles"></data><data key="TrendingTitles"></data></node>
<node id="149350488"><data key="Title">Jason Zander</data><data key="v_Years">22</data><data key="hrank">1</data><data key="numCollegues">18</data><data key="numDirects">0</data><data key="RecentlyModifiedCount">3</data><data key="ModifiedTitles"> ; Sapphire Briefing ; SLT Quality Slides ; SLT Quality Slides</data><data key="TrendingTitles"> ; Argon Planning Kick-Off Meeting.pptx ; bigrocks_argon ; IaaS Pillar Review</data></node>
<node id="149352729"><data key="Title">Bharat Shah (NT)</data><data key="v_Years">9</data><data key="hrank">1</data><data key="numCollegues">18</data><data key="numDirects">0</data><data key="RecentlyModifiedCount">0</data><data key="ModifiedTitles"></data><data key="TrendingTitles"></data></node>
<node id="149362958"><data key="Title">Steven Martin</data><data key="v_Years">11</data><data key="hrank">1</data><data key="numCollegues">18</data><data key="numDirects">0</data><data key="RecentlyModifiedCount">0</data><data key="ModifiedTitles"></data><data key="TrendingTitles"></data></node>
<node id="149378572"><data key="Title">Samuel Shen</data><data key="v_Years">6</data><data key="hrank">1</data><data key="numCollegues">18</data><data key="numDirects">0</data><data key="RecentlyModifiedCount">0</data><data key="ModifiedTitles"></data><data key="TrendingTitles"></data></node>
<node id="149385553"><data key="Title">David Treadwell</data><data key="v_Years">1</data><data key="hrank">1</data><data key="numCollegues">18</data><data key="numDirects">0</data><data key="RecentlyModifiedCount">0</data><data key="ModifiedTitles"></data><data key="TrendingTitles"></data></node>
<node id="149400055"><data key="Title">James Phillips</data><data key="v_Years">4</data><data key="hrank">1</data><data key="numCollegues">18</data><data key="numDirects">0</data><data key="RecentlyModifiedCount">0</data><data key="ModifiedTitles"></data><data key="TrendingTitles"> ; PBI Curriculum ; Power BI Desktop</data></node>
<node id="149443703"><data key="Title">Anie Borja</data><data key="v_Years">2</data><data key="hrank">1</data><data key="numCollegues">18</data><data key="numDirects">0</data><data key="RecentlyModifiedCount">0</data><data key="ModifiedTitles"></data><data key="TrendingTitles"></data></node>
<node id="149463246"><data key="Title">Joseph Sirosh</data><data key="v_Years">3</data><data key="hrank">1</data><data key="numCollegues">18</data><data key="numDirects">0</data><data key="RecentlyModifiedCount">0</data><data key="ModifiedTitles"></data><data key="TrendingTitles"> ; Danube Status</data></node>
<node id="279195295"><data key="Title">Suresh Kumar</data><data key="v_Years">2</data><data key="hrank">1</data><data key="numCollegues">18</data><data key="numDirects">0</data><data key="RecentlyModifiedCount">0</data><data key="ModifiedTitles"></data><data key="TrendingTitles"></data></node>
<node id="17592598117429"><data key="Title">Nat Friedman</data><data key="v_Years">1</data><data key="hrank">1</data><data key="numCollegues">18</data><data key="numDirects">0</data><data key="RecentlyModifiedCount">0</data><data key="ModifiedTitles"></data><data key="TrendingTitles"></data></node>
<node id="149309006"><data key="Title">Julia Liuson</data><data key="v_Years">5</data><data key="hrank">1</data><data key="numCollegues">18</data><data key="numDirects">0</data><data key="RecentlyModifiedCount">0</data><data key="ModifiedTitles"></data><data key="TrendingTitles"></data></node>
<node id="149375913"><data key="Title">Brad Anderson</data><data key="v_Years">9</data><data key="hrank">1</data><data key="numCollegues">18</data><data key="numDirects">0</data><data key="RecentlyModifiedCount">0</data><data key="ModifiedTitles"></data><data key="TrendingTitles"></data></node>
<node id="149402858"><data key="Title">Jujhar Singh</data><data key="v_Years">4</data><data key="hrank">1</data><data key="numCollegues">18</data><data key="numDirects">0</data><data key="RecentlyModifiedCount">0</data><data key="ModifiedTitles"></data><data key="TrendingTitles"></data></node>
<node id="-100"><data key="Title">OUTSIDE</data><data key="v_Years">1</data><data key="RecentlyModifiedCount">0</data><data key="ModifiedTitles"></data><data key="TrendingTitles"></data></node>
<edge target="149350488" source="149335627"><data key="weight">100</data></edge>
<edge target="-100" source="149335627"><data key="weight">661</data></edge>
<edge target="149352729" source="149335627"><data key="weight">196</data></edge>
<edge target="149339732" source="149335627"><data key="weight">187</data></edge>
<edge target="149349017" source="106686740"><data key="weight">198</data></edge>
<edge target="-100" source="106686740"><data key="weight">384</data></edge>
<edge target="149335627" source="106686740"><data key="weight">97</data></edge>
<edge target="149443703" source="106686740"><data key="weight">189</data></edge>
<edge target="149350488" source="106686740"><data key="weight">94</data></edge>
<edge target="149400055" source="106686740"><data key="weight">93</data></edge>
<edge target="148885148" source="106686740"><data key="weight">91</data></edge>
<edge target="149350488" source="148885148"><data key="weight">100</data></edge>
<edge target="149443703" source="148885148"><data key="weight">194</data></edge>
<edge target="-100" source="148885148"><data key="weight">752</data></edge>
<edge target="149350488" source="149325703"><data key="weight">100</data></edge>
<edge target="149335627" source="149325703"><data key="weight">99</data></edge>
<edge target="-100" source="149325703"><data key="weight">570</data></edge>
<edge target="149352729" source="149325703"><data key="weight">94</data></edge>
<edge target="149443703" source="149325703"><data key="weight">186</data></edge>
<edge target="-100" source="149339732"><data key="weight">862</data></edge>
<edge target="149443703" source="149349017"><data key="weight">197</data></edge>
<edge target="149335627" source="149349017"><data key="weight">99</data></edge>
<edge target="-100" source="149349017"><data key="weight">562</data></edge>
<edge target="148885148" source="149349017"><data key="weight">96</data></edge>
<edge target="-100" source="149350488"><data key="weight">955</data></edge>
<edge target="-100" source="149352729"><data key="weight">763</data></edge>
<edge target="149385553" source="149352729"><data key="weight">188</data></edge>
<edge target="-100" source="149362958"><data key="weight">577</data></edge>
<edge target="149335627" source="149362958"><data key="weight">96</data></edge>
<edge target="149350488" source="149362958"><data key="weight">95</data></edge>
<edge target="149443703" source="149362958"><data key="weight">184</data></edge>
<edge target="149378572" source="149362958"><data key="weight">93</data></edge>
<edge target="-100" source="149378572"><data key="weight">955</data></edge>
<edge target="-100" source="149385553"><data key="weight">770</data></edge>
<edge target="149335627" source="149385553"><data key="weight">91</data></edge>
<edge target="-100" source="149400055"><data key="weight">852</data></edge>
<edge target="149335627" source="149400055"><data key="weight">98</data></edge>
<edge target="-100" source="149443703"><data key="weight">290</data></edge>
<edge target="149350488" source="149443703"><data key="weight">98</data></edge>
<edge target="149335627" source="149443703"><data key="weight">96</data></edge>
<edge target="149350488" source="149463246"><data key="weight">100</data></edge>
<edge target="-100" source="149463246"><data key="weight">759</data></edge>
<edge target="149335627" source="149463246"><data key="weight">96</data></edge>
<edge target="-100" source="279195295"><data key="weight">758</data></edge>
<edge target="149335627" source="279195295"><data key="weight">95</data></edge>
<edge target="149350488" source="279195295"><data key="weight">93</data></edge>
<edge target="-100" source="17592598117429"><data key="weight">864</data></edge>
<edge target="149443703" source="17592598117429"><data key="weight">91</data></edge></graph></graphml>