﻿<?xml version="1.0" encoding="utf-8"?><graphml xmlns:xsi="http://www.w3.org/2001/XMLSchema-instance" xsi:schemaLocation="http://graphml.graphdrawing.org/xmlns http://graphml.graphdrawing.org/xmlns/1.0/graphml.xsd" xmlns="http://graphml.graphdrawing.org/xmlns"><key id="Title" for="node" attr.name="Title" attr.type="string"><default>unknown</default></key><key id="hrank" for="node" attr.name="hrank" attr.type="double"><default>0</default></key><key id="numDirects" for="node" attr.name="numDirects" attr.type="double"><default>0</default></key><key id="numCollegues" for="node" attr.name="numCollegues" attr.type="double"><default>0</default></key><key id="weight" for="edge" attr.name="weight" attr.type="double"><default>1</default></key><graph id="hierarchy_graph" edgedefault="directed"><node id="149372812"><data key="Title">KUNAL MUKERJEE </data><data key="hrank">0</data><data key="numDirects">12</data></node><node id="20150993"><data key="Title">Duncan Davenport (Murphy &amp; Associates)</data><data key="hrank">1</data><data key="numCollegues">12</data><data key="numDirects">0</data></node><node id="148880181"><data key="Title">Doina Babu</data><data key="hrank">1</data><data key="numCollegues">12</data><data key="numDirects">8</data></node><node id="148891381"><data key="Title">Brandon Unger</data><data key="hrank">1</data><data key="numCollegues">12</data><data key="numDirects">0</data></node><node id="149321282"><data key="Title">Bo Simmons</data><data key="hrank">1</data><data key="numCollegues">12</data><data key="numDirects">3</data></node><node id="149344017"><data key="Title">Eran Shahar</data><data key="hrank">1</data><data key="numCollegues">12</data><data key="numDirects">14</data></node><node id="149344973"><data key="Title">Ronnie Chaiken</data><data key="hrank">1</data><data key="numCollegues">12</data><data key="numDirects">4</data></node><node id="149362580"><data key="Title">Ying Lin (POWER BI)</data><data key="hrank">1</data><data key="numCollegues">12</data><data key="numDirects">10</data></node><node id="149379853"><data key="Title">Tad Price</data><data key="hrank">1</data><data key="numCollegues">12</data><data key="numDirects">0</data></node><node id="149381490"><data key="Title">Ross Comer</data><data key="hrank">1</data><data key="numCollegues">12</data><data key="numDirects">0</data></node><node id="149389291"><data key="Title">Andy Wu (POWER BI)</data><data key="hrank">1</data><data key="numCollegues">12</data><data key="numDirects">8</data></node><node id="17592378871857"><data key="Title">Tod Manning (Virtuosity Consulting Group)</data><data key="hrank">1</data><data key="numCollegues">12</data><data key="numDirects">0</data></node><node id="17592479761877"><data key="Title">Darryl Tober</data><data key="hrank">1</data><data key="numCollegues">12</data><data key="numDirects">0</data></node><node id="40778850"><data key="Title">Claudiu Toma</data><data key="hrank">2</data><data key="numCollegues">8</data><data key="numDirects">0</data></node><node id="148882985"><data key="Title">Vaghinak Petrosyan</data><data key="hrank">2</data><data key="numCollegues">8</data><data key="numDirects">0</data></node><node id="148893325"><data key="Title">Avani Chandrasekaran</data><data key="hrank">2</data><data key="numCollegues">8</data><data key="numDirects">0</data></node><node id="149343631"><data key="Title">Hristina Popova</data><data key="hrank">2</data><data key="numCollegues">8</data><data key="numDirects">0</data></node><node id="149386902"><data key="Title">Igor Taranov</data><data key="hrank">2</data><data key="numCollegues">8</data><data key="numDirects">0</data></node><node id="149401391"><data key="Title">Ke Dang</data><data key="hrank">2</data><data key="numCollegues">8</data><data key="numDirects">0</data></node><node id="149417697"><data key="Title">Yujun Chen</data><data key="hrank">2</data><data key="numCollegues">8</data><data key="numDirects">0</data></node><node id="149446108"><data key="Title">Tomer Einav</data><data key="hrank">2</data><data key="numCollegues">8</data><data key="numDirects">0</data></node><node id="26287272"><data key="Title">Rizwan Rizwan Ul Moin (Mindtree Consulting PVT LTD)</data><data key="hrank">2</data><data key="numCollegues">3</data><data key="numDirects">0</data></node><node id="107935701"><data key="Title">Rajeev Ghodki (MINDTREE LIMITED)</data><data key="hrank">2</data><data key="numCollegues">3</data><data key="numDirects">0</data></node><node id="149457524"><data key="Title">Kiran Pyapali Pyapali (Mindtree)</data><data key="hrank">2</data><data key="numCollegues">3</data><data key="numDirects">0</data></node><node id="148881248"><data key="Title">Mike Lagase</data><data key="hrank">2</data><data key="numCollegues">14</data><data key="numDirects">0</data></node><node id="148881582"><data key="Title">Ben Levinn</data><data key="hrank">2</data><data key="numCollegues">14</data><data key="numDirects">0</data></node><node id="149319839"><data key="Title">Ramesh Poduri</data><data key="hrank">2</data><data key="numCollegues">14</data><data key="numDirects">0</data></node><node id="149322384"><data key="Title">Randy Johnson</data><data key="hrank">2</data><data key="numCollegues">14</data><data key="numDirects">0</data></node><node id="149323707"><data key="Title">Grant Culbertson</data><data key="hrank">2</data><data key="numCollegues">14</data><data key="numDirects">0</data></node><node id="149333836"><data key="Title">Patrick Woodward</data><data key="hrank">2</data><data key="numCollegues">14</data><data key="numDirects">0</data></node><node id="149356841"><data key="Title">Nathan Hammes</data><data key="hrank">2</data><data key="numCollegues">14</data><data key="numDirects">0</data></node><node id="149360621"><data key="Title">Yoram Atir</data><data key="hrank">2</data><data key="numCollegues">14</data><data key="numDirects">0</data></node><node id="149379097"><data key="Title">Kiran Gorle Appala Veera</data><data key="hrank">2</data><data key="numCollegues">14</data><data key="numDirects">0</data></node><node id="149391240"><data key="Title">Brian Butler</data><data key="hrank">2</data><data key="numCollegues">14</data><data key="numDirects">0</data></node><node id="149394517"><data key="Title">Sreenivas Dasari</data><data key="hrank">2</data><data key="numCollegues">14</data><data key="numDirects">0</data></node><node id="149394658"><data key="Title">Sriram Vegaraju</data><data key="hrank">2</data><data key="numCollegues">14</data><data key="numDirects">0</data></node><node id="149412886"><data key="Title">Charles Cassagnol</data><data key="hrank">2</data><data key="numCollegues">14</data><data key="numDirects">0</data></node><node id="149434784"><data key="Title">Scott Lane</data><data key="hrank">2</data><data key="numCollegues">14</data><data key="numDirects">0</data></node><node id="46190246"><data key="Title">Ashwini Singh</data><data key="hrank">2</data><data key="numCollegues">4</data><data key="numDirects">0</data></node><node id="148877248"><data key="Title">Yong Liang</data><data key="hrank">2</data><data key="numCollegues">4</data><data key="numDirects">0</data></node><node id="149379373"><data key="Title">Mike Vovchik</data><data key="hrank">2</data><data key="numCollegues">4</data><data key="numDirects">0</data></node><node id="149400562"><data key="Title">Anna Labutina</data><data key="hrank">2</data><data key="numCollegues">4</data><data key="numDirects">0</data></node><node id="39726563"><data key="Title">Prakash Gurappagari (Mindtree)</data><data key="hrank">2</data><data key="numCollegues">10</data><data key="numDirects">0</data></node><node id="80363225"><data key="Title">Sharanappa Mallikarjuna (Mindtree)</data><data key="hrank">2</data><data key="numCollegues">10</data><data key="numDirects">0</data></node><node id="80363242"><data key="Title">Ranadheer Reddy Moola (MINDTREE LIMITED)</data><data key="hrank">2</data><data key="numCollegues">10</data><data key="numDirects">0</data></node><node id="80709540"><data key="Title">Jayanth Kodakandla (Mindtree Consulting PVT LTD)</data><data key="hrank">2</data><data key="numCollegues">10</data><data key="numDirects">0</data></node><node id="104162502"><data key="Title">Shravan Kumar Shetty (Mindtree Consulting PVT LTD)</data><data key="hrank">2</data><data key="numCollegues">10</data><data key="numDirects">0</data></node><node id="141197797"><data key="Title">Krishna Chaitanya Prasad Vuggam (Mindtree)</data><data key="hrank">2</data><data key="numCollegues">10</data><data key="numDirects">0</data></node><node id="218300148"><data key="Title">Carol Rajala (Mindtree LTD)</data><data key="hrank">2</data><data key="numCollegues">10</data><data key="numDirects">0</data></node><node id="242464157"><data key="Title">Santosh Kumar Adepu (Mindtree Consulting PVT LTD)</data><data key="hrank">2</data><data key="numCollegues">10</data><data key="numDirects">0</data></node><node id="17592457106216"><data key="Title">Sravani Bolloju (Mindtree LTD)</data><data key="hrank">2</data><data key="numCollegues">10</data><data key="numDirects">0</data></node><node id="17592503417962"><data key="Title">Chandrarao Bonu</data><data key="hrank">2</data><data key="numCollegues">10</data><data key="numDirects">0</data></node><node id="149314051"><data key="Title">Sergey Volegov</data><data key="hrank">2</data><data key="numCollegues">8</data><data key="numDirects">0</data></node><node id="149346432"><data key="Title">Uday Unni</data><data key="hrank">2</data><data key="numCollegues">8</data><data key="numDirects">0</data></node><node id="149359572"><data key="Title">Mark Sisley</data><data key="hrank">2</data><data key="numCollegues">8</data><data key="numDirects">0</data></node><node id="149365050"><data key="Title">Sai Prathap Sadasivam</data><data key="hrank">2</data><data key="numCollegues">8</data><data key="numDirects">0</data></node><node id="149367073"><data key="Title">Anurag Bhatia</data><data key="hrank">2</data><data key="numCollegues">8</data><data key="numDirects">0</data></node><node id="149444966"><data key="Title">Derya Susman</data><data key="hrank">2</data><data key="numCollegues">8</data><data key="numDirects">0</data></node><node id="149490294"><data key="Title">Gaoping Zhu</data><data key="hrank">2</data><data key="numCollegues">8</data><data key="numDirects">0</data></node><node id="17592472039353"><data key="Title">Anish Patel</data><data key="hrank">2</data><data key="numCollegues">8</data><data key="numDirects">0</data></node><node id="-100"><data key="Title">OUTSIDE</data></node>
<edge target="20150993" source="149372812"><data key="weight">1</data></edge>
<edge target="148880181" source="149372812"><data key="weight">1</data></edge>
<edge target="148891381" source="149372812"><data key="weight">1</data></edge>
<edge target="149321282" source="149372812"><data key="weight">1</data></edge>
<edge target="149344017" source="149372812"><data key="weight">1</data></edge>
<edge target="149344973" source="149372812"><data key="weight">1</data></edge>
<edge target="149362580" source="149372812"><data key="weight">1</data></edge>
<edge target="149379853" source="149372812"><data key="weight">1</data></edge>
<edge target="149381490" source="149372812"><data key="weight">1</data></edge>
<edge target="149389291" source="149372812"><data key="weight">1</data></edge>
<edge target="17592378871857" source="149372812"><data key="weight">1</data></edge>
<edge target="17592479761877" source="149372812"><data key="weight">1</data></edge>
<edge target="40778850" source="148880181"><data key="weight">1</data></edge>
<edge target="148882985" source="148880181"><data key="weight">1</data></edge>
<edge target="148893325" source="148880181"><data key="weight">1</data></edge>
<edge target="149343631" source="148880181"><data key="weight">1</data></edge>
<edge target="149386902" source="148880181"><data key="weight">1</data></edge>
<edge target="149401391" source="148880181"><data key="weight">1</data></edge>
<edge target="149417697" source="148880181"><data key="weight">1</data></edge>
<edge target="149446108" source="148880181"><data key="weight">1</data></edge>
<edge target="26287272" source="149321282"><data key="weight">1</data></edge>
<edge target="107935701" source="149321282"><data key="weight">1</data></edge>
<edge target="149457524" source="149321282"><data key="weight">1</data></edge>
<edge target="148881248" source="149344017"><data key="weight">1</data></edge>
<edge target="148881582" source="149344017"><data key="weight">1</data></edge>
<edge target="149319839" source="149344017"><data key="weight">1</data></edge>
<edge target="149322384" source="149344017"><data key="weight">1</data></edge>
<edge target="149323707" source="149344017"><data key="weight">1</data></edge>
<edge target="149333836" source="149344017"><data key="weight">1</data></edge>
<edge target="149356841" source="149344017"><data key="weight">1</data></edge>
<edge target="149360621" source="149344017"><data key="weight">1</data></edge>
<edge target="149379097" source="149344017"><data key="weight">1</data></edge>
<edge target="149391240" source="149344017"><data key="weight">1</data></edge>
<edge target="149394517" source="149344017"><data key="weight">1</data></edge>
<edge target="149394658" source="149344017"><data key="weight">1</data></edge>
<edge target="149412886" source="149344017"><data key="weight">1</data></edge>
<edge target="149434784" source="149344017"><data key="weight">1</data></edge>
<edge target="46190246" source="149344973"><data key="weight">1</data></edge>
<edge target="148877248" source="149344973"><data key="weight">1</data></edge>
<edge target="149379373" source="149344973"><data key="weight">1</data></edge>
<edge target="149400562" source="149344973"><data key="weight">1</data></edge>
<edge target="39726563" source="149362580"><data key="weight">1</data></edge>
<edge target="80363225" source="149362580"><data key="weight">1</data></edge>
<edge target="80363242" source="149362580"><data key="weight">1</data></edge>
<edge target="80709540" source="149362580"><data key="weight">1</data></edge>
<edge target="104162502" source="149362580"><data key="weight">1</data></edge>
<edge target="141197797" source="149362580"><data key="weight">1</data></edge>
<edge target="218300148" source="149362580"><data key="weight">1</data></edge>
<edge target="242464157" source="149362580"><data key="weight">1</data></edge>
<edge target="17592457106216" source="149362580"><data key="weight">1</data></edge>
<edge target="17592503417962" source="149362580"><data key="weight">1</data></edge>
<edge target="149314051" source="149389291"><data key="weight">1</data></edge>
<edge target="149346432" source="149389291"><data key="weight">1</data></edge>
<edge target="149359572" source="149389291"><data key="weight">1</data></edge>
<edge target="149365050" source="149389291"><data key="weight">1</data></edge>
<edge target="149367073" source="149389291"><data key="weight">1</data></edge>
<edge target="149444966" source="149389291"><data key="weight">1</data></edge>
<edge target="149490294" source="149389291"><data key="weight">1</data></edge>
<edge target="17592472039353" source="149389291"><data key="weight">1</data></edge></graph></graphml>