﻿<?xml version="1.0" encoding="utf-8"?><graphml xmlns:xsi="http://www.w3.org/2001/XMLSchema-instance" xsi:schemaLocation="http://graphml.graphdrawing.org/xmlns http://graphml.graphdrawing.org/xmlns/1.0/graphml.xsd" xmlns="http://graphml.graphdrawing.org/xmlns"><key id="Title" for="node" attr.name="Title" attr.type="string"><default>unknown</default></key><key id="hrank" for="node" attr.name="hrank" attr.type="double"><default>0</default></key><key id="numDirects" for="node" attr.name="numDirects" attr.type="double"><default>0</default></key><key id="numCollegues" for="node" attr.name="numCollegues" attr.type="double"><default>0</default></key><key id="RecentlyModifiedCount" for="node" attr.name="RecentlyModifiedCount" attr.type="double"><default>0</default></key><key id="weight" for="edge" attr.name="weight" attr.type="double"><default>1</default></key><graph id="social_graph" edgedefault="undirected"><node id="149372812"><data key="Title">KUNAL MUKERJEE </data><data key="hrank">0</data><data key="numDirects">12</data><data key="RecentlyModifiedCount">5</data></node><node id="20150993"><data key="Title">Duncan Davenport (Murphy &amp; Associates)</data><data key="hrank">1</data><data key="numCollegues">12</data><data key="numDirects">0</data><data key="RecentlyModifiedCount">0</data></node><node id="148880181"><data key="Title">Doina Babu</data><data key="hrank">1</data><data key="numCollegues">12</data><data key="numDirects">8</data><data key="RecentlyModifiedCount">1</data></node><node id="148891381"><data key="Title">Brandon Unger</data><data key="hrank">1</data><data key="numCollegues">12</data><data key="numDirects">0</data><data key="RecentlyModifiedCount">1</data></node><node id="149321282"><data key="Title">Bo Simmons</data><data key="hrank">1</data><data key="numCollegues">12</data><data key="numDirects">3</data><data key="RecentlyModifiedCount">11</data></node><node id="149344017"><data key="Title">Eran Shahar</data><data key="hrank">1</data><data key="numCollegues">12</data><data key="numDirects">14</data><data key="RecentlyModifiedCount">4</data></node><node id="149344973"><data key="Title">Ronnie Chaiken</data><data key="hrank">1</data><data key="numCollegues">12</data><data key="numDirects">4</data><data key="RecentlyModifiedCount">2</data></node><node id="149362580"><data key="Title">Ying Lin (POWER BI)</data><data key="hrank">1</data><data key="numCollegues">12</data><data key="numDirects">10</data><data key="RecentlyModifiedCount">16</data></node><node id="149379853"><data key="Title">Tad Price</data><data key="hrank">1</data><data key="numCollegues">12</data><data key="numDirects">0</data><data key="RecentlyModifiedCount">1</data></node><node id="149381490"><data key="Title">Ross Comer</data><data key="hrank">1</data><data key="numCollegues">12</data><data key="numDirects">0</data><data key="RecentlyModifiedCount">1</data></node><node id="149389291"><data key="Title">Andy Wu (POWER BI)</data><data key="hrank">1</data><data key="numCollegues">12</data><data key="numDirects">8</data><data key="RecentlyModifiedCount">5</data></node><node id="17592378871857"><data key="Title">Tod Manning (Virtuosity Consulting Group)</data><data key="hrank">1</data><data key="numCollegues">12</data><data key="numDirects">0</data><data key="RecentlyModifiedCount">15</data></node><node id="17592479761877"><data key="Title">Darryl Tober</data><data key="hrank">1</data><data key="numCollegues">12</data><data key="numDirects">0</data><data key="RecentlyModifiedCount">3</data></node><node id="40778850"><data key="Title">Claudiu Toma</data><data key="hrank">2</data><data key="numCollegues">8</data><data key="numDirects">0</data><data key="RecentlyModifiedCount">1</data></node><node id="148882985"><data key="Title">Vaghinak Petrosyan</data><data key="hrank">2</data><data key="numCollegues">8</data><data key="numDirects">0</data><data key="RecentlyModifiedCount">0</data></node><node id="148893325"><data key="Title">Avani Chandrasekaran</data><data key="hrank">2</data><data key="numCollegues">8</data><data key="numDirects">0</data><data key="RecentlyModifiedCount">5</data></node><node id="149343631"><data key="Title">Hristina Popova</data><data key="hrank">2</data><data key="numCollegues">8</data><data key="numDirects">0</data><data key="RecentlyModifiedCount">7</data></node><node id="149386902"><data key="Title">Igor Taranov</data><data key="hrank">2</data><data key="numCollegues">8</data><data key="numDirects">0</data><data key="RecentlyModifiedCount">4</data></node><node id="149401391"><data key="Title">Ke Dang</data><data key="hrank">2</data><data key="numCollegues">8</data><data key="numDirects">0</data><data key="RecentlyModifiedCount">0</data></node><node id="149417697"><data key="Title">Yujun Chen</data><data key="hrank">2</data><data key="numCollegues">8</data><data key="numDirects">0</data><data key="RecentlyModifiedCount">1</data></node><node id="149446108"><data key="Title">Tomer Einav</data><data key="hrank">2</data><data key="numCollegues">8</data><data key="numDirects">0</data><data key="RecentlyModifiedCount">1</data></node><node id="26287272"><data key="Title">Rizwan Rizwan Ul Moin (Mindtree Consulting PVT LTD)</data><data key="hrank">2</data><data key="numCollegues">3</data><data key="numDirects">0</data><data key="RecentlyModifiedCount">2</data></node><node id="107935701"><data key="Title">Rajeev Ghodki (MINDTREE LIMITED)</data><data key="hrank">2</data><data key="numCollegues">3</data><data key="numDirects">0</data><data key="RecentlyModifiedCount">9</data></node><node id="149457524"><data key="Title">Kiran Pyapali Pyapali (Mindtree)</data><data key="hrank">2</data><data key="numCollegues">3</data><data key="numDirects">0</data><data key="RecentlyModifiedCount">3</data></node><node id="148881248"><data key="Title">Mike Lagase</data><data key="hrank">2</data><data key="numCollegues">14</data><data key="numDirects">0</data><data key="RecentlyModifiedCount">9</data></node><node id="148881582"><data key="Title">Ben Levinn</data><data key="hrank">2</data><data key="numCollegues">14</data><data key="numDirects">0</data><data key="RecentlyModifiedCount">1</data></node><node id="149319839"><data key="Title">Ramesh Poduri</data><data key="hrank">2</data><data key="numCollegues">14</data><data key="numDirects">0</data><data key="RecentlyModifiedCount">11</data></node><node id="149322384"><data key="Title">Randy Johnson</data><data key="hrank">2</data><data key="numCollegues">14</data><data key="numDirects">0</data><data key="RecentlyModifiedCount">1</data></node><node id="149323707"><data key="Title">Grant Culbertson</data><data key="hrank">2</data><data key="numCollegues">14</data><data key="numDirects">0</data><data key="RecentlyModifiedCount">5</data></node><node id="149333836"><data key="Title">Patrick Woodward</data><data key="hrank">2</data><data key="numCollegues">14</data><data key="numDirects">0</data><data key="RecentlyModifiedCount">7</data></node><node id="149356841"><data key="Title">Nathan Hammes</data><data key="hrank">2</data><data key="numCollegues">14</data><data key="numDirects">0</data><data key="RecentlyModifiedCount">9</data></node><node id="149360621"><data key="Title">Yoram Atir</data><data key="hrank">2</data><data key="numCollegues">14</data><data key="numDirects">0</data><data key="RecentlyModifiedCount">7</data></node><node id="149379097"><data key="Title">Kiran Gorle Appala Veera</data><data key="hrank">2</data><data key="numCollegues">14</data><data key="numDirects">0</data><data key="RecentlyModifiedCount">1</data></node><node id="149391240"><data key="Title">Brian Butler</data><data key="hrank">2</data><data key="numCollegues">14</data><data key="numDirects">0</data><data key="RecentlyModifiedCount">3</data></node><node id="149394517"><data key="Title">Sreenivas Dasari</data><data key="hrank">2</data><data key="numCollegues">14</data><data key="numDirects">0</data><data key="RecentlyModifiedCount">3</data></node><node id="149394658"><data key="Title">Sriram Vegaraju</data><data key="hrank">2</data><data key="numCollegues">14</data><data key="numDirects">0</data><data key="RecentlyModifiedCount">12</data></node><node id="149412886"><data key="Title">Charles Cassagnol</data><data key="hrank">2</data><data key="numCollegues">14</data><data key="numDirects">0</data><data key="RecentlyModifiedCount">2</data></node><node id="149434784"><data key="Title">Scott Lane</data><data key="hrank">2</data><data key="numCollegues">14</data><data key="numDirects">0</data><data key="RecentlyModifiedCount">11</data></node><node id="46190246"><data key="Title">Ashwini Singh</data><data key="hrank">2</data><data key="numCollegues">4</data><data key="numDirects">0</data><data key="RecentlyModifiedCount">1</data></node><node id="148877248"><data key="Title">Yong Liang</data><data key="hrank">2</data><data key="numCollegues">4</data><data key="numDirects">0</data><data key="RecentlyModifiedCount">4</data></node><node id="149379373"><data key="Title">Mike Vovchik</data><data key="hrank">2</data><data key="numCollegues">4</data><data key="numDirects">0</data><data key="RecentlyModifiedCount">0</data></node><node id="149400562"><data key="Title">Anna Labutina</data><data key="hrank">2</data><data key="numCollegues">4</data><data key="numDirects">0</data><data key="RecentlyModifiedCount">4</data></node><node id="39726563"><data key="Title">Prakash Gurappagari (Mindtree)</data><data key="hrank">2</data><data key="numCollegues">10</data><data key="numDirects">0</data><data key="RecentlyModifiedCount">4</data></node><node id="80363225"><data key="Title">Sharanappa Mallikarjuna (Mindtree)</data><data key="hrank">2</data><data key="numCollegues">10</data><data key="numDirects">0</data><data key="RecentlyModifiedCount">7</data></node><node id="80363242"><data key="Title">Ranadheer Reddy Moola (MINDTREE LIMITED)</data><data key="hrank">2</data><data key="numCollegues">10</data><data key="numDirects">0</data><data key="RecentlyModifiedCount">5</data></node><node id="80709540"><data key="Title">Jayanth Kodakandla (Mindtree Consulting PVT LTD)</data><data key="hrank">2</data><data key="numCollegues">10</data><data key="numDirects">0</data><data key="RecentlyModifiedCount">5</data></node><node id="104162502"><data key="Title">Shravan Kumar Shetty (Mindtree Consulting PVT LTD)</data><data key="hrank">2</data><data key="numCollegues">10</data><data key="numDirects">0</data><data key="RecentlyModifiedCount">6</data></node><node id="141197797"><data key="Title">Krishna Chaitanya Prasad Vuggam (Mindtree)</data><data key="hrank">2</data><data key="numCollegues">10</data><data key="numDirects">0</data><data key="RecentlyModifiedCount">7</data></node><node id="218300148"><data key="Title">Carol Rajala (Mindtree LTD)</data><data key="hrank">2</data><data key="numCollegues">10</data><data key="numDirects">0</data><data key="RecentlyModifiedCount">6</data></node><node id="242464157"><data key="Title">Santosh Kumar Adepu (Mindtree Consulting PVT LTD)</data><data key="hrank">2</data><data key="numCollegues">10</data><data key="numDirects">0</data><data key="RecentlyModifiedCount">14</data></node><node id="17592457106216"><data key="Title">Sravani Bolloju (Mindtree LTD)</data><data key="hrank">2</data><data key="numCollegues">10</data><data key="numDirects">0</data><data key="RecentlyModifiedCount">4</data></node><node id="17592503417962"><data key="Title">Chandrarao Bonu</data><data key="hrank">2</data><data key="numCollegues">10</data><data key="numDirects">0</data><data key="RecentlyModifiedCount">0</data></node><node id="149314051"><data key="Title">Sergey Volegov</data><data key="hrank">2</data><data key="numCollegues">8</data><data key="numDirects">0</data><data key="RecentlyModifiedCount">0</data></node><node id="149346432"><data key="Title">Uday Unni</data><data key="hrank">2</data><data key="numCollegues">8</data><data key="numDirects">0</data><data key="RecentlyModifiedCount">2</data></node><node id="149359572"><data key="Title">Mark Sisley</data><data key="hrank">2</data><data key="numCollegues">8</data><data key="numDirects">0</data><data key="RecentlyModifiedCount">1</data></node><node id="149365050"><data key="Title">Sai Prathap Sadasivam</data><data key="hrank">2</data><data key="numCollegues">8</data><data key="numDirects">0</data><data key="RecentlyModifiedCount">3</data></node><node id="149367073"><data key="Title">Anurag Bhatia</data><data key="hrank">2</data><data key="numCollegues">8</data><data key="numDirects">0</data><data key="RecentlyModifiedCount">1</data></node><node id="149444966"><data key="Title">Derya Susman</data><data key="hrank">2</data><data key="numCollegues">8</data><data key="numDirects">0</data><data key="RecentlyModifiedCount">1</data></node><node id="149490294"><data key="Title">Gaoping Zhu</data><data key="hrank">2</data><data key="numCollegues">8</data><data key="numDirects">0</data><data key="RecentlyModifiedCount">1</data></node><node id="17592472039353"><data key="Title">Anish Patel</data><data key="hrank">2</data><data key="numCollegues">8</data><data key="numDirects">0</data><data key="RecentlyModifiedCount">1</data></node><node id="-100"><data key="Title">OUTSIDE</data><data key="RecentlyModifiedCount">0</data></node>
<edge target="149321282" source="149372812"><data key="weight">192</data></edge>
<edge target="148880181" source="149372812"><data key="weight">199</data></edge>
<edge target="-100" source="149372812"><data key="weight">383</data></edge>
<edge target="148891381" source="149372812"><data key="weight">96</data></edge>
<edge target="149389291" source="149372812"><data key="weight">193</data></edge>
<edge target="149344017" source="149372812"><data key="weight">185</data></edge>
<edge target="149362580" source="149372812"><data key="weight">89</data></edge>
<edge target="-100" source="20150993"><data key="weight">289</data></edge>
<edge target="149372812" source="20150993"><data key="weight">99</data></edge>
<edge target="148880181" source="20150993"><data key="weight">98</data></edge>
<edge target="17592378871857" source="20150993"><data key="weight">187</data></edge>
<edge target="40778850" source="20150993"><data key="weight">188</data></edge>
<edge target="149389291" source="20150993"><data key="weight">92</data></edge>
<edge target="149379853" source="20150993"><data key="weight">90</data></edge>
<edge target="149381490" source="20150993"><data key="weight">89</data></edge>
<edge target="149321282" source="148880181"><data key="weight">197</data></edge>
<edge target="149386902" source="148880181"><data key="weight">198</data></edge>
<edge target="149381490" source="148880181"><data key="weight">97</data></edge>
<edge target="149362580" source="148880181"><data key="weight">194</data></edge>
<edge target="149417697" source="148880181"><data key="weight">195</data></edge>
<edge target="148882985" source="148880181"><data key="weight">192</data></edge>
<edge target="149389291" source="148880181"><data key="weight">89</data></edge>
<edge target="-100" source="148880181"><data key="weight">88</data></edge>
<edge target="149446108" source="148880181"><data key="weight">174</data></edge>
<edge target="149314051" source="148891381"><data key="weight">199</data></edge>
<edge target="-100" source="148891381"><data key="weight">574</data></edge>
<edge target="149389291" source="148891381"><data key="weight">195</data></edge>
<edge target="149444966" source="148891381"><data key="weight">189</data></edge>
<edge target="149359572" source="148891381"><data key="weight">185</data></edge>
<edge target="26287272" source="149321282"><data key="weight">200</data></edge>
<edge target="107935701" source="149321282"><data key="weight">198</data></edge>
<edge target="148881582" source="149321282"><data key="weight">192</data></edge>
<edge target="-100" source="149321282"><data key="weight">285</data></edge>
<edge target="149344017" source="149321282"><data key="weight">192</data></edge>
<edge target="149389291" source="149321282"><data key="weight">188</data></edge>
<edge target="148881582" source="149344017"><data key="weight">200</data></edge>
<edge target="149362580" source="149344017"><data key="weight">198</data></edge>
<edge target="149389291" source="149344017"><data key="weight">193</data></edge>
<edge target="149356841" source="149344017"><data key="weight">196</data></edge>
<edge target="149319839" source="149344017"><data key="weight">95</data></edge>
<edge target="148880181" source="149344017"><data key="weight">93</data></edge>
<edge target="149344973" source="149344017"><data key="weight">91</data></edge>
<edge target="149381490" source="149344017"><data key="weight">183</data></edge>
<edge target="149362580" source="149344973"><data key="weight">197</data></edge>
<edge target="-100" source="149344973"><data key="weight">382</data></edge>
<edge target="149389291" source="149344973"><data key="weight">194</data></edge>
<edge target="149400562" source="149344973"><data key="weight">195</data></edge>
<edge target="149381490" source="149344973"><data key="weight">189</data></edge>
<edge target="46190246" source="149344973"><data key="weight">187</data></edge>
<edge target="148877248" source="149344973"><data key="weight">185</data></edge>
<edge target="149321282" source="149362580"><data key="weight">99</data></edge>
<edge target="-100" source="149362580"><data key="weight">544</data></edge>
<edge target="148891381" source="149379853"><data key="weight">100</data></edge>
<edge target="149362580" source="149379853"><data key="weight">99</data></edge>
<edge target="149321282" source="149379853"><data key="weight">98</data></edge>
<edge target="-100" source="149379853"><data key="weight">638</data></edge>
<edge target="149389291" source="149381490"><data key="weight">193</data></edge>
<edge target="149372812" source="149381490"><data key="weight">99</data></edge>
<edge target="149362580" source="149381490"><data key="weight">98</data></edge>
<edge target="149321282" source="149381490"><data key="weight">96</data></edge>
<edge target="-100" source="149381490"><data key="weight">372</data></edge>
<edge target="149365050" source="149389291"><data key="weight">194</data></edge>
<edge target="149362580" source="149389291"><data key="weight">94</data></edge>
<edge target="-100" source="149389291"><data key="weight">92</data></edge>
<edge target="149367073" source="149389291"><data key="weight">187</data></edge>
<edge target="149372812" source="17592378871857"><data key="weight">100</data></edge>
<edge target="149362580" source="17592378871857"><data key="weight">99</data></edge>
<edge target="149321282" source="17592378871857"><data key="weight">98</data></edge>
<edge target="149344017" source="17592378871857"><data key="weight">97</data></edge>
<edge target="149389291" source="17592378871857"><data key="weight">96</data></edge>
<edge target="149381490" source="17592378871857"><data key="weight">94</data></edge>
<edge target="149344973" source="17592378871857"><data key="weight">93</data></edge>
<edge target="17592479761877" source="17592378871857"><data key="weight">185</data></edge>
<edge target="148880181" source="17592378871857"><data key="weight">91</data></edge>
<edge target="149362580" source="17592479761877"><data key="weight">100</data></edge>
<edge target="149372812" source="17592479761877"><data key="weight">99</data></edge>
<edge target="-100" source="17592479761877"><data key="weight">291</data></edge>
<edge target="149344017" source="17592479761877"><data key="weight">95</data></edge>
<edge target="148880181" source="17592479761877"><data key="weight">92</data></edge>
<edge target="149344973" source="17592479761877"><data key="weight">91</data></edge>
<edge target="149323707" source="17592479761877"><data key="weight">90</data></edge>
<edge target="-100" source="40778850"><data key="weight">287</data></edge>
<edge target="148880181" source="40778850"><data key="weight">99</data></edge>
<edge target="149446108" source="40778850"><data key="weight">186</data></edge>
<edge target="149417697" source="40778850"><data key="weight">190</data></edge>
<edge target="148882985" source="40778850"><data key="weight">184</data></edge>
<edge target="149389291" source="40778850"><data key="weight">93</data></edge>
<edge target="149386902" source="40778850"><data key="weight">183</data></edge>
<edge target="149386902" source="148882985"><data key="weight">199</data></edge>
<edge target="-100" source="148882985"><data key="weight">556</data></edge>
<edge target="149389291" source="148882985"><data key="weight">85</data></edge>
<edge target="149343631" source="148893325"><data key="weight">100</data></edge>
<edge target="-100" source="148893325"><data key="weight">665</data></edge>
<edge target="40778850" source="148893325"><data key="weight">91</data></edge>
<edge target="149417697" source="148893325"><data key="weight">89</data></edge>
<edge target="-100" source="149343631"><data key="weight">945</data></edge>
<edge target="-100" source="149386902"><data key="weight">564</data></edge>
<edge target="149417697" source="149386902"><data key="weight">88</data></edge>
<edge target="-100" source="149401391"><data key="weight">189</data></edge>
<edge target="149446108" source="149401391"><data key="weight">99</data></edge>
<edge target="40778850" source="149401391"><data key="weight">98</data></edge>
<edge target="148882985" source="149401391"><data key="weight">95</data></edge>
<edge target="149417697" source="149401391"><data key="weight">94</data></edge>
<edge target="149386902" source="149401391"><data key="weight">93</data></edge>
<edge target="148893325" source="149401391"><data key="weight">92</data></edge>
<edge target="148880181" source="149401391"><data key="weight">91</data></edge>
<edge target="149444966" source="149401391"><data key="weight">88</data></edge>
<edge target="-100" source="149417697"><data key="weight">660</data></edge>
<edge target="149446108" source="149417697"><data key="weight">180</data></edge>
<edge target="148882985" source="149446108"><data key="weight">100</data></edge>
<edge target="-100" source="149446108"><data key="weight">473</data></edge>
<edge target="149386902" source="149446108"><data key="weight">98</data></edge>
<edge target="149457524" source="26287272"><data key="weight">199</data></edge>
<edge target="107935701" source="26287272"><data key="weight">98</data></edge>
<edge target="149356841" source="26287272"><data key="weight">192</data></edge>
<edge target="-100" source="26287272"><data key="weight">281</data></edge>
<edge target="149344017" source="26287272"><data key="weight">94</data></edge>
<edge target="149434784" source="26287272"><data key="weight">188</data></edge>
<edge target="148881582" source="26287272"><data key="weight">91</data></edge>
<edge target="149457524" source="107935701"><data key="weight">199</data></edge>
<edge target="-100" source="107935701"><data key="weight">193</data></edge>
<edge target="149356841" source="107935701"><data key="weight">191</data></edge>
<edge target="149434784" source="107935701"><data key="weight">187</data></edge>
<edge target="149344017" source="107935701"><data key="weight">93</data></edge>
<edge target="149362580" source="107935701"><data key="weight">91</data></edge>
<edge target="242464157" source="107935701"><data key="weight">90</data></edge>
<edge target="149389291" source="107935701"><data key="weight">89</data></edge>
<edge target="149321282" source="149457524"><data key="weight">98</data></edge>
<edge target="149356841" source="149457524"><data key="weight">97</data></edge>
<edge target="149319839" source="149457524"><data key="weight">96</data></edge>
<edge target="149344017" source="149457524"><data key="weight">95</data></edge>
<edge target="-100" source="149457524"><data key="weight">182</data></edge>
<edge target="148881582" source="149457524"><data key="weight">92</data></edge>
<edge target="149389291" source="149457524"><data key="weight">90</data></edge>
<edge target="-100" source="148881248"><data key="weight">667</data></edge>
<edge target="149394658" source="148881248"><data key="weight">97</data></edge>
<edge target="149434784" source="148881248"><data key="weight">185</data></edge>
<edge target="149394517" source="148881248"><data key="weight">187</data></edge>
<edge target="149323707" source="148881582"><data key="weight">199</data></edge>
<edge target="149391240" source="148881582"><data key="weight">198</data></edge>
<edge target="149322384" source="148881582"><data key="weight">196</data></edge>
<edge target="149379097" source="148881582"><data key="weight">196</data></edge>
<edge target="-100" source="148881582"><data key="weight">277</data></edge>
<edge target="149356841" source="148881582"><data key="weight">190</data></edge>
<edge target="-100" source="149319839"><data key="weight">665</data></edge>
<edge target="149434784" source="149319839"><data key="weight">197</data></edge>
<edge target="149394658" source="149319839"><data key="weight">98</data></edge>
<edge target="149412886" source="149319839"><data key="weight">93</data></edge>
<edge target="149323707" source="149322384"><data key="weight">197</data></edge>
<edge target="149391240" source="149322384"><data key="weight">196</data></edge>
<edge target="149379097" source="149322384"><data key="weight">194</data></edge>
<edge target="-100" source="149322384"><data key="weight">466</data></edge>
<edge target="149344017" source="149322384"><data key="weight">91</data></edge>
<edge target="149391240" source="149323707"><data key="weight">198</data></edge>
<edge target="-100" source="149323707"><data key="weight">466</data></edge>
<edge target="149379097" source="149323707"><data key="weight">193</data></edge>
<edge target="149344017" source="149323707"><data key="weight">90</data></edge>
<edge target="149394658" source="149333836"><data key="weight">200</data></edge>
<edge target="-100" source="149333836"><data key="weight">854</data></edge>
<edge target="149321282" source="149356841"><data key="weight">98</data></edge>
<edge target="149362580" source="149356841"><data key="weight">96</data></edge>
<edge target="-100" source="149356841"><data key="weight">180</data></edge>
<edge target="149434784" source="149356841"><data key="weight">190</data></edge>
<edge target="149394658" source="149356841"><data key="weight">88</data></edge>
<edge target="149319839" source="149360621"><data key="weight">100</data></edge>
<edge target="-100" source="149360621"><data key="weight">661</data></edge>
<edge target="149314051" source="149360621"><data key="weight">97</data></edge>
<edge target="149321282" source="149360621"><data key="weight">92</data></edge>
<edge target="-100" source="149379097"><data key="weight">466</data></edge>
<edge target="149344017" source="149379097"><data key="weight">95</data></edge>
<edge target="149394658" source="149379097"><data key="weight">92</data></edge>
<edge target="-100" source="149391240"><data key="weight">557</data></edge>
<edge target="149344017" source="149391240"><data key="weight">92</data></edge>
<edge target="149394658" source="149394517"><data key="weight">100</data></edge>
<edge target="149333836" source="149394517"><data key="weight">99</data></edge>
<edge target="149412886" source="149394517"><data key="weight">98</data></edge>
<edge target="-100" source="149394517"><data key="weight">286</data></edge>
<edge target="149434784" source="149394517"><data key="weight">186</data></edge>
<edge target="149319839" source="149394517"><data key="weight">94</data></edge>
<edge target="149344017" source="149394517"><data key="weight">90</data></edge>
<edge target="-100" source="149394658"><data key="weight">848</data></edge>
<edge target="-100" source="149412886"><data key="weight">854</data></edge>
<edge target="149333836" source="149412886"><data key="weight">93</data></edge>
<edge target="149394658" source="149434784"><data key="weight">99</data></edge>
<edge target="149360621" source="149434784"><data key="weight">97</data></edge>
<edge target="149321282" source="149434784"><data key="weight">96</data></edge>
<edge target="149412886" source="149434784"><data key="weight">90</data></edge>
<edge target="-100" source="46190246"><data key="weight">652</data></edge>
<edge target="148877248" source="46190246"><data key="weight">197</data></edge>
<edge target="149379373" source="46190246"><data key="weight">194</data></edge>
<edge target="149400562" source="148877248"><data key="weight">199</data></edge>
<edge target="149379373" source="148877248"><data key="weight">189</data></edge>
<edge target="-100" source="148877248"><data key="weight">552</data></edge>
<edge target="149344973" source="149379373"><data key="weight">100</data></edge>
<edge target="149400562" source="149379373"><data key="weight">99</data></edge>
<edge target="149444966" source="149379373"><data key="weight">189</data></edge>
<edge target="148891381" source="149379373"><data key="weight">95</data></edge>
<edge target="149389291" source="149379373"><data key="weight">94</data></edge>
<edge target="-100" source="149379373"><data key="weight">269</data></edge>
<edge target="-100" source="149400562"><data key="weight">564</data></edge>
<edge target="46190246" source="149400562"><data key="weight">93</data></edge>
<edge target="149444966" source="149400562"><data key="weight">89</data></edge>
<edge target="149362580" source="39726563"><data key="weight">100</data></edge>
<edge target="-100" source="39726563"><data key="weight">188</data></edge>
<edge target="141197797" source="39726563"><data key="weight">98</data></edge>
<edge target="80709540" source="39726563"><data key="weight">97</data></edge>
<edge target="80363225" source="39726563"><data key="weight">195</data></edge>
<edge target="104162502" source="39726563"><data key="weight">95</data></edge>
<edge target="80363242" source="39726563"><data key="weight">94</data></edge>
<edge target="149356841" source="39726563"><data key="weight">91</data></edge>
<edge target="149360621" source="39726563"><data key="weight">90</data></edge>
<edge target="104162502" source="80363225"><data key="weight">199</data></edge>
<edge target="141197797" source="80363225"><data key="weight">197</data></edge>
<edge target="-100" source="80363225"><data key="weight">188</data></edge>
<edge target="80363242" source="80363225"><data key="weight">186</data></edge>
<edge target="149321282" source="80363225"><data key="weight">91</data></edge>
<edge target="242464157" source="80363225"><data key="weight">184</data></edge>
<edge target="218300148" source="80363225"><data key="weight">187</data></edge>
<edge target="17592457106216" source="80363225"><data key="weight">186</data></edge>
<edge target="80709540" source="80363242"><data key="weight">195</data></edge>
<edge target="104162502" source="80363242"><data key="weight">196</data></edge>
<edge target="-100" source="80363242"><data key="weight">189</data></edge>
<edge target="141197797" source="80363242"><data key="weight">189</data></edge>
<edge target="149362580" source="80363242"><data key="weight">92</data></edge>
<edge target="149321282" source="80363242"><data key="weight">90</data></edge>
<edge target="218300148" source="80363242"><data key="weight">188</data></edge>
<edge target="242464157" source="80363242"><data key="weight">181</data></edge>
<edge target="-100" source="80709540"><data key="weight">287</data></edge>
<edge target="149362580" source="80709540"><data key="weight">97</data></edge>
<edge target="104162502" source="80709540"><data key="weight">96</data></edge>
<edge target="80363225" source="80709540"><data key="weight">94</data></edge>
<edge target="141197797" source="80709540"><data key="weight">192</data></edge>
<edge target="149360621" source="80709540"><data key="weight">91</data></edge>
<edge target="149356841" source="80709540"><data key="weight">90</data></edge>
<edge target="-100" source="104162502"><data key="weight">287</data></edge>
<edge target="141197797" source="104162502"><data key="weight">186</data></edge>
<edge target="149362580" source="104162502"><data key="weight">92</data></edge>
<edge target="149321282" source="104162502"><data key="weight">90</data></edge>
<edge target="242464157" source="104162502"><data key="weight">186</data></edge>
<edge target="218300148" source="104162502"><data key="weight">184</data></edge>
<edge target="-100" source="141197797"><data key="weight">278</data></edge>
<edge target="149362580" source="141197797"><data key="weight">91</data></edge>
<edge target="149321282" source="141197797"><data key="weight">90</data></edge>
<edge target="218300148" source="141197797"><data key="weight">184</data></edge>
<edge target="-100" source="218300148"><data key="weight">191</data></edge>
<edge target="80709540" source="218300148"><data key="weight">93</data></edge>
<edge target="149321282" source="218300148"><data key="weight">90</data></edge>
<edge target="17592457106216" source="218300148"><data key="weight">179</data></edge>
<edge target="242464157" source="218300148"><data key="weight">88</data></edge>
<edge target="149362580" source="242464157"><data key="weight">100</data></edge>
<edge target="-100" source="242464157"><data key="weight">284</data></edge>
<edge target="141197797" source="242464157"><data key="weight">92</data></edge>
<edge target="149321282" source="242464157"><data key="weight">90</data></edge>
<edge target="149344017" source="242464157"><data key="weight">89</data></edge>
<edge target="-100" source="17592457106216"><data key="weight">191</data></edge>
<edge target="141197797" source="17592457106216"><data key="weight">98</data></edge>
<edge target="80363242" source="17592457106216"><data key="weight">97</data></edge>
<edge target="80709540" source="17592457106216"><data key="weight">96</data></edge>
<edge target="104162502" source="17592457106216"><data key="weight">94</data></edge>
<edge target="149362580" source="17592457106216"><data key="weight">89</data></edge>
<edge target="149389291" source="17592457106216"><data key="weight">87</data></edge>
<edge target="-100" source="17592503417962"><data key="weight">296</data></edge>
<edge target="104162502" source="17592503417962"><data key="weight">98</data></edge>
<edge target="218300148" source="17592503417962"><data key="weight">96</data></edge>
<edge target="242464157" source="17592503417962"><data key="weight">94</data></edge>
<edge target="80363242" source="17592503417962"><data key="weight">93</data></edge>
<edge target="39726563" source="17592503417962"><data key="weight">91</data></edge>
<edge target="149362580" source="17592503417962"><data key="weight">90</data></edge>
<edge target="80363225" source="17592503417962"><data key="weight">89</data></edge>
<edge target="149359572" source="149314051"><data key="weight">198</data></edge>
<edge target="-100" source="149314051"><data key="weight">379</data></edge>
<edge target="149381490" source="149314051"><data key="weight">96</data></edge>
<edge target="149389291" source="149314051"><data key="weight">95</data></edge>
<edge target="149444966" source="149314051"><data key="weight">94</data></edge>
<edge target="149400562" source="149314051"><data key="weight">90</data></edge>
<edge target="-100" source="149346432"><data key="weight">288</data></edge>
<edge target="149365050" source="149346432"><data key="weight">196</data></edge>
<edge target="149321282" source="149346432"><data key="weight">97</data></edge>
<edge target="149389291" source="149346432"><data key="weight">96</data></edge>
<edge target="149444966" source="149346432"><data key="weight">193</data></edge>
<edge target="149490294" source="149346432"><data key="weight">194</data></edge>
<edge target="149362580" source="149346432"><data key="weight">92</data></edge>
<edge target="149356841" source="149346432"><data key="weight">91</data></edge>
<edge target="-100" source="149359572"><data key="weight">286</data></edge>
<edge target="149389291" source="149359572"><data key="weight">99</data></edge>
<edge target="149365050" source="149359572"><data key="weight">190</data></edge>
<edge target="149444966" source="149359572"><data key="weight">96</data></edge>
<edge target="149490294" source="149359572"><data key="weight">187</data></edge>
<edge target="149321282" source="149359572"><data key="weight">92</data></edge>
<edge target="149444966" source="149365050"><data key="weight">196</data></edge>
<edge target="149367073" source="149365050"><data key="weight">198</data></edge>
<edge target="149490294" source="149365050"><data key="weight">195</data></edge>
<edge target="-100" source="149365050"><data key="weight">368</data></edge>
<edge target="149346432" source="149367073"><data key="weight">99</data></edge>
<edge target="149444966" source="149367073"><data key="weight">192</data></edge>
<edge target="-100" source="149367073"><data key="weight">285</data></edge>
<edge target="148891381" source="149367073"><data key="weight">94</data></edge>
<edge target="149490294" source="149367073"><data key="weight">92</data></edge>
<edge target="17592472039353" source="149367073"><data key="weight">185</data></edge>
<edge target="149490294" source="149444966"><data key="weight">196</data></edge>
<edge target="-100" source="149444966"><data key="weight">287</data></edge>
<edge target="149389291" source="149444966"><data key="weight">93</data></edge>
<edge target="149379373" source="149490294"><data key="weight">98</data></edge>
<edge target="149389291" source="149490294"><data key="weight">97</data></edge>
<edge target="149381490" source="149490294"><data key="weight">95</data></edge>
<edge target="-100" source="149490294"><data key="weight">277</data></edge>
<edge target="149389291" source="17592472039353"><data key="weight">100</data></edge>
<edge target="149444966" source="17592472039353"><data key="weight">99</data></edge>
<edge target="149490294" source="17592472039353"><data key="weight">98</data></edge>
<edge target="149365050" source="17592472039353"><data key="weight">97</data></edge>
<edge target="149346432" source="17592472039353"><data key="weight">96</data></edge>
<edge target="148891381" source="17592472039353"><data key="weight">95</data></edge>
<edge target="-100" source="17592472039353"><data key="weight">183</data></edge>
<edge target="149359572" source="17592472039353"><data key="weight">91</data></edge></graph></graphml>