﻿<?xml version="1.0" encoding="utf-8"?><graphml xmlns:xsi="http://www.w3.org/2001/XMLSchema-instance" xsi:schemaLocation="http://graphml.graphdrawing.org/xmlns http://graphml.graphdrawing.org/xmlns/1.0/graphml.xsd" xmlns="http://graphml.graphdrawing.org/xmlns"><key id="Title" for="node" attr.name="Title" attr.type="string"><default>unknown</default></key><key id="hrank" for="node" attr.name="hrank" attr.type="double"><default>0</default></key><key id="numDirects" for="node" attr.name="numDirects" attr.type="double"><default>0</default></key><key id="numCollegues" for="node" attr.name="numCollegues" attr.type="double"><default>0</default></key><key id="RecentlyModifiedCount" for="node" attr.name="RecentlyModifiedCount" attr.type="double"><default>0</default></key><key id="weight" for="edge" attr.name="weight" attr.type="double"><default>1</default></key><graph id="social_graph" edgedefault="undirected"><node id="148899584"><data key="Title">NICO CRISTACHE</data><data key="hrank">0</data><data key="numDirects">21</data><data key="RecentlyModifiedCount">2</data></node><node id="9604567"><data key="Title">Nir Straze Straze (Pyramid)</data><data key="hrank">1</data><data key="numCollegues">21</data><data key="numDirects">0</data><data key="RecentlyModifiedCount">0</data></node><node id="11205555"><data key="Title">Ohad Gan Raveh (Pyramid)</data><data key="hrank">1</data><data key="numCollegues">21</data><data key="numDirects">0</data><data key="RecentlyModifiedCount">0</data></node><node id="18917621"><data key="Title">Yakov Shaul (Pyramid)</data><data key="hrank">1</data><data key="numCollegues">21</data><data key="numDirects">0</data><data key="RecentlyModifiedCount">0</data></node><node id="22761404"><data key="Title">Peter Sprague (Pyramid)</data><data key="hrank">1</data><data key="numCollegues">21</data><data key="numDirects">0</data><data key="RecentlyModifiedCount">0</data></node><node id="34358982"><data key="Title">Asaf Benjamin Benjamin (Pyramid)</data><data key="hrank">1</data><data key="numCollegues">21</data><data key="numDirects">0</data><data key="RecentlyModifiedCount">2</data></node><node id="107913359"><data key="Title">Daniel Moscisker (Pyramid Analytics Bv)</data><data key="hrank">1</data><data key="numCollegues">21</data><data key="numDirects">0</data><data key="RecentlyModifiedCount">0</data></node><node id="120549647"><data key="Title">Ed Sheppard</data><data key="hrank">1</data><data key="numCollegues">21</data><data key="numDirects">0</data><data key="RecentlyModifiedCount">1</data></node><node id="138500392"><data key="Title">Milos Glisic</data><data key="hrank">1</data><data key="numCollegues">21</data><data key="numDirects">7</data><data key="RecentlyModifiedCount">8</data></node><node id="148881928"><data key="Title">Maryam Moazeni</data><data key="hrank">1</data><data key="numCollegues">21</data><data key="numDirects">0</data><data key="RecentlyModifiedCount">0</data></node><node id="148890224"><data key="Title">Jeffrey Wang</data><data key="hrank">1</data><data key="numCollegues">21</data><data key="numDirects">4</data><data key="RecentlyModifiedCount">4</data></node><node id="149317326"><data key="Title">Paria Noorkami</data><data key="hrank">1</data><data key="numCollegues">21</data><data key="numDirects">10</data><data key="RecentlyModifiedCount">2</data></node><node id="149319595"><data key="Title">Denesh Pohar</data><data key="hrank">1</data><data key="numCollegues">21</data><data key="numDirects">0</data><data key="RecentlyModifiedCount">10</data></node><node id="149389020"><data key="Title">John Vulner</data><data key="hrank">1</data><data key="numCollegues">21</data><data key="numDirects">0</data><data key="RecentlyModifiedCount">1</data></node><node id="149400845"><data key="Title">Gentiana Coman</data><data key="hrank">1</data><data key="numCollegues">21</data><data key="numDirects">0</data><data key="RecentlyModifiedCount">1</data></node><node id="149403279"><data key="Title">Justin Schneider</data><data key="hrank">1</data><data key="numCollegues">21</data><data key="numDirects">0</data><data key="RecentlyModifiedCount">3</data></node><node id="149405150"><data key="Title">Noah Jorgenson</data><data key="hrank">1</data><data key="numCollegues">21</data><data key="numDirects">0</data><data key="RecentlyModifiedCount">0</data></node><node id="181679933"><data key="Title">Omri Kohl (Pyramid)</data><data key="hrank">1</data><data key="numCollegues">21</data><data key="numDirects">0</data><data key="RecentlyModifiedCount">0</data></node><node id="201615926"><data key="Title">Ramy Saroufim</data><data key="hrank">1</data><data key="numCollegues">21</data><data key="numDirects">0</data><data key="RecentlyModifiedCount">2</data></node><node id="251560411"><data key="Title">Anton Babenko Babenko (Pyramid)</data><data key="hrank">1</data><data key="numCollegues">21</data><data key="numDirects">0</data><data key="RecentlyModifiedCount">0</data></node><node id="285547015"><data key="Title">Eran Ohavi (Pyramid)</data><data key="hrank">1</data><data key="numCollegues">21</data><data key="numDirects">0</data><data key="RecentlyModifiedCount">0</data></node><node id="315816790"><data key="Title">Roy Ratzon Ratzon (Pyramid Analytics Bv)</data><data key="hrank">1</data><data key="numCollegues">21</data><data key="numDirects">0</data><data key="RecentlyModifiedCount">0</data></node><node id="59214735"><data key="Title">Breon Halling</data><data key="hrank">2</data><data key="numCollegues">7</data><data key="numDirects">0</data><data key="RecentlyModifiedCount">2</data></node><node id="111971883"><data key="Title">Phil Tucker</data><data key="hrank">2</data><data key="numCollegues">7</data><data key="numDirects">0</data><data key="RecentlyModifiedCount">1</data></node><node id="111971886"><data key="Title">Jeremy Rodgers</data><data key="hrank">2</data><data key="numCollegues">7</data><data key="numDirects">0</data><data key="RecentlyModifiedCount">1</data></node><node id="138500349"><data key="Title">Hwan Hong</data><data key="hrank">2</data><data key="numCollegues">7</data><data key="numDirects">0</data><data key="RecentlyModifiedCount">5</data></node><node id="138500394"><data key="Title">Evan Levy</data><data key="hrank">2</data><data key="numCollegues">7</data><data key="numDirects">0</data><data key="RecentlyModifiedCount">4</data></node><node id="17592340208478"><data key="Title">Dinu Scobici</data><data key="hrank">2</data><data key="numCollegues">7</data><data key="numDirects">0</data><data key="RecentlyModifiedCount">4</data></node><node id="17592408318632"><data key="Title">Jovan Milosevic</data><data key="hrank">2</data><data key="numCollegues">7</data><data key="numDirects">0</data><data key="RecentlyModifiedCount">0</data></node><node id="149355739"><data key="Title">Srinivasan Turuvekere</data><data key="hrank">2</data><data key="numCollegues">4</data><data key="numDirects">0</data><data key="RecentlyModifiedCount">3</data></node><node id="149405416"><data key="Title">Alex Jurkowski</data><data key="hrank">2</data><data key="numCollegues">4</data><data key="numDirects">0</data><data key="RecentlyModifiedCount">2</data></node><node id="149440218"><data key="Title">Sean Tang</data><data key="hrank">2</data><data key="numCollegues">4</data><data key="numDirects">0</data><data key="RecentlyModifiedCount">1</data></node><node id="207518570"><data key="Title">Ravi Sankar Raju</data><data key="hrank">2</data><data key="numCollegues">4</data><data key="numDirects">0</data><data key="RecentlyModifiedCount">1</data></node><node id="148894137"><data key="Title">Mina Mikhail</data><data key="hrank">2</data><data key="numCollegues">10</data><data key="numDirects">0</data><data key="RecentlyModifiedCount">1</data></node><node id="149386980"><data key="Title">Isaac Naveh-Benjamin</data><data key="hrank">2</data><data key="numCollegues">10</data><data key="numDirects">0</data><data key="RecentlyModifiedCount">1</data></node><node id="149390308"><data key="Title">Lawrence Wong</data><data key="hrank">2</data><data key="numCollegues">10</data><data key="numDirects">0</data><data key="RecentlyModifiedCount">1</data></node><node id="149396923"><data key="Title">Qian Liang</data><data key="hrank">2</data><data key="numCollegues">10</data><data key="numDirects">0</data><data key="RecentlyModifiedCount">1</data></node><node id="149403225"><data key="Title">Esfandiar Manii</data><data key="hrank">2</data><data key="numCollegues">10</data><data key="numDirects">0</data><data key="RecentlyModifiedCount">0</data></node><node id="149405286"><data key="Title">Akash Jana</data><data key="hrank">2</data><data key="numCollegues">10</data><data key="numDirects">0</data><data key="RecentlyModifiedCount">3</data></node><node id="149413067"><data key="Title">Taylor Clark</data><data key="hrank">2</data><data key="numCollegues">10</data><data key="numDirects">0</data><data key="RecentlyModifiedCount">4</data></node><node id="149414582"><data key="Title">Kevin Moore (POWER BI)</data><data key="hrank">2</data><data key="numCollegues">10</data><data key="numDirects">0</data><data key="RecentlyModifiedCount">0</data></node><node id="149415931"><data key="Title">Jason Weng</data><data key="hrank">2</data><data key="numCollegues">10</data><data key="numDirects">0</data><data key="RecentlyModifiedCount">0</data></node><node id="247950728"><data key="Title">Eslam Elsawy</data><data key="hrank">2</data><data key="numCollegues">10</data><data key="numDirects">0</data><data key="RecentlyModifiedCount">1</data></node><node id="-100"><data key="Title">OUTSIDE</data><data key="RecentlyModifiedCount">0</data></node>
<edge target="-100" source="148899584"><data key="weight">652</data></edge>
<edge target="149317326" source="148899584"><data key="weight">198</data></edge>
<edge target="148890224" source="148899584"><data key="weight">187</data></edge>
<edge target="149405150" source="148899584"><data key="weight">186</data></edge>
<edge target="-100" source="9604567"><data key="weight">279</data></edge>
<edge target="148899584" source="9604567"><data key="weight">98</data></edge>
<edge target="149405150" source="9604567"><data key="weight">97</data></edge>
<edge target="138500392" source="9604567"><data key="weight">96</data></edge>
<edge target="148881928" source="9604567"><data key="weight">90</data></edge>
<edge target="149400845" source="9604567"><data key="weight">87</data></edge>
<edge target="201615926" source="9604567"><data key="weight">86</data></edge>
<edge target="149389020" source="9604567"><data key="weight">83</data></edge>
<edge target="-100" source="11205555"><data key="weight">468</data></edge>
<edge target="148890224" source="11205555"><data key="weight">92</data></edge>
<edge target="149317326" source="11205555"><data key="weight">88</data></edge>
<edge target="148881928" source="11205555"><data key="weight">85</data></edge>
<edge target="181679933" source="11205555"><data key="weight">177</data></edge>
<edge target="107913359" source="11205555"><data key="weight">77</data></edge>
<edge target="149317326" source="18917621"><data key="weight">100</data></edge>
<edge target="120549647" source="18917621"><data key="weight">99</data></edge>
<edge target="-100" source="18917621"><data key="weight">187</data></edge>
<edge target="201615926" source="18917621"><data key="weight">96</data></edge>
<edge target="148890224" source="18917621"><data key="weight">95</data></edge>
<edge target="149400845" source="18917621"><data key="weight">94</data></edge>
<edge target="315816790" source="18917621"><data key="weight">81</data></edge>
<edge target="9604567" source="18917621"><data key="weight">80</data></edge>
<edge target="148881928" source="18917621"><data key="weight">79</data></edge>
<edge target="-100" source="22761404"><data key="weight">458</data></edge>
<edge target="107913359" source="22761404"><data key="weight">96</data></edge>
<edge target="149400845" source="22761404"><data key="weight">93</data></edge>
<edge target="149389020" source="22761404"><data key="weight">92</data></edge>
<edge target="315816790" source="22761404"><data key="weight">77</data></edge>
<edge target="149405150" source="22761404"><data key="weight">73</data></edge>
<edge target="-100" source="34358982"><data key="weight">560</data></edge>
<edge target="148899584" source="34358982"><data key="weight">98</data></edge>
<edge target="149405150" source="34358982"><data key="weight">93</data></edge>
<edge target="149317326" source="34358982"><data key="weight">92</data></edge>
<edge target="285547015" source="34358982"><data key="weight">186</data></edge>
<edge target="-100" source="107913359"><data key="weight">430</data></edge>
<edge target="181679933" source="107913359"><data key="weight">95</data></edge>
<edge target="34358982" source="107913359"><data key="weight">93</data></edge>
<edge target="149389020" source="107913359"><data key="weight">89</data></edge>
<edge target="149403279" source="107913359"><data key="weight">88</data></edge>
<edge target="251560411" source="107913359"><data key="weight">87</data></edge>
<edge target="149389020" source="120549647"><data key="weight">196</data></edge>
<edge target="148881928" source="120549647"><data key="weight">192</data></edge>
<edge target="-100" source="120549647"><data key="weight">284</data></edge>
<edge target="149403279" source="120549647"><data key="weight">97</data></edge>
<edge target="149400845" source="120549647"><data key="weight">95</data></edge>
<edge target="148899584" source="120549647"><data key="weight">93</data></edge>
<edge target="149413067" source="120549647"><data key="weight">91</data></edge>
<edge target="149405150" source="120549647"><data key="weight">90</data></edge>
<edge target="111971886" source="138500392"><data key="weight">200</data></edge>
<edge target="111971883" source="138500392"><data key="weight">199</data></edge>
<edge target="-100" source="138500392"><data key="weight">653</data></edge>
<edge target="138500394" source="138500392"><data key="weight">197</data></edge>
<edge target="149319595" source="148881928"><data key="weight">194</data></edge>
<edge target="148890224" source="148881928"><data key="weight">99</data></edge>
<edge target="-100" source="148881928"><data key="weight">282</data></edge>
<edge target="148899584" source="148881928"><data key="weight">95</data></edge>
<edge target="149403279" source="148881928"><data key="weight">192</data></edge>
<edge target="149400845" source="148881928"><data key="weight">191</data></edge>
<edge target="149317326" source="148881928"><data key="weight">88</data></edge>
<edge target="149405416" source="148890224"><data key="weight">200</data></edge>
<edge target="207518570" source="148890224"><data key="weight">199</data></edge>
<edge target="149355739" source="148890224"><data key="weight">198</data></edge>
<edge target="-100" source="148890224"><data key="weight">379</data></edge>
<edge target="149317326" source="148890224"><data key="weight">94</data></edge>
<edge target="149319595" source="148890224"><data key="weight">190</data></edge>
<edge target="149319595" source="149317326"><data key="weight">198</data></edge>
<edge target="149403225" source="149317326"><data key="weight">198</data></edge>
<edge target="-100" source="149317326"><data key="weight">376</data></edge>
<edge target="247950728" source="149317326"><data key="weight">192</data></edge>
<edge target="149405286" source="149317326"><data key="weight">190</data></edge>
<edge target="149413067" source="149317326"><data key="weight">188</data></edge>
<edge target="148899584" source="149319595"><data key="weight">100</data></edge>
<edge target="-100" source="149319595"><data key="weight">557</data></edge>
<edge target="149319595" source="149389020"><data key="weight">100</data></edge>
<edge target="148881928" source="149389020"><data key="weight">99</data></edge>
<edge target="-100" source="149389020"><data key="weight">373</data></edge>
<edge target="149317326" source="149389020"><data key="weight">92</data></edge>
<edge target="149400845" source="149389020"><data key="weight">187</data></edge>
<edge target="148899584" source="149389020"><data key="weight">89</data></edge>
<edge target="149319595" source="149400845"><data key="weight">99</data></edge>
<edge target="148899584" source="149400845"><data key="weight">98</data></edge>
<edge target="149403279" source="149400845"><data key="weight">191</data></edge>
<edge target="-100" source="149400845"><data key="weight">278</data></edge>
<edge target="148890224" source="149400845"><data key="weight">93</data></edge>
<edge target="149317326" source="149400845"><data key="weight">87</data></edge>
<edge target="149319595" source="149403279"><data key="weight">99</data></edge>
<edge target="149355739" source="149403279"><data key="weight">191</data></edge>
<edge target="149389020" source="149403279"><data key="weight">96</data></edge>
<edge target="148899584" source="149403279"><data key="weight">94</data></edge>
<edge target="-100" source="149403279"><data key="weight">364</data></edge>
<edge target="-100" source="149405150"><data key="weight">378</data></edge>
<edge target="149389020" source="149405150"><data key="weight">95</data></edge>
<edge target="201615926" source="149405150"><data key="weight">182</data></edge>
<edge target="149400845" source="149405150"><data key="weight">92</data></edge>
<edge target="149317326" source="149405150"><data key="weight">91</data></edge>
<edge target="148881928" source="149405150"><data key="weight">84</data></edge>
<edge target="-100" source="181679933"><data key="weight">364</data></edge>
<edge target="148899584" source="181679933"><data key="weight">94</data></edge>
<edge target="251560411" source="181679933"><data key="weight">85</data></edge>
<edge target="315816790" source="181679933"><data key="weight">76</data></edge>
<edge target="149317326" source="181679933"><data key="weight">75</data></edge>
<edge target="148881928" source="181679933"><data key="weight">71</data></edge>
<edge target="-100" source="201615926"><data key="weight">283</data></edge>
<edge target="149389020" source="201615926"><data key="weight">98</data></edge>
<edge target="149317326" source="201615926"><data key="weight">97</data></edge>
<edge target="149403279" source="201615926"><data key="weight">95</data></edge>
<edge target="149400845" source="201615926"><data key="weight">93</data></edge>
<edge target="148899584" source="201615926"><data key="weight">92</data></edge>
<edge target="149413067" source="201615926"><data key="weight">86</data></edge>
<edge target="-100" source="251560411"><data key="weight">197</data></edge>
<edge target="148899584" source="251560411"><data key="weight">98</data></edge>
<edge target="120549647" source="251560411"><data key="weight">96</data></edge>
<edge target="149389020" source="251560411"><data key="weight">93</data></edge>
<edge target="148881928" source="251560411"><data key="weight">91</data></edge>
<edge target="138500392" source="251560411"><data key="weight">89</data></edge>
<edge target="149405150" source="251560411"><data key="weight">86</data></edge>
<edge target="201615926" source="251560411"><data key="weight">84</data></edge>
<edge target="149403279" source="251560411"><data key="weight">78</data></edge>
<edge target="-100" source="285547015"><data key="weight">471</data></edge>
<edge target="148899584" source="285547015"><data key="weight">96</data></edge>
<edge target="149403279" source="285547015"><data key="weight">94</data></edge>
<edge target="107913359" source="285547015"><data key="weight">93</data></edge>
<edge target="149317326" source="285547015"><data key="weight">88</data></edge>
<edge target="-100" source="315816790"><data key="weight">366</data></edge>
<edge target="9604567" source="315816790"><data key="weight">95</data></edge>
<edge target="149389020" source="315816790"><data key="weight">92</data></edge>
<edge target="149403279" source="315816790"><data key="weight">85</data></edge>
<edge target="201615926" source="315816790"><data key="weight">83</data></edge>
<edge target="138500392" source="315816790"><data key="weight">78</data></edge>
<edge target="251560411" source="315816790"><data key="weight">75</data></edge>
<edge target="138500392" source="59214735"><data key="weight">100</data></edge>
<edge target="-100" source="59214735"><data key="weight">465</data></edge>
<edge target="111971883" source="59214735"><data key="weight">98</data></edge>
<edge target="138500394" source="59214735"><data key="weight">96</data></edge>
<edge target="111971886" source="59214735"><data key="weight">191</data></edge>
<edge target="17592408318632" source="59214735"><data key="weight">187</data></edge>
<edge target="-100" source="111971883"><data key="weight">465</data></edge>
<edge target="138500394" source="111971883"><data key="weight">196</data></edge>
<edge target="111971886" source="111971883"><data key="weight">193</data></edge>
<edge target="17592340208478" source="111971883"><data key="weight">192</data></edge>
<edge target="17592408318632" source="111971883"><data key="weight">185</data></edge>
<edge target="-100" source="111971886"><data key="weight">558</data></edge>
<edge target="138500394" source="111971886"><data key="weight">190</data></edge>
<edge target="138500392" source="138500349"><data key="weight">100</data></edge>
<edge target="-100" source="138500349"><data key="weight">379</data></edge>
<edge target="111971883" source="138500349"><data key="weight">98</data></edge>
<edge target="138500394" source="138500349"><data key="weight">97</data></edge>
<edge target="111971886" source="138500349"><data key="weight">96</data></edge>
<edge target="17592408318632" source="138500349"><data key="weight">91</data></edge>
<edge target="59214735" source="138500349"><data key="weight">90</data></edge>
<edge target="-100" source="138500394"><data key="weight">554</data></edge>
<edge target="17592340208478" source="138500394"><data key="weight">195</data></edge>
<edge target="59214735" source="17592340208478"><data key="weight">99</data></edge>
<edge target="138500349" source="17592340208478"><data key="weight">98</data></edge>
<edge target="138500392" source="17592340208478"><data key="weight">96</data></edge>
<edge target="-100" source="17592340208478"><data key="weight">368</data></edge>
<edge target="111971886" source="17592340208478"><data key="weight">89</data></edge>
<edge target="138500392" source="17592408318632"><data key="weight">100</data></edge>
<edge target="-100" source="17592408318632"><data key="weight">378</data></edge>
<edge target="138500394" source="17592408318632"><data key="weight">95</data></edge>
<edge target="148899584" source="17592408318632"><data key="weight">90</data></edge>
<edge target="111971886" source="17592408318632"><data key="weight">87</data></edge>
<edge target="-100" source="149355739"><data key="weight">567</data></edge>
<edge target="149405416" source="149355739"><data key="weight">196</data></edge>
<edge target="207518570" source="149355739"><data key="weight">185</data></edge>
<edge target="207518570" source="149405416"><data key="weight">196</data></edge>
<edge target="-100" source="149405416"><data key="weight">654</data></edge>
<edge target="-100" source="149440218"><data key="weight">568</data></edge>
<edge target="148890224" source="149440218"><data key="weight">99</data></edge>
<edge target="149355739" source="149440218"><data key="weight">98</data></edge>
<edge target="149405416" source="149440218"><data key="weight">96</data></edge>
<edge target="149400845" source="149440218"><data key="weight">93</data></edge>
<edge target="-100" source="207518570"><data key="weight">550</data></edge>
<edge target="149440218" source="207518570"><data key="weight">95</data></edge>
<edge target="149317326" source="148894137"><data key="weight">100</data></edge>
<edge target="-100" source="148894137"><data key="weight">190</data></edge>
<edge target="149405286" source="148894137"><data key="weight">98</data></edge>
<edge target="149386980" source="148894137"><data key="weight">186</data></edge>
<edge target="149403225" source="148894137"><data key="weight">192</data></edge>
<edge target="149319595" source="148894137"><data key="weight">95</data></edge>
<edge target="247950728" source="148894137"><data key="weight">190</data></edge>
<edge target="149390308" source="148894137"><data key="weight">191</data></edge>
<edge target="149396923" source="148894137"><data key="weight">179</data></edge>
<edge target="-100" source="149386980"><data key="weight">464</data></edge>
<edge target="149319595" source="149386980"><data key="weight">99</data></edge>
<edge target="149317326" source="149386980"><data key="weight">96</data></edge>
<edge target="149396923" source="149386980"><data key="weight">188</data></edge>
<edge target="148899584" source="149386980"><data key="weight">90</data></edge>
<edge target="149319595" source="149390308"><data key="weight">100</data></edge>
<edge target="-100" source="149390308"><data key="weight">194</data></edge>
<edge target="149317326" source="149390308"><data key="weight">97</data></edge>
<edge target="149405286" source="149390308"><data key="weight">95</data></edge>
<edge target="149415931" source="149390308"><data key="weight">94</data></edge>
<edge target="149386980" source="149390308"><data key="weight">93</data></edge>
<edge target="149403225" source="149390308"><data key="weight">92</data></edge>
<edge target="149396923" source="149390308"><data key="weight">91</data></edge>
<edge target="149319595" source="149396923"><data key="weight">100</data></edge>
<edge target="149405286" source="149396923"><data key="weight">191</data></edge>
<edge target="149400845" source="149396923"><data key="weight">98</data></edge>
<edge target="-100" source="149396923"><data key="weight">282</data></edge>
<edge target="149317326" source="149396923"><data key="weight">95</data></edge>
<edge target="148899584" source="149396923"><data key="weight">91</data></edge>
<edge target="-100" source="149403225"><data key="weight">194</data></edge>
<edge target="149405286" source="149403225"><data key="weight">195</data></edge>
<edge target="247950728" source="149403225"><data key="weight">192</data></edge>
<edge target="149386980" source="149403225"><data key="weight">93</data></edge>
<edge target="149319595" source="149403225"><data key="weight">91</data></edge>
<edge target="149413067" source="149403225"><data key="weight">178</data></edge>
<edge target="148899584" source="149403225"><data key="weight">89</data></edge>
<edge target="149413067" source="149405286"><data key="weight">194</data></edge>
<edge target="247950728" source="149405286"><data key="weight">192</data></edge>
<edge target="-100" source="149405286"><data key="weight">284</data></edge>
<edge target="149386980" source="149405286"><data key="weight">94</data></edge>
<edge target="149319595" source="149405286"><data key="weight">91</data></edge>
<edge target="-100" source="149413067"><data key="weight">574</data></edge>
<edge target="149414582" source="149413067"><data key="weight">188</data></edge>
<edge target="149317326" source="149414582"><data key="weight">100</data></edge>
<edge target="148894137" source="149414582"><data key="weight">99</data></edge>
<edge target="149403225" source="149414582"><data key="weight">98</data></edge>
<edge target="-100" source="149414582"><data key="weight">370</data></edge>
<edge target="149405286" source="149414582"><data key="weight">93</data></edge>
<edge target="149390308" source="149414582"><data key="weight">88</data></edge>
<edge target="149317326" source="149415931"><data key="weight">100</data></edge>
<edge target="149403225" source="149415931"><data key="weight">99</data></edge>
<edge target="149413067" source="149415931"><data key="weight">98</data></edge>
<edge target="149319595" source="149415931"><data key="weight">97</data></edge>
<edge target="149386980" source="149415931"><data key="weight">95</data></edge>
<edge target="149396923" source="149415931"><data key="weight">94</data></edge>
<edge target="-100" source="149415931"><data key="weight">274</data></edge>
<edge target="148894137" source="149415931"><data key="weight">91</data></edge>
<edge target="149319595" source="247950728"><data key="weight">99</data></edge>
<edge target="-100" source="247950728"><data key="weight">190</data></edge>
<edge target="149386980" source="247950728"><data key="weight">93</data></edge>
<edge target="149396923" source="247950728"><data key="weight">92</data></edge>
<edge target="149390308" source="247950728"><data key="weight">89</data></edge></graph></graphml>