﻿<?xml version="1.0" encoding="utf-8"?><graphml xmlns:xsi="http://www.w3.org/2001/XMLSchema-instance" xsi:schemaLocation="http://graphml.graphdrawing.org/xmlns http://graphml.graphdrawing.org/xmlns/1.0/graphml.xsd" xmlns="http://graphml.graphdrawing.org/xmlns"><key id="Title" for="node" attr.name="Title" attr.type="string"><default>noone</default></key><key id="hrank" for="node" attr.name="hrank" attr.type="double"><default>0</default></key><key id="weight" for="edge" attr.name="weight" attr.type="double"><default>1</default></key><graph id="social_graph" edgedefault="undirected"><node id="148886980"><data key="Title">boss</data><data key="hrank">0</data></node><node id="20198260"><data key="Title">Omri Armstrong</data><data key="hrank">1</data></node><node id="59256133"><data key="Title">Noa Nutkevitch</data><data key="hrank">1</data></node><node id="148876580"><data key="Title">Arina Hantsis</data><data key="hrank">1</data></node><node id="149303890"><data key="Title">Gilad Taragano</data><data key="hrank">1</data></node><node id="149323889"><data key="Title">Boaz Chen</data><data key="hrank">1</data></node><node id="149368345"><data key="Title">Sasha Alperovich</data><data key="hrank">1</data></node><node id="149395698"><data key="Title">Yehuda Arkin Adar</data><data key="hrank">1</data></node><node id="149397057"><data key="Title">Ran Didi</data><data key="hrank">1</data></node><node id="149401203"><data key="Title">Yoav Ossia</data><data key="hrank">1</data></node><node id="149423285"><data key="Title">Eli Greenwald</data><data key="hrank">1</data></node><node id="149427618"><data key="Title">Ali Hamud</data><data key="hrank">1</data></node><node id="17592400532612"><data key="Title">Najib Abu Samra</data><data key="hrank">1</data></node><node id="-100"><data key="Title">OUTSIDE</data></node>
<edge target="-100" source="148886980"><data key="weight">855</data></edge>
<edge target="148876580" source="148886980"><data key="weight">197</data></edge>
<edge target="149423285" source="148886980"><data key="weight">189</data></edge>
<edge target="149401203" source="148886980"><data key="weight">188</data></edge>
<edge target="149303890" source="20198260"><data key="weight">100</data></edge>
<edge target="149368345" source="20198260"><data key="weight">99</data></edge>
<edge target="149395698" source="20198260"><data key="weight">192</data></edge>
<edge target="59256133" source="20198260"><data key="weight">191</data></edge>
<edge target="148876580" source="20198260"><data key="weight">188</data></edge>
<edge target="149323889" source="20198260"><data key="weight">190</data></edge>
<edge target="149401203" source="20198260"><data key="weight">186</data></edge>
<edge target="149427618" source="20198260"><data key="weight">184</data></edge>
<edge target="149397057" source="20198260"><data key="weight">187</data></edge>
<edge target="149423285" source="20198260"><data key="weight">89</data></edge>
<edge target="148886980" source="20198260"><data key="weight">88</data></edge>
<edge target="17592400532612" source="20198260"><data key="weight">187</data></edge>
<edge target="148876580" source="59256133"><data key="weight">192</data></edge>
<edge target="148886980" source="59256133"><data key="weight">99</data></edge>
<edge target="149368345" source="59256133"><data key="weight">98</data></edge>
<edge target="149303890" source="59256133"><data key="weight">97</data></edge>
<edge target="149323889" source="59256133"><data key="weight">194</data></edge>
<edge target="17592400532612" source="59256133"><data key="weight">192</data></edge>
<edge target="-100" source="59256133"><data key="weight">178</data></edge>
<edge target="149401203" source="59256133"><data key="weight">186</data></edge>
<edge target="149427618" source="59256133"><data key="weight">179</data></edge>
<edge target="149397057" source="59256133"><data key="weight">181</data></edge>
<edge target="-100" source="148876580"><data key="weight">366</data></edge>
<edge target="149368345" source="148876580"><data key="weight">196</data></edge>
<edge target="149323889" source="148876580"><data key="weight">197</data></edge>
<edge target="149401203" source="148876580"><data key="weight">194</data></edge>
<edge target="149303890" source="148876580"><data key="weight">193</data></edge>
<edge target="149397057" source="148876580"><data key="weight">191</data></edge>
<edge target="149423285" source="149303890"><data key="weight">198</data></edge>
<edge target="149323889" source="149303890"><data key="weight">198</data></edge>
<edge target="-100" source="149303890"><data key="weight">628</data></edge>
<edge target="149368345" source="149303890"><data key="weight">96</data></edge>
<edge target="149427618" source="149303890"><data key="weight">93</data></edge>
<edge target="148886980" source="149323889"><data key="weight">97</data></edge>
<edge target="-100" source="149323889"><data key="weight">552</data></edge>
<edge target="149368345" source="149323889"><data key="weight">82</data></edge>
<edge target="-100" source="149368345"><data key="weight">933</data></edge>
<edge target="148886980" source="149368345"><data key="weight">99</data></edge>
<edge target="148886980" source="149395698"><data key="weight">100</data></edge>
<edge target="149323889" source="149395698"><data key="weight">99</data></edge>
<edge target="59256133" source="149395698"><data key="weight">98</data></edge>
<edge target="149303890" source="149395698"><data key="weight">97</data></edge>
<edge target="148876580" source="149395698"><data key="weight">96</data></edge>
<edge target="149368345" source="149395698"><data key="weight">95</data></edge>
<edge target="-100" source="149395698"><data key="weight">354</data></edge>
<edge target="149397057" source="149395698"><data key="weight">172</data></edge>
<edge target="148886980" source="149397057"><data key="weight">99</data></edge>
<edge target="149368345" source="149397057"><data key="weight">98</data></edge>
<edge target="149303890" source="149397057"><data key="weight">96</data></edge>
<edge target="149323889" source="149397057"><data key="weight">95</data></edge>
<edge target="-100" source="149397057"><data key="weight">365</data></edge>
<edge target="149368345" source="149401203"><data key="weight">99</data></edge>
<edge target="149323889" source="149401203"><data key="weight">97</data></edge>
<edge target="149303890" source="149401203"><data key="weight">96</data></edge>
<edge target="-100" source="149401203"><data key="weight">454</data></edge>
<edge target="-100" source="149423285"><data key="weight">366</data></edge>
<edge target="149368345" source="149423285"><data key="weight">96</data></edge>
<edge target="149427618" source="149423285"><data key="weight">190</data></edge>
<edge target="149401203" source="149423285"><data key="weight">92</data></edge>
<edge target="149323889" source="149423285"><data key="weight">91</data></edge>
<edge target="148876580" source="149423285"><data key="weight">89</data></edge>
<edge target="149397057" source="149423285"><data key="weight">87</data></edge>
<edge target="-100" source="149427618"><data key="weight">286</data></edge>
<edge target="148876580" source="149427618"><data key="weight">98</data></edge>
<edge target="148886980" source="149427618"><data key="weight">97</data></edge>
<edge target="149368345" source="149427618"><data key="weight">95</data></edge>
<edge target="149401203" source="149427618"><data key="weight">94</data></edge>
<edge target="149397057" source="149427618"><data key="weight">92</data></edge>
<edge target="149323889" source="149427618"><data key="weight">88</data></edge>
<edge target="-100" source="17592400532612"><data key="weight">284</data></edge>
<edge target="148886980" source="17592400532612"><data key="weight">97</data></edge>
<edge target="149427618" source="17592400532612"><data key="weight">96</data></edge>
<edge target="149397057" source="17592400532612"><data key="weight">95</data></edge>
<edge target="149323889" source="17592400532612"><data key="weight">93</data></edge>
<edge target="149401203" source="17592400532612"><data key="weight">91</data></edge>
<edge target="148876580" source="17592400532612"><data key="weight">90</data></edge>
<edge target="149368345" source="17592400532612"><data key="weight">88</data></edge></graph></graphml>