﻿<?xml version="1.0" encoding="utf-8"?><graphml xmlns:xsi="http://www.w3.org/2001/XMLSchema-instance" xsi:schemaLocation="http://graphml.graphdrawing.org/xmlns http://graphml.graphdrawing.org/xmlns/1.0/graphml.xsd" xmlns="http://graphml.graphdrawing.org/xmlns"><key id="graph_attr1" for="graph" attr.name="graph_attr1name" attr.type="string"><default>DEmpty</default></key><key id="graph_attr2" for="graph" attr.name="graph_attr2name" attr.type="string"><default>DHo-Ho</default></key><key id="node_attr1" for="node" attr.name="node_attr1name" attr.type="string"><default>0</default></key><key id="node_attr2" for="node" attr.name="node_attr2name" attr.type="string"><default>0</default></key><key id="stam" for="edge" attr.name="stam" attr.type="double"><default>0</default></key><key id="weight" for="edge" attr.name="weight" attr.type="double"><default>1</default></key><graph id="1" edgedefault="undirected"><data key="graph_attr1">haha user</data><data key="graph_attr2">hehe user </data><node id="10"><data key="node_attr1">1</data><data key="node_attr2">2</data></node><node id="20"><data key="node_attr1">1</data><data key="node_attr2">2</data></node><node id="30"><data key="node_attr1">31</data><data key="node_attr2">32</data></node>
<edge target="20" source="10"><data key="weight">1</data></edge>
<edge target="30" source="10"><data key="weight">1</data></edge></graph></graphml>