﻿<?xml version="1.0" encoding="utf-8"?><graphml xmlns:xsi="http://www.w3.org/2001/XMLSchema-instance" xsi:schemaLocation="http://graphml.graphdrawing.org/xmlns http://graphml.graphdrawing.org/xmlns/1.0/graphml.xsd" xmlns="http://graphml.graphdrawing.org/xmlns"><key id="Title" for="node" attr.name="Title" attr.type="string"><default>unknown</default></key><key id="hrank" for="node" attr.name="hrank" attr.type="double"><default>0</default></key><key id="numDirects" for="node" attr.name="numDirects" attr.type="double"><default>0</default></key><key id="numCollegues" for="node" attr.name="numCollegues" attr.type="double"><default>0</default></key><key id="RecentlyModifiedCount" for="node" attr.name="RecentlyModifiedCount" attr.type="double"><default>0</default></key><key id="weight" for="edge" attr.name="weight" attr.type="double"><default>1</default></key><graph id="social_graph" edgedefault="undirected"><node id="148884407"><data key="Title">Stas</data><data key="hrank">0</data><data key="numDirects">9</data><data key="RecentlyModifiedCount">1</data></node><node id="96517627"><data key="Title">Guy Moses</data><data key="hrank">1</data><data key="numCollegues">9</data><data key="numDirects">0</data><data key="RecentlyModifiedCount">3</data></node><node id="148876967"><data key="Title">Avi Sander</data><data key="hrank">1</data><data key="numCollegues">9</data><data key="numDirects">0</data><data key="RecentlyModifiedCount">11</data></node><node id="148881353"><data key="Title">Jenny Feldman</data><data key="hrank">1</data><data key="numCollegues">9</data><data key="numDirects">0</data><data key="RecentlyModifiedCount">0</data></node><node id="148885510"><data key="Title">Raanan Zvi</data><data key="hrank">1</data><data key="numCollegues">9</data><data key="numDirects">0</data><data key="RecentlyModifiedCount">5</data></node><node id="149348192"><data key="Title">Noam Behar</data><data key="hrank">1</data><data key="numCollegues">9</data><data key="numDirects">0</data><data key="RecentlyModifiedCount">4</data></node><node id="149369272"><data key="Title">Shlomo David</data><data key="hrank">1</data><data key="numCollegues">9</data><data key="numDirects">0</data><data key="RecentlyModifiedCount">10</data></node><node id="149425689"><data key="Title">Jacob Minsky</data><data key="hrank">1</data><data key="numCollegues">9</data><data key="numDirects">0</data><data key="RecentlyModifiedCount">1</data></node><node id="17592397292165"><data key="Title">Lana Salameh</data><data key="hrank">1</data><data key="numCollegues">9</data><data key="numDirects">0</data><data key="RecentlyModifiedCount">1</data></node><node id="17592455500473"><data key="Title">Hilla Cohen</data><data key="hrank">1</data><data key="numCollegues">9</data><data key="numDirects">0</data><data key="RecentlyModifiedCount">7</data></node><node id="-100"><data key="Title">OUTSIDE</data><data key="RecentlyModifiedCount">0</data></node>
<edge target="-100" source="148884407"><data key="weight">481</data></edge>
<edge target="148876967" source="148884407"><data key="weight">196</data></edge>
<edge target="149369272" source="148884407"><data key="weight">95</data></edge>
<edge target="149348192" source="148884407"><data key="weight">190</data></edge>
<edge target="148885510" source="148884407"><data key="weight">191</data></edge>
<edge target="96517627" source="148884407"><data key="weight">180</data></edge>
<edge target="-100" source="96517627"><data key="weight">296</data></edge>
<edge target="148885510" source="96517627"><data key="weight">192</data></edge>
<edge target="149348192" source="96517627"><data key="weight">94</data></edge>
<edge target="17592455500473" source="96517627"><data key="weight">183</data></edge>
<edge target="149369272" source="96517627"><data key="weight">92</data></edge>
<edge target="17592397292165" source="96517627"><data key="weight">87</data></edge>
<edge target="148885510" source="148876967"><data key="weight">200</data></edge>
<edge target="96517627" source="148876967"><data key="weight">98</data></edge>
<edge target="-100" source="148876967"><data key="weight">471</data></edge>
<edge target="149348192" source="148876967"><data key="weight">187</data></edge>
<edge target="149369272" source="148876967"><data key="weight">185</data></edge>
<edge target="148884407" source="148881353"><data key="weight">100</data></edge>
<edge target="148885510" source="148881353"><data key="weight">99</data></edge>
<edge target="-100" source="148881353"><data key="weight">543</data></edge>
<edge target="149348192" source="148881353"><data key="weight">97</data></edge>
<edge target="148876967" source="148881353"><data key="weight">96</data></edge>
<edge target="149348192" source="148885510"><data key="weight">197</data></edge>
<edge target="149369272" source="148885510"><data key="weight">197</data></edge>
<edge target="-100" source="148885510"><data key="weight">458</data></edge>
<edge target="149369272" source="149348192"><data key="weight">193</data></edge>
<edge target="-100" source="149348192"><data key="weight">532</data></edge>
<edge target="-100" source="149369272"><data key="weight">558</data></edge>
<edge target="148881353" source="149369272"><data key="weight">94</data></edge>
<edge target="-100" source="149425689"><data key="weight">388</data></edge>
<edge target="96517627" source="149425689"><data key="weight">98</data></edge>
<edge target="17592455500473" source="149425689"><data key="weight">97</data></edge>
<edge target="149348192" source="149425689"><data key="weight">93</data></edge>
<edge target="149369272" source="149425689"><data key="weight">90</data></edge>
<edge target="17592397292165" source="149425689"><data key="weight">89</data></edge>
<edge target="148884407" source="149425689"><data key="weight">87</data></edge>
<edge target="148876967" source="17592397292165"><data key="weight">100</data></edge>
<edge target="-100" source="17592397292165"><data key="weight">459</data></edge>
<edge target="149348192" source="17592397292165"><data key="weight">96</data></edge>
<edge target="17592455500473" source="17592397292165"><data key="weight">187</data></edge>
<edge target="148884407" source="17592397292165"><data key="weight">94</data></edge>
<edge target="149369272" source="17592397292165"><data key="weight">92</data></edge>
<edge target="-100" source="17592455500473"><data key="weight">295</data></edge>
<edge target="148885510" source="17592455500473"><data key="weight">99</data></edge>
<edge target="148884407" source="17592455500473"><data key="weight">95</data></edge>
<edge target="149369272" source="17592455500473"><data key="weight">91</data></edge>
<edge target="149348192" source="17592455500473"><data key="weight">88</data></edge></graph></graphml>