﻿<?xml version="1.0" encoding="utf-8"?><graphml xmlns:xsi="http://www.w3.org/2001/XMLSchema-instance" xsi:schemaLocation="http://graphml.graphdrawing.org/xmlns http://graphml.graphdrawing.org/xmlns/1.0/graphml.xsd" xmlns="http://graphml.graphdrawing.org/xmlns"><key id="Title" for="node" attr.name="Title" attr.type="string"><default>unknown</default></key><key id="hrank" for="node" attr.name="hrank" attr.type="double"><default>0</default></key><key id="numDirects" for="node" attr.name="numDirects" attr.type="double"><default>0</default></key><key id="numCollegues" for="node" attr.name="numCollegues" attr.type="double"><default>0</default></key><key id="RecentlyModifiedCount" for="node" attr.name="RecentlyModifiedCount" attr.type="double"><default>0</default></key><key id="ModifiedTitles" for="node" attr.name="ModifiedTitles" attr.type="string"><default>unknown</default></key><key id="TrendingTitles" for="node" attr.name="TrendingTitles" attr.type="string"><default>unknown</default></key><key id="weight" for="edge" attr.name="weight" attr.type="double"><default>1</default></key><graph id="social_graph" edgedefault="undirected"><node id="148891070"><data key="Title">Charles Lamanna</data><data key="hrank">0</data><data key="numDirects">5</data><data key="RecentlyModifiedCount">8</data><data key="ModifiedTitles"> Data and Analytics Pillar Review Template Azure and Azure Stack API Versioning Process Pro SLA - Feb 11 2016 Power BI PaaS Process-Pro Town Hall 2-1-16.pptx Features Bug bash</data><data key="TrendingTitles"> Backlog OneNote_DeletedPages OneNote_DeletedPages Azure Monitoring Service Planning ControlFlowAndScopes Day-Of Plan Sprint34EntryPlan PowerApps_PR_02_19_2016.pptx Integration Platform - XSLT</data></node><node id="148880381"><data key="Title">Vinay Singh</data><data key="hrank">1</data><data key="numCollegues">5</data><data key="numDirects">5</data><data key="RecentlyModifiedCount">8</data><data key="ModifiedTitles"> Planning Features MVP Bug bash Connectors Integration Platform - Architecture Notes Development</data><data key="TrendingTitles"> MVP Pillar Review Template Swagger proposal for representing SP types ControlFlowAndScopes Bug bash ProcSi Requirements for SPO connector OneNote_DeletedPages Data and Analytics SP-PowerApp-ProcessSimple Demo Scenario PowerApps-SharePoint Integration</data></node><node id="149311538"><data key="Title">Ilya Grebnov</data><data key="hrank">1</data><data key="numCollegues">5</data><data key="numDirects">0</data><data key="RecentlyModifiedCount">1</data><data key="ModifiedTitles"> OneNote_DeletedPages</data><data key="TrendingTitles"> OneNote_DeletedPages Release Notes Planning Day-Of Plan OneNote_DeletedPages ControlFlowAndScopes Pillar Review Template Sprint34EntryPlan Bing Next Platform SharedDataScoreCard - March 2016.pptx</data></node><node id="149337208"><data key="Title">B. Shyamsundar</data><data key="hrank">1</data><data key="numCollegues">5</data><data key="numDirects">10</data><data key="RecentlyModifiedCount">4</data><data key="ModifiedTitles"> Bug bash Features Service Readiness OneNote_DeletedPages</data><data key="TrendingTitles"> Planning OneNote_DeletedPages OneNote_DeletedPages Backlog Designs Pillar Review Template Azure Monitoring Service ControlFlowAndScopes Data and Analytics Sprint34EntryPlan</data></node><node id="149359973"><data key="Title">Raj Rangarajan</data><data key="hrank">1</data><data key="numCollegues">5</data><data key="numDirects">5</data><data key="RecentlyModifiedCount">11</data><data key="ModifiedTitles"> Sprints PA.Com Deployments PowerApps RP JIT Access MDS OneNote_DeletedPages Test Being On-Call Designs Extension Developers Help</data><data key="TrendingTitles"> Designs Kusto.Explorer OneNote_DeletedPages TSGs PA.Com PowerApps_PR_02_19_2016.pptx Sprint34EntryPlan Data Story for PowerApps April MVP API Hub Resource Provider API  V2 ControlFlowAndScopes</data></node><node id="149392334"><data key="Title">Sanjiv Gupta</data><data key="hrank">1</data><data key="numCollegues">5</data><data key="numDirects">16</data><data key="RecentlyModifiedCount">3</data><data key="ModifiedTitles"> Test Exe Infra Work Items Perf Stress</data><data key="TrendingTitles"> Test Exe Infra Perf Stress SQL AlwaysON Integration Platform - B2B Runtime Integration Platform - XSLT Shiproom BizTalk Server Databases in SQL Server AlwaysOn Availability Group Integration Platform - Management Day-Of Plan Integration Platform - Architecture</data></node><node id="101221358"><data key="Title">Max Shao</data><data key="hrank">2</data><data key="numCollegues">5</data><data key="numDirects">0</data><data key="RecentlyModifiedCount">4</data><data key="ModifiedTitles"> MVP Dev Guide Connectors New Section 2</data><data key="TrendingTitles"> OneNote_DeletedPages MVP Pillar Review Template Kusto API Integration Platform - B2B Runtime Integration Platform - XSLT ControlFlowAndScopes Data and Analytics Delve Service Review 2016-03-01 VL101 Training deck v3.3</data></node><node id="149303784"><data key="Title">Sornakumar Sundararajan</data><data key="hrank">2</data><data key="numCollegues">5</data><data key="numDirects">0</data><data key="RecentlyModifiedCount">4</data><data key="ModifiedTitles"> MVP Dev Guide Test Extension Development</data><data key="TrendingTitles"> Backlog MVP Integration Platform - B2B Runtime OneNote_DeletedPages Integration Platform - XSLT Connector Requirements Azure Monitoring Service Pillar Review Template MDM Insights Integration - One Pager API Hub Resource Provider API  V2</data></node><node id="149420887"><data key="Title">Arun Kumar Singh (AZURE)</data><data key="hrank">2</data><data key="numCollegues">5</data><data key="numDirects">0</data><data key="RecentlyModifiedCount">3</data><data key="ModifiedTitles"> Integration Platform - B2B Runtime Planning OneNote_DeletedPages</data><data key="TrendingTitles"> OneNote_DeletedPages Designs Scenarios PA.Com Pillar Review Template ControlFlowAndScopes ProcSi Requirements for SPO connector PowerApps_PR_02_19_2016.pptx Data and Analytics Integration Platform - XSLT</data></node><node id="149431854"><data key="Title">Rama Krishna Rayudu</data><data key="hrank">2</data><data key="numCollegues">5</data><data key="numDirects">0</data><data key="RecentlyModifiedCount">4</data><data key="ModifiedTitles"> MVP Planning Tracking Day-Of Plan</data><data key="TrendingTitles"> Day-Of Plan Copy of Leap Day DRI Directory MVP Azure Service Health Review Planning EuropeWestSev1_15632497 Integration Platform - XSLT Live Migration Checkpoint Pillar Review Template CloudDNS Architecture and Design</data></node><node id="149443523"><data key="Title">Preetham Vinod</data><data key="hrank">2</data><data key="numCollegues">5</data><data key="numDirects">0</data><data key="RecentlyModifiedCount">3</data><data key="ModifiedTitles"> MVP Planning Tracking</data><data key="TrendingTitles"> MVP Test Exe Infra Integration Platform - B2B Runtime Pillar Review Template Integration Platform - XSLT Bug bash ControlFlowAndScopes Data and Analytics GA-Create-ControlsWithDataBindings-lonu.pptx AFD - Phone &amp; Tablet</data></node><node id="36616284"><data key="Title">Rachel Macfarlane</data><data key="hrank">2</data><data key="numCollegues">10</data><data key="numDirects">0</data><data key="RecentlyModifiedCount">3</data><data key="ModifiedTitles"> Features Bug bash Development</data><data key="TrendingTitles"> ControlFlowAndScopes Pillar Review Template Bug bash Data and Analytics MVP Integration Platform - XSLT ProcSi Requirements for SPO connector Integration Platform - B2B Runtime Power BI PaaS Swagger proposal for representing SP types</data></node><node id="149329357"><data key="Title">Pingjiang Wang</data><data key="hrank">2</data><data key="numCollegues">10</data><data key="numDirects">0</data><data key="RecentlyModifiedCount">2</data><data key="ModifiedTitles"> Scheduler Create Flow</data><data key="TrendingTitles"> Backlog Planning OneNote_DeletedPages Cosmos Day-Of Plan Azure and Azure Stack API Versioning Pillar Review Template Azure Monitoring Service Pillar Review Template MDM Insights Integration - One Pager</data></node><node id="149330391"><data key="Title">Rohitha Hewawasam</data><data key="hrank">2</data><data key="numCollegues">10</data><data key="numDirects">0</data><data key="RecentlyModifiedCount">10</data><data key="ModifiedTitles"> Features Development DSE API v-team Bug bash Azure Functions Planning Oncall Ev2 Documentation OneNote_DeletedPages Dev Center DF</data><data key="TrendingTitles"> DSE API v-team Health Meeting Changes Dev Center APIs - Selfhost Documentation New Hire Reference Planning Pillar Review Template ControlFlowAndScopes Bug bash Review Agenda Data and Analytics</data></node><node id="149338005"><data key="Title">Lakshmi Akkiraju</data><data key="hrank">2</data><data key="numCollegues">10</data><data key="numDirects">0</data><data key="RecentlyModifiedCount">5</data><data key="ModifiedTitles"> Features Bug bash Deployment Extension Developers Help Tracking</data><data key="TrendingTitles"> Planning OneNote_DeletedPages OneNote_DeletedPages Designs Backlog Azure Monitoring Service ControlFlowAndScopes PowerApps_PR_02_19_2016.pptx Sprint34EntryPlan ProcSi Requirements for SPO connector</data></node><node id="149341281"><data key="Title">Tony Tang</data><data key="hrank">2</data><data key="numCollegues">10</data><data key="numDirects">0</data><data key="RecentlyModifiedCount">4</data><data key="ModifiedTitles"> Features week of 16-02-08 Development OneNote_DeletedPages</data><data key="TrendingTitles"> OneNote_DeletedPages Designs Backlog OneNote_DeletedPages Azure Monitoring Service PA.Com ControlFlowAndScopes Pillar Review Template Data and Analytics ProcSi Requirements for SPO connector</data></node><node id="149379814"><data key="Title">Priti Sambandam</data><data key="hrank">2</data><data key="numCollegues">10</data><data key="numDirects">0</data><data key="RecentlyModifiedCount">3</data><data key="ModifiedTitles"> Bug bash Document OneNote_DeletedPages</data><data key="TrendingTitles"> OneNote_DeletedPages Planning Backlog PM Browse ControlFlowAndScopes Pillar Review Template Azure Monitoring Service Data and Analytics Integration Platform - XSLT</data></node><node id="149400662"><data key="Title">John Wang (AUX)</data><data key="hrank">2</data><data key="numCollegues">10</data><data key="numDirects">0</data><data key="RecentlyModifiedCount">3</data><data key="ModifiedTitles"> Gallery Bug bash Engineering</data><data key="TrendingTitles"> Backlog OneNote_DeletedPages Planning OneNote_DeletedPages Designs ControlFlowAndScopes Pillar Review Template Azure Monitoring Service Sprint34EntryPlan Data and Analytics</data></node><node id="149407151"><data key="Title">Szymon Wylezol</data><data key="hrank">2</data><data key="numCollegues">10</data><data key="numDirects">0</data><data key="RecentlyModifiedCount">9</data><data key="ModifiedTitles"> Deployment Oncall Development Test OneNote_DeletedPages Deployments OneNote_DeletedPages Bug bash Kusto</data><data key="TrendingTitles"> OneNote_DeletedPages Designs TSGs PA.Com OneNote_DeletedPages Pillar Review Template ControlFlowAndScopes Data and Analytics ProcSi Requirements for SPO connector Sprint34EntryPlan</data></node><node id="149475705"><data key="Title">Mitren Chinoy</data><data key="hrank">2</data><data key="numCollegues">10</data><data key="numDirects">0</data><data key="RecentlyModifiedCount">6</data><data key="ModifiedTitles"> Test Oncall Features Deployment Development OneNote_DeletedPages</data><data key="TrendingTitles"> Browse Planning OneNote_DeletedPages Backlog Status ControlFlowAndScopes Pillar Review Template Data and Analytics ProcSi Requirements for SPO connector KPI &amp; Scorecard Experience</data></node><node id="149500690"><data key="Title">Sudipta Das</data><data key="hrank">2</data><data key="numCollegues">10</data><data key="numDirects">0</data><data key="RecentlyModifiedCount">3</data><data key="ModifiedTitles"> Development Tracking Bug bash</data><data key="TrendingTitles"> Backlog Planning OneNote_DeletedPages Pillar Review Template ControlFlowAndScopes MVP Data and Analytics Integration Platform - B2B Runtime MDM Insights Integration - One Pager Azure Monitoring Service</data></node><node id="148886528"><data key="Title">Kartik Rao Polepalli</data><data key="hrank">2</data><data key="numCollegues">5</data><data key="numDirects">0</data><data key="RecentlyModifiedCount">2</data><data key="ModifiedTitles"> MVP Planning</data><data key="TrendingTitles"> OneNote_DeletedPages Backlog Planning OneNote_DeletedPages Designs Azure Monitoring Service Sprint34EntryPlan Integration Platform - XSLT 02-22 to 02-26-16 Black Forest Status Access Control- Azure Security</data></node><node id="149307153"><data key="Title">Jose Miguel Arreola Gutierrez</data><data key="hrank">2</data><data key="numCollegues">5</data><data key="numDirects">0</data><data key="RecentlyModifiedCount">7</data><data key="ModifiedTitles"> Designs Week ending 12-4 PA.Com PowerApps RP API Spec Deployments Being On-Call Kusto API</data><data key="TrendingTitles"> Designs OneNote_DeletedPages TSGs PA.Com PowerApps_PR_02_19_2016.pptx Sprint34EntryPlan PowerApps-SharePoint Integration Assumptions for powerapps API Hub Resource Provider API  V2 Data Story for PowerApps April MVP</data></node><node id="149313503"><data key="Title">Ashwin Sathya Raghunathan</data><data key="hrank">2</data><data key="numCollegues">5</data><data key="numDirects">0</data><data key="RecentlyModifiedCount">4</data><data key="ModifiedTitles"> MVP Connectors Software (FTE ONLY) OneNote_DeletedPages</data><data key="TrendingTitles"> MVP Meeting Notes TFVC CODE REPO ARTIFACTS Integration Platform - B2B Runtime Integration Platform - XSLT GA-Create-ControlsWithDataBindings-lonu.pptx AFD - Phone &amp; Tablet PACE_WE_21_02.pptx Connector Requirements Data and Analytics</data></node><node id="149335740"><data key="Title">Samuel Banina</data><data key="hrank">2</data><data key="numCollegues">5</data><data key="numDirects">0</data><data key="RecentlyModifiedCount">6</data><data key="ModifiedTitles"> Designs TSGs Deployments Kusto Being On-Call OneNote_DeletedPages</data><data key="TrendingTitles"> Designs OneNote_DeletedPages TSGs PA.Com PowerApps_PR_02_19_2016.pptx API Hub Resource Provider API  V2 ProcSi Requirements for SPO connector Sprint34EntryPlan Day-Of Plan Swagger proposal for representing SP types</data></node><node id="149415275"><data key="Title">Srinivas Pushkar Ravipati</data><data key="hrank">2</data><data key="numCollegues">5</data><data key="numDirects">0</data><data key="RecentlyModifiedCount">7</data><data key="ModifiedTitles"> MVP Getting Started Test Deployment Connectors Sprints New Section 1</data><data key="TrendingTitles"> MVP OneNote_DeletedPages Kusto.Explorer Designs PA.Com Integration Platform - B2B Runtime WSR Persistency Service API Hub Resource Provider API  V2 Delve Service Review 2016-03-01 Team-based workspace  fact base</data></node><node id="107747799"><data key="Title">Rocky Shi (Wu Xi Wen Si Hai Hui Xin Xi Ji)</data><data key="hrank">2</data><data key="numCollegues">16</data><data key="numDirects">0</data><data key="RecentlyModifiedCount">1</data><data key="ModifiedTitles"> Perf Stress</data><data key="TrendingTitles"> Test Exe Infra Perf Stress SQL AlwaysON BizTalk Server Databases in SQL Server AlwaysOn Availability Group Team-based workspace  fact base Pillar Review Template Data and Analytics Bug Validation Nebula New member guide</data></node><node id="148899628"><data key="Title">Parikshit Gupta</data><data key="hrank">2</data><data key="numCollegues">16</data><data key="numDirects">0</data><data key="RecentlyModifiedCount">4</data><data key="ModifiedTitles"> Perf Stress SQL AlwaysON Test Exe Infra OneNote_DeletedPages</data><data key="TrendingTitles"> Test Exe Infra Perf Stress SQL AlwaysON Integration Platform - B2B Runtime SharePoint Server 2013 Design for Composite resources Pillar Review Template Data and Analytics Connector Requirements Agile Testing – Execution Review Feb 2016.pptx</data></node><node id="148899743"><data key="Title">Taihai Gao (Pactera)</data><data key="hrank">2</data><data key="numCollegues">16</data><data key="numDirects">0</data><data key="RecentlyModifiedCount">2</data><data key="ModifiedTitles"> Test Exe Infra A4RN</data><data key="TrendingTitles"> Test Exe Infra Perf Stress SQL AlwaysON AOL Sept f2f mtg - Ads API work in progress APITutorialIncident - 2016-2-29.pptx BizTalk Server Databases in SQL Server AlwaysOn Availability Group Pillar Review Template Bing Ads Web UI Engineering Book Data and Analytics AddinsAvailability.pptx</data></node><node id="149300921"><data key="Title">Jinhuan Bao (Pactera)</data><data key="hrank">2</data><data key="numCollegues">16</data><data key="numDirects">0</data><data key="RecentlyModifiedCount">0</data><data key="ModifiedTitles"></data><data key="TrendingTitles"> Test Exe Infra Perf Stress Camera Barcode Scanner Dev Design Spec WDG REDSTONE API Spec Template AccountPurgeEvent_PowerQuery SQL AlwaysON Status Update Checkpoint 02-19-16.pptx Core Search Checkpoint meeting Pillar Review Template</data></node><node id="149303419"><data key="Title">Yue Zhang (Pactera)</data><data key="hrank">2</data><data key="numCollegues">16</data><data key="numDirects">0</data><data key="RecentlyModifiedCount">0</data><data key="ModifiedTitles"></data><data key="TrendingTitles"> Test Exe Infra Perf Stress SQL AlwaysON BizTalk Server Databases in SQL Server AlwaysOn Availability Group NET CLI Bing Ads Web UI Engineering Book Pillar Review Template Data and Analytics WDG GS Quality Test Pass Tracking - PACTERA Bug Validation</data></node><node id="149348875"><data key="Title">Wayne King</data><data key="hrank">2</data><data key="numCollegues">16</data><data key="numDirects">0</data><data key="RecentlyModifiedCount">9</data><data key="ModifiedTitles"> Test Exe Infra SQL AlwaysON Work Items OneNote_DeletedPages Drummond A4RN Machines SHA2 Migration Transition</data><data key="TrendingTitles"> Test Exe Infra Perf Stress CTP1SetupTests PM Duties 2-19-2016 Public Script Samples BizTalk Server Databases in SQL Server AlwaysOn Availability Group OneCodeOneScript UT log Power BI PaaS Microsoft Confidential Guideline - Passwords</data></node><node id="149359764"><data key="Title">Pravakar Garnayak</data><data key="hrank">2</data><data key="numCollegues">16</data><data key="numDirects">0</data><data key="RecentlyModifiedCount">4</data><data key="ModifiedTitles"> Test Exe Infra Perf Stress OneNote_DeletedPages Enlist Build</data><data key="TrendingTitles"> Test Exe Infra Perf Stress SQL AlwaysON Integration Platform - B2B Runtime BizTalk Server Databases in SQL Server AlwaysOn Availability Group Integration Platform - XSLT Integration Platform - Management Integration Platform - Architecture Team-based workspace  fact base Pillar Review Template</data></node><node id="149363096"><data key="Title">Pavan G (Tech Mahindra Ltd)</data><data key="hrank">2</data><data key="numCollegues">16</data><data key="numDirects">0</data><data key="RecentlyModifiedCount">0</data><data key="ModifiedTitles"></data><data key="TrendingTitles"> Test Exe Infra Perf Stress SQL AlwaysON Team-based workspace  fact base Microsoft Azure Stack AAD Configuration MDM Insights Integration - One Pager Assumptions for powerapps Azure Monitoring Service Deploy and Configure a Standard OS BizTalk Server Databases in SQL Server AlwaysOn Availability Group</data></node><node id="149372614"><data key="Title">Praveen Srivastava</data><data key="hrank">2</data><data key="numCollegues">16</data><data key="numDirects">0</data><data key="RecentlyModifiedCount">2</data><data key="ModifiedTitles"> SHA2 Migration Test Exe Infra</data><data key="TrendingTitles"> Test Exe Infra Perf Stress SQL AlwaysON Integration Platform - B2B Runtime BizTalk Server Databases in SQL Server AlwaysOn Availability Group Shiproom Integration Platform - XSLT Day-Of Plan Integration Platform - Management Mar16Sprint</data></node><node id="149377214"><data key="Title">Neha Gupta</data><data key="hrank">2</data><data key="numCollegues">16</data><data key="numDirects">0</data><data key="RecentlyModifiedCount">5</data><data key="ModifiedTitles"> Perf Stress Test Exe Infra Work Items HelpContent OneNote_DeletedPages</data><data key="TrendingTitles"> Test Exe Infra Perf Stress HelpContent DevSpecs SQL AlwaysON NetSetup Perf Improvements Integration Platform - B2B Runtime BizTalk Server Databases in SQL Server AlwaysOn Availability Group WPA - Trace Actions - Wait Analysis Action Shiproom</data></node><node id="149439750"><data key="Title">Eldon Cornelio</data><data key="hrank">2</data><data key="numCollegues">16</data><data key="numDirects">0</data><data key="RecentlyModifiedCount">2</data><data key="ModifiedTitles"> Test Exe Infra Perf Stress</data><data key="TrendingTitles"> Test Exe Infra Perf Stress SQL AlwaysON Integration Platform - B2B Runtime BizTalk Server Databases in SQL Server AlwaysOn Availability Group Integration Platform - XSLT Rank Pilot - Lessons Learned Integration Platform - Management Integration Platform - Architecture Team-based workspace  fact base</data></node><node id="149439907"><data key="Title">Anuja Brabaharan</data><data key="hrank">2</data><data key="numCollegues">16</data><data key="numDirects">0</data><data key="RecentlyModifiedCount">2</data><data key="ModifiedTitles"> Perf Stress Test Exe Infra</data><data key="TrendingTitles"> Test Exe Infra Perf Stress SQL AlwaysON Integration Platform - B2B Runtime Integration Platform - XSLT BizTalk Server Databases in SQL Server AlwaysOn Availability Group Shiproom Day-Of Plan Integration Platform - Management Integration Platform - Architecture</data></node><node id="149445243"><data key="Title">Rishi Barua</data><data key="hrank">2</data><data key="numCollegues">16</data><data key="numDirects">0</data><data key="RecentlyModifiedCount">2</data><data key="ModifiedTitles"> Test Exe Infra Work Items</data><data key="TrendingTitles"> Test Exe Infra Perf Stress SQL AlwaysON Integration Platform - B2B Runtime BizTalk Server Databases in SQL Server AlwaysOn Availability Group Integration Platform - XSLT Day-Of Plan Integration Platform - Management Data and Analytics Integration Platform - Architecture</data></node><node id="149450038"><data key="Title">Xinzhu Chen (Pactera)</data><data key="hrank">2</data><data key="numCollegues">16</data><data key="numDirects">0</data><data key="RecentlyModifiedCount">0</data><data key="ModifiedTitles"></data><data key="TrendingTitles"> Test Exe Infra Perf Stress SQL AlwaysON Azure BizTalk Server Databases in SQL Server AlwaysOn Availability Group Pillar Review Template Data and Analytics LEGO-MarchRelease_SignoffMatrix Bug Validation Nebula</data></node><node id="191556044"><data key="Title">Elvis Shi</data><data key="hrank">2</data><data key="numCollegues">16</data><data key="numDirects">0</data><data key="RecentlyModifiedCount">4</data><data key="ModifiedTitles"> Test Exe Infra Work Items Perf Stress OneNote_DeletedPages</data><data key="TrendingTitles"> Test Exe Infra Perf Stress SQL AlwaysON BizTalk Server Databases in SQL Server AlwaysOn Availability Group Pillar Review Template Data and Analytics Bug Validation Nebula New member guide CodeFix</data></node><node id="240148476"><data key="Title">Yihui Wang</data><data key="hrank">2</data><data key="numCollegues">16</data><data key="numDirects">0</data><data key="RecentlyModifiedCount">1</data><data key="ModifiedTitles"> Test Exe Infra</data><data key="TrendingTitles"> Test Exe Infra Perf Stress SQL AlwaysON Daily Quality Pulse -- Lync for Mac BizTalk Server Databases in SQL Server AlwaysOn Availability Group MOCA Service Account Password Change Pillar Review Template Data and Analytics WDG GS Quality Test Pass Tracking - BYS Bug Validation</data></node><node id="-100"><data key="Title">OUTSIDE</data><data key="RecentlyModifiedCount">0</data><data key="ModifiedTitles"></data><data key="TrendingTitles"></data></node>
<edge target="149337208" source="148891070"><data key="weight">200</data></edge>
<edge target="-100" source="148891070"><data key="weight">661</data></edge>
<edge target="149329357" source="148891070"><data key="weight">198</data></edge>
<edge target="149311538" source="148891070"><data key="weight">195</data></edge>
<edge target="149431854" source="148880381"><data key="weight">200</data></edge>
<edge target="149420887" source="148880381"><data key="weight">199</data></edge>
<edge target="-100" source="148880381"><data key="weight">374</data></edge>
<edge target="149443523" source="148880381"><data key="weight">196</data></edge>
<edge target="148891070" source="148880381"><data key="weight">96</data></edge>
<edge target="149303784" source="148880381"><data key="weight">190</data></edge>
<edge target="148886528" source="148880381"><data key="weight">183</data></edge>
<edge target="149337208" source="149311538"><data key="weight">199</data></edge>
<edge target="-100" source="149311538"><data key="weight">660</data></edge>
<edge target="149407151" source="149311538"><data key="weight">96</data></edge>
<edge target="36616284" source="149337208"><data key="weight">198</data></edge>
<edge target="-100" source="149337208"><data key="weight">288</data></edge>
<edge target="149379814" source="149337208"><data key="weight">194</data></edge>
<edge target="149407151" source="149337208"><data key="weight">192</data></edge>
<edge target="149338005" source="149337208"><data key="weight">192</data></edge>
<edge target="149400662" source="149337208"><data key="weight">189</data></edge>
<edge target="149335740" source="149359973"><data key="weight">200</data></edge>
<edge target="148891070" source="149359973"><data key="weight">99</data></edge>
<edge target="149307153" source="149359973"><data key="weight">198</data></edge>
<edge target="-100" source="149359973"><data key="weight">655</data></edge>
<edge target="149372614" source="149392334"><data key="weight">200</data></edge>
<edge target="-100" source="149392334"><data key="weight">99</data></edge>
<edge target="148899628" source="149392334"><data key="weight">198</data></edge>
<edge target="149445243" source="149392334"><data key="weight">196</data></edge>
<edge target="149359764" source="149392334"><data key="weight">196</data></edge>
<edge target="149348875" source="149392334"><data key="weight">195</data></edge>
<edge target="149377214" source="149392334"><data key="weight">191</data></edge>
<edge target="149439750" source="149392334"><data key="weight">188</data></edge>
<edge target="191556044" source="149392334"><data key="weight">190</data></edge>
<edge target="148880381" source="149392334"><data key="weight">90</data></edge>
<edge target="148880381" source="101221358"><data key="weight">100</data></edge>
<edge target="149303784" source="101221358"><data key="weight">199</data></edge>
<edge target="148891070" source="101221358"><data key="weight">98</data></edge>
<edge target="148886528" source="101221358"><data key="weight">190</data></edge>
<edge target="-100" source="101221358"><data key="weight">376</data></edge>
<edge target="149431854" source="101221358"><data key="weight">192</data></edge>
<edge target="149443523" source="101221358"><data key="weight">187</data></edge>
<edge target="-100" source="149303784"><data key="weight">189</data></edge>
<edge target="148886528" source="149303784"><data key="weight">192</data></edge>
<edge target="149431854" source="149303784"><data key="weight">195</data></edge>
<edge target="149420887" source="149303784"><data key="weight">192</data></edge>
<edge target="149313503" source="149303784"><data key="weight">183</data></edge>
<edge target="149337208" source="149303784"><data key="weight">93</data></edge>
<edge target="148891070" source="149303784"><data key="weight">92</data></edge>
<edge target="149431854" source="149420887"><data key="weight">99</data></edge>
<edge target="149443523" source="149420887"><data key="weight">196</data></edge>
<edge target="148891070" source="149420887"><data key="weight">96</data></edge>
<edge target="-100" source="149420887"><data key="weight">189</data></edge>
<edge target="148886528" source="149420887"><data key="weight">92</data></edge>
<edge target="149500690" source="149420887"><data key="weight">91</data></edge>
<edge target="149313503" source="149420887"><data key="weight">90</data></edge>
<edge target="148891070" source="149431854"><data key="weight">97</data></edge>
<edge target="148886528" source="149431854"><data key="weight">96</data></edge>
<edge target="-100" source="149431854"><data key="weight">280</data></edge>
<edge target="149313503" source="149431854"><data key="weight">182</data></edge>
<edge target="149337208" source="149431854"><data key="weight">91</data></edge>
<edge target="149431854" source="149443523"><data key="weight">100</data></edge>
<edge target="149303784" source="149443523"><data key="weight">97</data></edge>
<edge target="148891070" source="149443523"><data key="weight">95</data></edge>
<edge target="-100" source="149443523"><data key="weight">94</data></edge>
<edge target="148886528" source="149443523"><data key="weight">90</data></edge>
<edge target="149313503" source="149443523"><data key="weight">180</data></edge>
<edge target="149500690" source="149443523"><data key="weight">87</data></edge>
<edge target="149400662" source="36616284"><data key="weight">199</data></edge>
<edge target="149407151" source="36616284"><data key="weight">189</data></edge>
<edge target="149475705" source="36616284"><data key="weight">97</data></edge>
<edge target="149379814" source="36616284"><data key="weight">190</data></edge>
<edge target="-100" source="36616284"><data key="weight">95</data></edge>
<edge target="149338005" source="36616284"><data key="weight">94</data></edge>
<edge target="149500690" source="36616284"><data key="weight">93</data></edge>
<edge target="149341281" source="36616284"><data key="weight">92</data></edge>
<edge target="148891070" source="36616284"><data key="weight">90</data></edge>
<edge target="149400662" source="149329357"><data key="weight">99</data></edge>
<edge target="-100" source="149329357"><data key="weight">565</data></edge>
<edge target="149337208" source="149329357"><data key="weight">94</data></edge>
<edge target="149311538" source="149329357"><data key="weight">92</data></edge>
<edge target="149337208" source="149330391"><data key="weight">100</data></edge>
<edge target="149341281" source="149330391"><data key="weight">99</data></edge>
<edge target="-100" source="149330391"><data key="weight">477</data></edge>
<edge target="148891070" source="149330391"><data key="weight">93</data></edge>
<edge target="149407151" source="149330391"><data key="weight">92</data></edge>
<edge target="149311538" source="149330391"><data key="weight">89</data></edge>
<edge target="148891070" source="149338005"><data key="weight">99</data></edge>
<edge target="149341281" source="149338005"><data key="weight">192</data></edge>
<edge target="-100" source="149338005"><data key="weight">282</data></edge>
<edge target="149407151" source="149338005"><data key="weight">188</data></edge>
<edge target="149379814" source="149338005"><data key="weight">188</data></edge>
<edge target="149475705" source="149338005"><data key="weight">189</data></edge>
<edge target="149311538" source="149338005"><data key="weight">91</data></edge>
<edge target="149337208" source="149341281"><data key="weight">100</data></edge>
<edge target="149407151" source="149341281"><data key="weight">197</data></edge>
<edge target="148891070" source="149341281"><data key="weight">98</data></edge>
<edge target="149475705" source="149341281"><data key="weight">195</data></edge>
<edge target="-100" source="149341281"><data key="weight">282</data></edge>
<edge target="149400662" source="149341281"><data key="weight">183</data></edge>
<edge target="149379814" source="149341281"><data key="weight">189</data></edge>
<edge target="149400662" source="149379814"><data key="weight">196</data></edge>
<edge target="149330391" source="149379814"><data key="weight">98</data></edge>
<edge target="149407151" source="149379814"><data key="weight">191</data></edge>
<edge target="148891070" source="149379814"><data key="weight">93</data></edge>
<edge target="149311538" source="149379814"><data key="weight">92</data></edge>
<edge target="-100" source="149379814"><data key="weight">91</data></edge>
<edge target="148891070" source="149400662"><data key="weight">99</data></edge>
<edge target="-100" source="149400662"><data key="weight">188</data></edge>
<edge target="149407151" source="149400662"><data key="weight">186</data></edge>
<edge target="149338005" source="149400662"><data key="weight">93</data></edge>
<edge target="149475705" source="149400662"><data key="weight">187</data></edge>
<edge target="148891070" source="149407151"><data key="weight">100</data></edge>
<edge target="149475705" source="149407151"><data key="weight">196</data></edge>
<edge target="-100" source="149407151"><data key="weight">185</data></edge>
<edge target="149337208" source="149475705"><data key="weight">100</data></edge>
<edge target="149379814" source="149475705"><data key="weight">95</data></edge>
<edge target="149330391" source="149475705"><data key="weight">94</data></edge>
<edge target="-100" source="149475705"><data key="weight">93</data></edge>
<edge target="148891070" source="149475705"><data key="weight">92</data></edge>
<edge target="149500690" source="149475705"><data key="weight">91</data></edge>
<edge target="149337208" source="149500690"><data key="weight">100</data></edge>
<edge target="149379814" source="149500690"><data key="weight">99</data></edge>
<edge target="-100" source="149500690"><data key="weight">366</data></edge>
<edge target="149400662" source="149500690"><data key="weight">97</data></edge>
<edge target="148891070" source="149500690"><data key="weight">92</data></edge>
<edge target="149431854" source="149500690"><data key="weight">89</data></edge>
<edge target="148880381" source="149500690"><data key="weight">87</data></edge>
<edge target="149313503" source="148886528"><data key="weight">192</data></edge>
<edge target="148891070" source="148886528"><data key="weight">99</data></edge>
<edge target="149335740" source="148886528"><data key="weight">98</data></edge>
<edge target="149307153" source="148886528"><data key="weight">97</data></edge>
<edge target="149311538" source="148886528"><data key="weight">96</data></edge>
<edge target="-100" source="148886528"><data key="weight">183</data></edge>
<edge target="149335740" source="149307153"><data key="weight">194</data></edge>
<edge target="-100" source="149307153"><data key="weight">748</data></edge>
<edge target="149415275" source="149313503"><data key="weight">198</data></edge>
<edge target="148891070" source="149313503"><data key="weight">98</data></edge>
<edge target="149307153" source="149313503"><data key="weight">95</data></edge>
<edge target="149335740" source="149313503"><data key="weight">94</data></edge>
<edge target="149359973" source="149313503"><data key="weight">93</data></edge>
<edge target="-100" source="149313503"><data key="weight">87</data></edge>
<edge target="148891070" source="149335740"><data key="weight">99</data></edge>
<edge target="-100" source="149335740"><data key="weight">470</data></edge>
<edge target="149407151" source="149335740"><data key="weight">93</data></edge>
<edge target="149337208" source="149335740"><data key="weight">92</data></edge>
<edge target="-100" source="149415275"><data key="weight">190</data></edge>
<edge target="148886528" source="149415275"><data key="weight">99</data></edge>
<edge target="149335740" source="149415275"><data key="weight">95</data></edge>
<edge target="149359973" source="149415275"><data key="weight">94</data></edge>
<edge target="149307153" source="149415275"><data key="weight">93</data></edge>
<edge target="148891070" source="149415275"><data key="weight">92</data></edge>
<edge target="149431854" source="149415275"><data key="weight">89</data></edge>
<edge target="149443523" source="149415275"><data key="weight">88</data></edge>
<edge target="149377214" source="107747799"><data key="weight">100</data></edge>
<edge target="191556044" source="107747799"><data key="weight">99</data></edge>
<edge target="149392334" source="107747799"><data key="weight">98</data></edge>
<edge target="148899628" source="107747799"><data key="weight">97</data></edge>
<edge target="149359764" source="107747799"><data key="weight">96</data></edge>
<edge target="149439750" source="107747799"><data key="weight">95</data></edge>
<edge target="149445243" source="107747799"><data key="weight">94</data></edge>
<edge target="-100" source="107747799"><data key="weight">93</data></edge>
<edge target="148899743" source="107747799"><data key="weight">91</data></edge>
<edge target="149348875" source="107747799"><data key="weight">90</data></edge>
<edge target="149372614" source="148899628"><data key="weight">196</data></edge>
<edge target="149377214" source="148899628"><data key="weight">192</data></edge>
<edge target="149359764" source="148899628"><data key="weight">193</data></edge>
<edge target="149439750" source="148899628"><data key="weight">190</data></edge>
<edge target="-100" source="148899628"><data key="weight">185</data></edge>
<edge target="191556044" source="148899628"><data key="weight">187</data></edge>
<edge target="149445243" source="148899628"><data key="weight">186</data></edge>
<edge target="149348875" source="148899628"><data key="weight">188</data></edge>
<edge target="240148476" source="148899743"><data key="weight">200</data></edge>
<edge target="149439750" source="148899743"><data key="weight">99</data></edge>
<edge target="149392334" source="148899743"><data key="weight">98</data></edge>
<edge target="149377214" source="148899743"><data key="weight">187</data></edge>
<edge target="148899628" source="148899743"><data key="weight">96</data></edge>
<edge target="149445243" source="148899743"><data key="weight">185</data></edge>
<edge target="149359764" source="148899743"><data key="weight">94</data></edge>
<edge target="149348875" source="148899743"><data key="weight">185</data></edge>
<edge target="191556044" source="148899743"><data key="weight">182</data></edge>
<edge target="-100" source="148899743"><data key="weight">91</data></edge>
<edge target="148899743" source="149300921"><data key="weight">100</data></edge>
<edge target="149450038" source="149300921"><data key="weight">199</data></edge>
<edge target="-100" source="149300921"><data key="weight">756</data></edge>
<edge target="148899743" source="149303419"><data key="weight">100</data></edge>
<edge target="149450038" source="149303419"><data key="weight">197</data></edge>
<edge target="149300921" source="149303419"><data key="weight">98</data></edge>
<edge target="240148476" source="149303419"><data key="weight">97</data></edge>
<edge target="148899628" source="149303419"><data key="weight">96</data></edge>
<edge target="107747799" source="149303419"><data key="weight">95</data></edge>
<edge target="149363096" source="149303419"><data key="weight">94</data></edge>
<edge target="191556044" source="149303419"><data key="weight">93</data></edge>
<edge target="149439750" source="149303419"><data key="weight">92</data></edge>
<edge target="149445243" source="149303419"><data key="weight">91</data></edge>
<edge target="149372614" source="149348875"><data key="weight">192</data></edge>
<edge target="149445243" source="149348875"><data key="weight">190</data></edge>
<edge target="-100" source="149348875"><data key="weight">96</data></edge>
<edge target="191556044" source="149348875"><data key="weight">190</data></edge>
<edge target="149377214" source="149348875"><data key="weight">186</data></edge>
<edge target="149359764" source="149348875"><data key="weight">184</data></edge>
<edge target="149439750" source="149348875"><data key="weight">183</data></edge>
<edge target="149445243" source="149359764"><data key="weight">192</data></edge>
<edge target="-100" source="149359764"><data key="weight">98</data></edge>
<edge target="149377214" source="149359764"><data key="weight">190</data></edge>
<edge target="149372614" source="149359764"><data key="weight">187</data></edge>
<edge target="149439750" source="149359764"><data key="weight">186</data></edge>
<edge target="191556044" source="149359764"><data key="weight">185</data></edge>
<edge target="149363096" source="149359764"><data key="weight">189</data></edge>
<edge target="149377214" source="149363096"><data key="weight">100</data></edge>
<edge target="149372614" source="149363096"><data key="weight">98</data></edge>
<edge target="148899628" source="149363096"><data key="weight">97</data></edge>
<edge target="-100" source="149363096"><data key="weight">561</data></edge>
<edge target="149439750" source="149372614"><data key="weight">199</data></edge>
<edge target="149377214" source="149372614"><data key="weight">198</data></edge>
<edge target="149439907" source="149372614"><data key="weight">193</data></edge>
<edge target="149445243" source="149372614"><data key="weight">193</data></edge>
<edge target="191556044" source="149372614"><data key="weight">182</data></edge>
<edge target="-100" source="149372614"><data key="weight">90</data></edge>
<edge target="149439907" source="149377214"><data key="weight">199</data></edge>
<edge target="149439750" source="149377214"><data key="weight">195</data></edge>
<edge target="149445243" source="149377214"><data key="weight">193</data></edge>
<edge target="191556044" source="149377214"><data key="weight">183</data></edge>
<edge target="-100" source="149439750"><data key="weight">187</data></edge>
<edge target="149445243" source="149439750"><data key="weight">192</data></edge>
<edge target="191556044" source="149439750"><data key="weight">191</data></edge>
<edge target="-100" source="149439907"><data key="weight">99</data></edge>
<edge target="149439750" source="149439907"><data key="weight">98</data></edge>
<edge target="149445243" source="149439907"><data key="weight">96</data></edge>
<edge target="149392334" source="149439907"><data key="weight">95</data></edge>
<edge target="149359764" source="149439907"><data key="weight">94</data></edge>
<edge target="148899628" source="149439907"><data key="weight">93</data></edge>
<edge target="149348875" source="149439907"><data key="weight">92</data></edge>
<edge target="191556044" source="149439907"><data key="weight">189</data></edge>
<edge target="-100" source="149445243"><data key="weight">100</data></edge>
<edge target="191556044" source="149445243"><data key="weight">188</data></edge>
<edge target="148899743" source="149450038"><data key="weight">99</data></edge>
<edge target="240148476" source="149450038"><data key="weight">97</data></edge>
<edge target="149359764" source="149450038"><data key="weight">96</data></edge>
<edge target="-100" source="149450038"><data key="weight">95</data></edge>
<edge target="148899628" source="149450038"><data key="weight">94</data></edge>
<edge target="149445243" source="149450038"><data key="weight">93</data></edge>
<edge target="149392334" source="149450038"><data key="weight">92</data></edge>
<edge target="107747799" source="149450038"><data key="weight">91</data></edge>
<edge target="149372614" source="240148476"><data key="weight">99</data></edge>
<edge target="-100" source="240148476"><data key="weight">98</data></edge>
<edge target="149359764" source="240148476"><data key="weight">97</data></edge>
<edge target="191556044" source="240148476"><data key="weight">96</data></edge>
<edge target="149392334" source="240148476"><data key="weight">95</data></edge>
<edge target="149445243" source="240148476"><data key="weight">94</data></edge>
<edge target="148899628" source="240148476"><data key="weight">93</data></edge>
<edge target="149377214" source="240148476"><data key="weight">92</data></edge>
<edge target="149348875" source="240148476"><data key="weight">91</data></edge></graph></graphml>