﻿<?xml version="1.0" encoding="utf-8"?><graphml xmlns:xsi="http://www.w3.org/2001/XMLSchema-instance" xsi:schemaLocation="http://graphml.graphdrawing.org/xmlns http://graphml.graphdrawing.org/xmlns/1.0/graphml.xsd" xmlns="http://graphml.graphdrawing.org/xmlns"><key id="Title" for="node" attr.name="Title" attr.type="string"><default>unknown</default></key><key id="hrank" for="node" attr.name="hrank" attr.type="double"><default>0</default></key><key id="numDirects" for="node" attr.name="numDirects" attr.type="double"><default>0</default></key><key id="numCollegues" for="node" attr.name="numCollegues" attr.type="double"><default>0</default></key><key id="RecentlyModifiedCount" for="node" attr.name="RecentlyModifiedCount" attr.type="double"><default>0</default></key><key id="ModifiedTitles" for="node" attr.name="ModifiedTitles" attr.type="string"><default>unknown</default></key><key id="TrendingTitles" for="node" attr.name="TrendingTitles" attr.type="string"><default>unknown</default></key><key id="weight" for="edge" attr.name="weight" attr.type="double"><default>1</default></key><graph id="social_graph" edgedefault="undirected"><node id="149396250"><data key="Title">OREN WINTER </data><data key="hrank">0</data><data key="numDirects">7</data><data key="RecentlyModifiedCount">3</data><data key="ModifiedTitles">Power BI DesktopMobile BIProduct review JAN 2016.pptx</data><data key="TrendingTitles">16.2.1 + 16.2.2 - Release meta data.pptxGet Engaged 2MAR2016.pptxMobile deep link documentationPower BI Desktopspring semester plans.pptxBusiness DayMobile BIProduct deliverables Spring semster 25FEB2016.pptx16.1.2 - Release meta data.pptxGet Engaged 24FEB2016.pptx</data></node><node id="148893199"><data key="Title">Yoav Yassour</data><data key="hrank">1</data><data key="numCollegues">7</data><data key="numDirects">4</data><data key="RecentlyModifiedCount">10</data><data key="ModifiedTitles">Core TeamBusiness DayPower BI Mobile Januar update - SVWDBusiness DayPlaningBusiness DayExec Review – new formatEngineeringMarriott Mobile Security RequirementsR1Business Day</data><data key="TrendingTitles">Vendor OpsDaily Live SiteGet Engaged 2MAR2016.pptx16.2.1 + 16.2.2 - Release meta data.pptxTSGsHackathonBusiness Dayspring semester plans.pptxMobile deep link documentationGet Engaged 24FEB2016.pptx</data></node><node id="149305457"><data key="Title">Hila Yehuda</data><data key="hrank">1</data><data key="numCollegues">7</data><data key="numDirects">7</data><data key="RecentlyModifiedCount">7</data><data key="ModifiedTitles">Exec Review – new formatHackathon December 2015PlaningNotificationsWindowsOneNote_DeletedPagesGetting Started</data><data key="TrendingTitles">Daily Live SiteVendor OpsGet Engaged 2MAR2016.pptx16.2.1 + 16.2.2 - Release meta data.pptxKusto One PagerAMLMobile deep link documentationBusiness Dayspring semester plans.pptxMobile BI</data></node><node id="149312644"><data key="Title">Gennady Pats</data><data key="hrank">1</data><data key="numCollegues">7</data><data key="numDirects">0</data><data key="RecentlyModifiedCount">10</data><data key="ModifiedTitles">Feb 2016, FFPower BI add-inex2XLSX_Original_TwoTables_1TSGsDaily Live SiteLiveSiteEngineeringStores SubmissionMeetingsFundamentals - Certification</data><data key="TrendingTitles">Daily Live SiteVendor OpsTSGsAMLHackathonGet Engaged 2MAR2016.pptxBusiness DayMobile BIPower BI DesktopMicrosoft Power BI “Embedded”</data></node><node id="149343873"><data key="Title">Ron Gilad</data><data key="hrank">1</data><data key="numCollegues">7</data><data key="numDirects">8</data><data key="RecentlyModifiedCount">10</data><data key="ModifiedTitles">PALS and TelemetryPlaningProcessPowerBI SMEsIncident ManagementBusiness DayBusiness DayTwo Weeks sprintBusiness DayRedmond Dec 2015</data><data key="TrendingTitles">Vendor OpsDaily Live SiteTSGsKusto One PagerIncident ManagementGet Engaged 2MAR2016.pptxMobile deep link documentation16.2.1 + 16.2.2 - Release meta data.pptxBusiness Dayspring semester plans.pptx</data></node><node id="149371614"><data key="Title">Shahar Prish</data><data key="hrank">1</data><data key="numCollegues">7</data><data key="numDirects">0</data><data key="RecentlyModifiedCount">2</data><data key="ModifiedTitles">WindowsEngineering</data><data key="TrendingTitles">General InformationWindowsVendor Ops16.2.1 + 16.2.2 - Release meta data.pptxEngineeringDaily Live SiteGet Engaged 2MAR2016.pptxMobile deep link documentationGet Engaged 24FEB2016.pptxspring semester plans.pptx</data></node><node id="149471825"><data key="Title">Yitzhak Kesselman</data><data key="hrank">1</data><data key="numCollegues">7</data><data key="numDirects">8</data><data key="RecentlyModifiedCount">10</data><data key="ModifiedTitles">PBI Apps for SQL16Hackathon December 2015SWVDPBI for Surface hubRedmond Dec 2015ProcessMobile ReportsOneNote_DeletedPagesEngineeringGeneral Information</data><data key="TrendingTitles">General InformationWindowsEngineeringDaily Live SiteVendor OpsGet Engaged 2MAR2016.pptx16.2.1 + 16.2.2 - Release meta data.pptxMobile deep link documentationVisual Awesomeness Unlocked - KPIspring semester plans.pptx</data></node><node id="203120894"><data key="Title">Guy Shalev</data><data key="hrank">1</data><data key="numCollegues">7</data><data key="numDirects">6</data><data key="RecentlyModifiedCount">7</data><data key="ModifiedTitles">Product review JAN 2016.pptxPBI Touch.pptxSpring semester 2016 staffing and effort estimationsMobile BIPower BI mobile plan for CDnA.pptxSpring Semester 2016 plan JAN 2016.pptxPower BI touch SPEC.pptx</data><data key="TrendingTitles">Get Engaged 2MAR2016.pptx16.2.1 + 16.2.2 - Release meta data.pptxGeneral InformationMobile deep link documentationspring semester plans.pptxBusiness DayMobile BIProduct deliverables Spring semster 25FEB2016.pptxGet Engaged 24FEB2016.pptx16.1.2 - Release meta data.pptx</data></node><node id="148858247"><data key="Title">Dor Goldbaum</data><data key="hrank">2</data><data key="numCollegues">4</data><data key="numDirects">0</data><data key="RecentlyModifiedCount">3</data><data key="ModifiedTitles">Core TeamPBI PortalEngineering</data><data key="TrendingTitles">Daily Live SiteVendor OpsHackathonTSGsMobile deep link documentationSocial Network AnalysisBusiness Day16.2.1 + 16.2.2 - Release meta data.pptxInspireXquick_review ProcSI.pptx</data></node><node id="149323889"><data key="Title">Boaz Chen</data><data key="hrank">2</data><data key="numCollegues">4</data><data key="numDirects">0</data><data key="RecentlyModifiedCount">10</data><data key="ModifiedTitles">Customer IssuesTips n' TricksCore TeamFrontend DevelopmentPBI PortalOneNote_DeletedPagesDaily Live SiteGetting StartedTelemetry and reportsTSGs</data><data key="TrendingTitles">Daily Live SiteVendor OpsTSGsHackathonIncident Management&lt;Presentation title goes here&gt;Microsoft Power BI “Embedded”Get Engaged 2MAR2016.pptxMobile reports meeting 2MAR2016.pptxProduct deliverables Spring semster 25FEB2016.pptx</data></node><node id="149355385"><data key="Title">Adi Regev</data><data key="hrank">2</data><data key="numCollegues">4</data><data key="numDirects">0</data><data key="RecentlyModifiedCount">8</data><data key="ModifiedTitles">WindowsPlaningBusiness DayBusiness DayGet Engaged 10FEB2016.pptxOneNote_DeletedPagesExec Review – new formatProduct review FEB 2016.pptx</data><data key="TrendingTitles">General InformationWindows16.2.1 + 16.2.2 - Release meta data.pptxDaily Live SiteVendor OpsGet Engaged 2MAR2016.pptxEngineeringMobile deep link documentationBusiness Dayspring semester plans.pptx</data></node><node id="340214355"><data key="Title">Gal Vanunu</data><data key="hrank">2</data><data key="numCollegues">4</data><data key="numDirects">0</data><data key="RecentlyModifiedCount">4</data><data key="ModifiedTitles">Core TeamHackathon December 2015WindowsWindows 10</data><data key="TrendingTitles">General InformationHackathonDaily Live SiteVendor OpsWindowsGet Engaged 2MAR2016.pptx16.2.1 + 16.2.2 - Release meta data.pptxMobile deep link documentationBusiness DayGet Engaged 24FEB2016.pptx</data></node><node id="20942962"><data key="Title">Artem Atriaskin</data><data key="hrank">2</data><data key="numCollegues">7</data><data key="numDirects">0</data><data key="RecentlyModifiedCount">1</data><data key="ModifiedTitles">Engineering</data><data key="TrendingTitles">General InformationWindowsEngineeringVendor OpsGet Engaged 2MAR2016.pptxDaily Live Site16.2.1 + 16.2.2 - Release meta data.pptxGet Engaged 24FEB2016.pptxBusiness DayQR initial.pptx</data></node><node id="149328095"><data key="Title">Gil Cooperman</data><data key="hrank">2</data><data key="numCollegues">7</data><data key="numDirects">0</data><data key="RecentlyModifiedCount">4</data><data key="ModifiedTitles">WindowsVendor OpsDaily Live SiteOneNote_DeletedPages</data><data key="TrendingTitles">Vendor OpsDaily Live SiteTSGsGeneral InformationKusto One PagerMobile deep link documentation16.2.1 + 16.2.2 - Release meta data.pptxGet Engaged 2MAR2016.pptxMicrosoft Power BI “Embedded”spring semester plans.pptx</data></node><node id="149437492"><data key="Title">Erez Goldshide</data><data key="hrank">2</data><data key="numCollegues">7</data><data key="numDirects">0</data><data key="RecentlyModifiedCount">2</data><data key="ModifiedTitles">Fundamentals - CertificationEngineering</data><data key="TrendingTitles">General InformationEngineeringGet Engaged 2MAR2016.pptxDaily Live SiteWindowsVendor Ops16.2.1 + 16.2.2 - Release meta data.pptxBusiness DayMobile deep link documentationGet Engaged 24FEB2016.pptx</data></node><node id="315872352"><data key="Title">Khalid Awwad</data><data key="hrank">2</data><data key="numCollegues">7</data><data key="numDirects">0</data><data key="RecentlyModifiedCount">1</data><data key="ModifiedTitles">Test</data><data key="TrendingTitles">EngineeringGeneral InformationLEGO Test Meeting with Thai TeamGet Engaged 2MAR2016.pptxProject ManagementPillar_product_ownershipDPGBusiness DayMobile deep link documentation16.2.1 + 16.2.2 - Release meta data.pptx</data></node><node id="340284315"><data key="Title">Alexandr Gavrishev</data><data key="hrank">2</data><data key="numCollegues">7</data><data key="numDirects">0</data><data key="RecentlyModifiedCount">2</data><data key="ModifiedTitles">Location UpdatesEngineering</data><data key="TrendingTitles">General InformationDaily Live SiteVendor OpsEngineeringMobile deep link documentationQR initial.pptxGet Engaged 2MAR2016.pptx16.2.1 + 16.2.2 - Release meta data.pptxBusiness DayGet Engaged 24FEB2016.pptx</data></node><node id="17592431467863"><data key="Title">Asaf Isser</data><data key="hrank">2</data><data key="numCollegues">7</data><data key="numDirects">0</data><data key="RecentlyModifiedCount">3</data><data key="ModifiedTitles">EngineeringEngineeringPBI Portal</data><data key="TrendingTitles">Daily Live SiteVendor OpsPBI PortalEngineeringWindowsGet Engaged 2MAR2016.pptxBusiness Day16.2.1 + 16.2.2 - Release meta data.pptxGet Engaged 24FEB2016.pptxQR initial.pptx</data></node><node id="17592529801373"><data key="Title">Adam Shitrit</data><data key="hrank">2</data><data key="numCollegues">7</data><data key="numDirects">0</data><data key="RecentlyModifiedCount">0</data><data key="ModifiedTitles"></data><data key="TrendingTitles">General InformationEngineeringLearningPBI for Surface hubVendor OpsBusiness DayGet Engaged 2MAR2016.pptxGeo filtering SPEC.pptxMobile BIPower BI</data></node><node id="24786230"><data key="Title">Haim Sabo</data><data key="hrank">2</data><data key="numCollegues">8</data><data key="numDirects">0</data><data key="RecentlyModifiedCount">0</data><data key="ModifiedTitles"></data><data key="TrendingTitles">General InformationWindowsDaily Live SiteEngineeringVendor Ops16.2.1 + 16.2.2 - Release meta data.pptxBusiness DaySQL BI Weekly Live Site ReviewGet Engaged 2MAR2016.pptxMobile deep link documentation</data></node><node id="31093401"><data key="Title">Sruly Taber</data><data key="hrank">2</data><data key="numCollegues">8</data><data key="numDirects">0</data><data key="RecentlyModifiedCount">6</data><data key="ModifiedTitles">WindowsHackathon December 2015PBI PortalWindows 10Slow Site InvestigationsEngineering</data><data key="TrendingTitles">General InformationWindowsVendor OpsEngineering16.2.1 + 16.2.2 - Release meta data.pptxDaily Live SiteGet Engaged 2MAR2016.pptxMobile deep link documentationBusiness DayGet Engaged 24FEB2016.pptx</data></node><node id="95844937"><data key="Title">Ali Mostafa</data><data key="hrank">2</data><data key="numCollegues">8</data><data key="numDirects">0</data><data key="RecentlyModifiedCount">1</data><data key="ModifiedTitles">Windows</data><data key="TrendingTitles">General InformationWindowsVendor OpsDaily Live SiteEngineering16.2.1 + 16.2.2 - Release meta data.pptxGet Engaged 2MAR2016.pptxBusiness DayGet Engaged 24FEB2016.pptxMobile deep link documentation</data></node><node id="148888952"><data key="Title">Inbar Ron</data><data key="hrank">2</data><data key="numCollegues">8</data><data key="numDirects">0</data><data key="RecentlyModifiedCount">2</data><data key="ModifiedTitles">PALS and TelemetryFundamentals - Certification</data><data key="TrendingTitles">General InformationWindowsVendor OpsEngineeringGet Engaged 2MAR2016.pptxEngineeringMobile deep link documentation16.2.1 + 16.2.2 - Release meta data.pptxBusiness DayGet Engaged 24FEB2016.pptx</data></node><node id="149317946"><data key="Title">Yonatan Appel</data><data key="hrank">2</data><data key="numCollegues">8</data><data key="numDirects">0</data><data key="RecentlyModifiedCount">5</data><data key="ModifiedTitles">WindowsWindows 10Hackathon December 2015Fundamentals - CertificationDaily Live Site</data><data key="TrendingTitles">Vendor OpsDaily Live SiteKusto One PagerGeneral InformationTSGs16.2.1 + 16.2.2 - Release meta data.pptxMobile deep link documentationBusiness DayGet Engaged 2MAR2016.pptxspring semester plans.pptx</data></node><node id="149318138"><data key="Title">Yariv Maimon</data><data key="hrank">2</data><data key="numCollegues">8</data><data key="numDirects">0</data><data key="RecentlyModifiedCount">9</data><data key="ModifiedTitles">PALS and TelemetryES AdminEngineeringTestEngineeringLearningBusiness DayWindows 10Vendor Ops</data><data key="TrendingTitles">Vendor OpsDaily Live SiteEngineeringGet Engaged 2MAR2016.pptxTSGsEngineeringBusiness DayMobile deep link documentation16.2.1 + 16.2.2 - Release meta data.pptxGet Engaged 24FEB2016.pptx</data></node><node id="149395605"><data key="Title">Yaniv Kravitz</data><data key="hrank">2</data><data key="numCollegues">8</data><data key="numDirects">0</data><data key="RecentlyModifiedCount">10</data><data key="ModifiedTitles">Weekly Execution ReviewPlaningProcessHackathon December 2015Spring 2016 - Functional specOneNote_DeletedPagesILDC DriversMPBI Scenario V1General InformationSprint  resource allocation-TFS Connect</data><data key="TrendingTitles">Vendor OpsDaily Live SiteTSGsKusto One PagerDashboards and Reports16.2.1 + 16.2.2 - Release meta data.pptxGet Engaged 2MAR2016.pptxMobile deep link documentationspring semester plans.pptxGet Engaged 24FEB2016.pptx</data></node><node id="149469572"><data key="Title">Yehonatan Ginzberg</data><data key="hrank">2</data><data key="numCollegues">8</data><data key="numDirects">0</data><data key="RecentlyModifiedCount">5</data><data key="ModifiedTitles">PBI PortalStores SubmissionWindows 10EngineeringEngineering</data><data key="TrendingTitles">Vendor OpsDaily Live SiteTSGsGeneral InformationKusto One PagerGet Engaged 2MAR2016.pptx16.2.1 + 16.2.2 - Release meta data.pptxBusiness Dayspring semester plans.pptxGet Engaged 24FEB2016.pptx</data></node><node id="107195219"><data key="Title">Shay Peled</data><data key="hrank">2</data><data key="numCollegues">8</data><data key="numDirects">0</data><data key="RecentlyModifiedCount">2</data><data key="ModifiedTitles">General InformationEngineering</data><data key="TrendingTitles">General InformationDaily Live SiteEngineeringWindowsGet Engaged 24FEB2016.pptx16.2.1 + 16.2.2 - Release meta data.pptxGet Engaged 2MAR2016.pptxBusiness DayQR initial.pptxMobile deep link documentation</data></node><node id="120999129"><data key="Title">Ronit Ravitz Fried</data><data key="hrank">2</data><data key="numCollegues">8</data><data key="numDirects">0</data><data key="RecentlyModifiedCount">1</data><data key="ModifiedTitles">General Information</data><data key="TrendingTitles">General InformationPBI for Surface hubPlanningLearningEngineeringMobile deep link documentationBusiness Day16.2.1 + 16.2.2 - Release meta data.pptxMobile ReportsAlerts and Notifications in Power BI.pptx</data></node><node id="138941587"><data key="Title">Ayesh Qumhieh (ASAL Technologies Ltd)</data><data key="hrank">2</data><data key="numCollegues">8</data><data key="numDirects">0</data><data key="RecentlyModifiedCount">1</data><data key="ModifiedTitles">General Information</data><data key="TrendingTitles">General InformationVendor OpsDaily Live Site16.2.1 + 16.2.2 - Release meta data.pptxHackathonGet Engaged 2MAR2016.pptxEngineeringMobile deep link documentationBusiness DayGet Engaged 24FEB2016.pptx</data></node><node id="149308727"><data key="Title">David Bahat</data><data key="hrank">2</data><data key="numCollegues">8</data><data key="numDirects">0</data><data key="RecentlyModifiedCount">8</data><data key="ModifiedTitles">PlanningPBI Apps for SQL16SWVDEngineeringBacklogGeneral InformationLearningOneNote_DeletedPages</data><data key="TrendingTitles">General InformationVendor OpsDaily Live SiteKusto One PagerHackathon&lt;Presentation title goes here&gt;Mobile deep link documentationBusiness Day16.2.1 + 16.2.2 - Release meta data.pptxMicrosoft Power BI “Embedded”</data></node><node id="149410377"><data key="Title">Merav Bercovitz</data><data key="hrank">2</data><data key="numCollegues">8</data><data key="numDirects">0</data><data key="RecentlyModifiedCount">2</data><data key="ModifiedTitles">WindowsGeneral Information</data><data key="TrendingTitles">General InformationVendor OpsDaily Live SiteWindows16.2.1 + 16.2.2 - Release meta data.pptxGet Engaged 2MAR2016.pptxMobile deep link documentationspring semester plans.pptxBusiness DayGet Engaged 24FEB2016.pptx</data></node><node id="340284375"><data key="Title">Igor Celik</data><data key="hrank">2</data><data key="numCollegues">8</data><data key="numDirects">0</data><data key="RecentlyModifiedCount">5</data><data key="ModifiedTitles">PlanningEngineeringGeneral InformationWindowsWindows 10</data><data key="TrendingTitles">General InformationWindowsEngineeringDaily Live SiteVendor Ops16.2.1 + 16.2.2 - Release meta data.pptxGet Engaged 2MAR2016.pptxMobile deep link documentationGet Engaged 24FEB2016.pptxQR initial.pptx</data></node><node id="17592242903527"><data key="Title">Milana Raiter (Matchpoint IT Ltd)</data><data key="hrank">2</data><data key="numCollegues">8</data><data key="numDirects">0</data><data key="RecentlyModifiedCount">4</data><data key="ModifiedTitles">Stores SubmissionGeneral InformationTestWindows</data><data key="TrendingTitles">General InformationWindowsVendor OpsEngineering16.2.1 + 16.2.2 - Release meta data.pptxGet Engaged 2MAR2016.pptxDaily Live SiteBusiness DayMobile deep link documentationspring semester plans.pptx</data></node><node id="17592400497457"><data key="Title">Daniel Blinick</data><data key="hrank">2</data><data key="numCollegues">8</data><data key="numDirects">0</data><data key="RecentlyModifiedCount">2</data><data key="ModifiedTitles">General InformationWindows</data><data key="TrendingTitles">General InformationWindowsVendor OpsEngineeringDaily Live Site16.2.1 + 16.2.2 - Release meta data.pptxMobile deep link documentationGet Engaged 24FEB2016.pptxGet Engaged 2MAR2016.pptxspring semester plans.pptx</data></node><node id="41753016"><data key="Title">Roy Gal</data><data key="hrank">2</data><data key="numCollegues">6</data><data key="numDirects">0</data><data key="RecentlyModifiedCount">10</data><data key="ModifiedTitles">Product review JAN 2016.pptxMobile ReportsProduct review FEB 2016.pptxGet Engaged 6JAN2016.pptxGet Engaged 2MAR2016.pptxGet Engaged 3FEB2016.pptxGet Engaged 13JAN2016.pptxAdvance GesturesGet Engaged 24FEB2016.pptxSpring semester 2016 staffing and effort estimations</data><data key="TrendingTitles">16.2.1 + 16.2.2 - Release meta data.pptxWindowsGeneral InformationDaily Live SiteVendor OpsMobile deep link documentationGet Engaged 2MAR2016.pptxVisual Awesomeness Unlocked - KPIspring semester plans.pptx16.1.2 - Release meta data.pptx</data></node><node id="105611773"><data key="Title">Ella Ben-Tov</data><data key="hrank">2</data><data key="numCollegues">6</data><data key="numDirects">0</data><data key="RecentlyModifiedCount">10</data><data key="ModifiedTitles">Product review JAN 2016.pptx16.1.2 - Release meta data.pptxDemo's15.12.2 - Release meta data.pptxUsage surveySpring semester 2016 staffing and effort estimationsBusiness Day16.2.1 + 16.2.2 - Release meta data.pptxQuick AccessVisual Awesomeness Unlocked - KPI</data><data key="TrendingTitles">Daily Live SiteVendor OpsOneNote_DeletedPagesWindowsGeneral InformationGet Engaged 2MAR2016.pptx16.2.1 + 16.2.2 - Release meta data.pptxMobile deep link documentationGet Engaged 24FEB2016.pptxBusiness Day</data></node><node id="149405896"><data key="Title">Yaron Canari</data><data key="hrank">2</data><data key="numCollegues">6</data><data key="numDirects">0</data><data key="RecentlyModifiedCount">10</data><data key="ModifiedTitles">WindowsNotificationsHackathon December 2015MobileDashboards.pptxSaaS mobile alignment feb 2016Monthly GrowthSpring semester 2016 staffing and effort estimationsCustom notifications Spec.pptxDataDictionaryBusiness Day</data><data key="TrendingTitles">General InformationWindowsGet Engaged 2MAR2016.pptxVendor Ops16.2.1 + 16.2.2 - Release meta data.pptxDaily Live SiteEngineeringGet Engaged 24FEB2016.pptxVisual Awesomeness Unlocked - KPIBusiness Day</data></node><node id="149420218"><data key="Title">Romi Koifman</data><data key="hrank">2</data><data key="numCollegues">6</data><data key="numDirects">0</data><data key="RecentlyModifiedCount">10</data><data key="ModifiedTitles">CustomersEventsQR initial.pptxMobile MarketingPower BI Mobile Update December(11.2)Product review JAN 2016.pptxPower BI Mobile Januar update - SVWDThe Power BI app for Windows Phone is now availableSQL 16 SSRS on Power BI Mobile iOS appsProduct review FEB 2016.pptx</data><data key="TrendingTitles">Vendor OpsDaily Live SiteTSGsKusto One Pager16.2.1 + 16.2.2 - Release meta data.pptxHackathonMicrosoft Power BI “Embedded”&lt;Presentation title goes here&gt;Get Engaged 2MAR2016.pptxMobile deep link documentation</data></node><node id="149422381"><data key="Title">Gabi Lehner</data><data key="hrank">2</data><data key="numCollegues">6</data><data key="numDirects">0</data><data key="RecentlyModifiedCount">10</data><data key="ModifiedTitles">Demo'sPBI Touch.pptxGeo filtering SPEC.pptxPower BI Mobile Januar update - SVWDPower BI touch plan.pptxPBI Touch - Brainstorming.pptxLive TilesCDNA Plan.pptxSQL 16 SSRS on Power BI Mobile iOS appsPower BI mobile plan for CDnA.pptx</data><data key="TrendingTitles">16.2.1 + 16.2.2 - Release meta data.pptxGeneral InformationGet Engaged 2MAR2016.pptxVendor OpsVisual Awesomeness Unlocked - KPIBusiness DayWindowsEngineeringMobile BIProduct deliverables Spring semster 25FEB2016.pptx</data></node><node id="149448960"><data key="Title">Meital Taran- Gutman</data><data key="hrank">2</data><data key="numCollegues">6</data><data key="numDirects">0</data><data key="RecentlyModifiedCount">0</data><data key="ModifiedTitles"></data><data key="TrendingTitles">Get Engaged 2MAR2016.pptx16.2.1 + 16.2.2 - Release meta data.pptxMobile deep link documentationspring semester plans.pptxBusiness DayProduct deliverables Spring semster 25FEB2016.pptxVisual Awesomeness Unlocked - KPI16.1.2 - Release meta data.pptxQR initial.pptxGet Engaged 24FEB2016.pptx</data></node><node id="-100"><data key="Title">OUTSIDE</data><data key="RecentlyModifiedCount">0</data><data key="ModifiedTitles"></data><data key="TrendingTitles"></data></node>
<edge target="-100" source="149396250"><data key="weight">196</data></edge>
<edge target="149471825" source="149396250"><data key="weight">191</data></edge>
<edge target="148893199" source="149396250"><data key="weight">190</data></edge>
<edge target="203120894" source="149396250"><data key="weight">195</data></edge>
<edge target="149355385" source="149396250"><data key="weight">191</data></edge>
<edge target="149395605" source="149396250"><data key="weight">184</data></edge>
<edge target="149343873" source="149396250"><data key="weight">93</data></edge>
<edge target="149305457" source="149396250"><data key="weight">92</data></edge>
<edge target="149371614" source="149396250"><data key="weight">182</data></edge>
<edge target="149323889" source="148893199"><data key="weight">200</data></edge>
<edge target="149312644" source="148893199"><data key="weight">193</data></edge>
<edge target="149305457" source="148893199"><data key="weight">196</data></edge>
<edge target="148858247" source="148893199"><data key="weight">197</data></edge>
<edge target="149318138" source="148893199"><data key="weight">194</data></edge>
<edge target="149355385" source="148893199"><data key="weight">195</data></edge>
<edge target="149343873" source="148893199"><data key="weight">184</data></edge>
<edge target="149471825" source="148893199"><data key="weight">190</data></edge>
<edge target="149371614" source="148893199"><data key="weight">187</data></edge>
<edge target="149371614" source="149305457"><data key="weight">199</data></edge>
<edge target="149343873" source="149305457"><data key="weight">197</data></edge>
<edge target="20942962" source="149305457"><data key="weight">197</data></edge>
<edge target="149395605" source="149305457"><data key="weight">96</data></edge>
<edge target="149318138" source="149305457"><data key="weight">192</data></edge>
<edge target="149355385" source="149305457"><data key="weight">93</data></edge>
<edge target="149312644" source="149305457"><data key="weight">92</data></edge>
<edge target="149471825" source="149305457"><data key="weight">91</data></edge>
<edge target="-100" source="149305457"><data key="weight">90</data></edge>
<edge target="-100" source="149312644"><data key="weight">383</data></edge>
<edge target="149343873" source="149312644"><data key="weight">190</data></edge>
<edge target="149471825" source="149312644"><data key="weight">196</data></edge>
<edge target="149396250" source="149312644"><data key="weight">96</data></edge>
<edge target="149371614" source="149312644"><data key="weight">192</data></edge>
<edge target="149318138" source="149312644"><data key="weight">174</data></edge>
<edge target="149395605" source="149343873"><data key="weight">200</data></edge>
<edge target="149318138" source="149343873"><data key="weight">194</data></edge>
<edge target="-100" source="149343873"><data key="weight">97</data></edge>
<edge target="148888952" source="149343873"><data key="weight">196</data></edge>
<edge target="149405896" source="149343873"><data key="weight">188</data></edge>
<edge target="149471825" source="149343873"><data key="weight">193</data></edge>
<edge target="149371614" source="149343873"><data key="weight">191</data></edge>
<edge target="149471825" source="149371614"><data key="weight">196</data></edge>
<edge target="149355385" source="149371614"><data key="weight">186</data></edge>
<edge target="149405896" source="149371614"><data key="weight">94</data></edge>
<edge target="-100" source="149371614"><data key="weight">92</data></edge>
<edge target="149469572" source="149371614"><data key="weight">184</data></edge>
<edge target="149410377" source="149471825"><data key="weight">196</data></edge>
<edge target="149308727" source="149471825"><data key="weight">186</data></edge>
<edge target="17592242903527" source="149471825"><data key="weight">191</data></edge>
<edge target="-100" source="149471825"><data key="weight">90</data></edge>
<edge target="203120894" source="149471825"><data key="weight">188</data></edge>
<edge target="149422381" source="203120894"><data key="weight">199</data></edge>
<edge target="149420218" source="203120894"><data key="weight">189</data></edge>
<edge target="41753016" source="203120894"><data key="weight">194</data></edge>
<edge target="149343873" source="203120894"><data key="weight">95</data></edge>
<edge target="-100" source="203120894"><data key="weight">94</data></edge>
<edge target="149405896" source="203120894"><data key="weight">189</data></edge>
<edge target="148893199" source="203120894"><data key="weight">92</data></edge>
<edge target="105611773" source="203120894"><data key="weight">189</data></edge>
<edge target="149355385" source="148858247"><data key="weight">99</data></edge>
<edge target="149371614" source="148858247"><data key="weight">98</data></edge>
<edge target="149308727" source="148858247"><data key="weight">97</data></edge>
<edge target="149343873" source="148858247"><data key="weight">96</data></edge>
<edge target="149312644" source="148858247"><data key="weight">95</data></edge>
<edge target="340214355" source="148858247"><data key="weight">192</data></edge>
<edge target="149323889" source="148858247"><data key="weight">190</data></edge>
<edge target="149437492" source="148858247"><data key="weight">185</data></edge>
<edge target="149471825" source="148858247"><data key="weight">87</data></edge>
<edge target="-100" source="149323889"><data key="weight">649</data></edge>
<edge target="149312644" source="149323889"><data key="weight">90</data></edge>
<edge target="149323889" source="149355385"><data key="weight">99</data></edge>
<edge target="149343873" source="149355385"><data key="weight">98</data></edge>
<edge target="149405896" source="149355385"><data key="weight">192</data></edge>
<edge target="340214355" source="149355385"><data key="weight">193</data></edge>
<edge target="149471825" source="149355385"><data key="weight">94</data></edge>
<edge target="149395605" source="149355385"><data key="weight">188</data></edge>
<edge target="-100" source="149355385"><data key="weight">92</data></edge>
<edge target="148893199" source="340214355"><data key="weight">100</data></edge>
<edge target="-100" source="340214355"><data key="weight">184</data></edge>
<edge target="149471825" source="340214355"><data key="weight">95</data></edge>
<edge target="149312644" source="340214355"><data key="weight">93</data></edge>
<edge target="149469572" source="340214355"><data key="weight">92</data></edge>
<edge target="149371614" source="340214355"><data key="weight">91</data></edge>
<edge target="149323889" source="340214355"><data key="weight">89</data></edge>
<edge target="-100" source="20942962"><data key="weight">186</data></edge>
<edge target="149437492" source="20942962"><data key="weight">98</data></edge>
<edge target="149318138" source="20942962"><data key="weight">94</data></edge>
<edge target="149469572" source="20942962"><data key="weight">93</data></edge>
<edge target="149471825" source="20942962"><data key="weight">92</data></edge>
<edge target="149371614" source="20942962"><data key="weight">91</data></edge>
<edge target="138941587" source="20942962"><data key="weight">90</data></edge>
<edge target="149343873" source="20942962"><data key="weight">89</data></edge>
<edge target="149305457" source="149328095"><data key="weight">100</data></edge>
<edge target="149318138" source="149328095"><data key="weight">99</data></edge>
<edge target="-100" source="149328095"><data key="weight">276</data></edge>
<edge target="149371614" source="149328095"><data key="weight">96</data></edge>
<edge target="149437492" source="149328095"><data key="weight">92</data></edge>
<edge target="149343873" source="149328095"><data key="weight">88</data></edge>
<edge target="149312644" source="149328095"><data key="weight">87</data></edge>
<edge target="149395605" source="149328095"><data key="weight">85</data></edge>
<edge target="-100" source="149437492"><data key="weight">100</data></edge>
<edge target="148893199" source="149437492"><data key="weight">97</data></edge>
<edge target="149305457" source="149437492"><data key="weight">96</data></edge>
<edge target="149471825" source="149437492"><data key="weight">94</data></edge>
<edge target="149343873" source="149437492"><data key="weight">91</data></edge>
<edge target="149371614" source="149437492"><data key="weight">90</data></edge>
<edge target="149355385" source="149437492"><data key="weight">88</data></edge>
<edge target="149312644" source="149437492"><data key="weight">87</data></edge>
<edge target="149308727" source="149437492"><data key="weight">85</data></edge>
<edge target="-100" source="315872352"><data key="weight">522</data></edge>
<edge target="149305457" source="315872352"><data key="weight">98</data></edge>
<edge target="149437492" source="315872352"><data key="weight">95</data></edge>
<edge target="340284315" source="315872352"><data key="weight">91</data></edge>
<edge target="17592529801373" source="315872352"><data key="weight">179</data></edge>
<edge target="-100" source="340284315"><data key="weight">180</data></edge>
<edge target="149305457" source="340284315"><data key="weight">99</data></edge>
<edge target="149371614" source="340284315"><data key="weight">98</data></edge>
<edge target="148858247" source="340284315"><data key="weight">97</data></edge>
<edge target="149437492" source="340284315"><data key="weight">96</data></edge>
<edge target="17592431467863" source="340284315"><data key="weight">184</data></edge>
<edge target="149469572" source="340284315"><data key="weight">90</data></edge>
<edge target="149471825" source="340284315"><data key="weight">85</data></edge>
<edge target="138941587" source="340284315"><data key="weight">79</data></edge>
<edge target="-100" source="17592431467863"><data key="weight">293</data></edge>
<edge target="149469572" source="17592431467863"><data key="weight">99</data></edge>
<edge target="149371614" source="17592431467863"><data key="weight">92</data></edge>
<edge target="149437492" source="17592431467863"><data key="weight">91</data></edge>
<edge target="148893199" source="17592431467863"><data key="weight">86</data></edge>
<edge target="148858247" source="17592431467863"><data key="weight">85</data></edge>
<edge target="315872352" source="17592431467863"><data key="weight">83</data></edge>
<edge target="340284315" source="17592529801373"><data key="weight">100</data></edge>
<edge target="149305457" source="17592529801373"><data key="weight">99</data></edge>
<edge target="149437492" source="17592529801373"><data key="weight">98</data></edge>
<edge target="-100" source="17592529801373"><data key="weight">180</data></edge>
<edge target="17592431467863" source="17592529801373"><data key="weight">91</data></edge>
<edge target="149396250" source="17592529801373"><data key="weight">89</data></edge>
<edge target="149471825" source="17592529801373"><data key="weight">88</data></edge>
<edge target="17592400497457" source="17592529801373"><data key="weight">86</data></edge>
<edge target="149343873" source="24786230"><data key="weight">100</data></edge>
<edge target="-100" source="24786230"><data key="weight">379</data></edge>
<edge target="149318138" source="24786230"><data key="weight">194</data></edge>
<edge target="31093401" source="24786230"><data key="weight">183</data></edge>
<edge target="149471825" source="24786230"><data key="weight">91</data></edge>
<edge target="149312644" source="24786230"><data key="weight">90</data></edge>
<edge target="149469572" source="24786230"><data key="weight">184</data></edge>
<edge target="149343873" source="31093401"><data key="weight">100</data></edge>
<edge target="-100" source="31093401"><data key="weight">284</data></edge>
<edge target="149318138" source="31093401"><data key="weight">197</data></edge>
<edge target="95844937" source="31093401"><data key="weight">193</data></edge>
<edge target="149395605" source="31093401"><data key="weight">93</data></edge>
<edge target="149405896" source="31093401"><data key="weight">92</data></edge>
<edge target="149371614" source="31093401"><data key="weight">87</data></edge>
<edge target="149317946" source="95844937"><data key="weight">196</data></edge>
<edge target="-100" source="95844937"><data key="weight">289</data></edge>
<edge target="149318138" source="95844937"><data key="weight">95</data></edge>
<edge target="149405896" source="95844937"><data key="weight">92</data></edge>
<edge target="149371614" source="95844937"><data key="weight">91</data></edge>
<edge target="149355385" source="95844937"><data key="weight">90</data></edge>
<edge target="149469572" source="95844937"><data key="weight">88</data></edge>
<edge target="-100" source="148888952"><data key="weight">280</data></edge>
<edge target="149318138" source="148888952"><data key="weight">198</data></edge>
<edge target="149395605" source="148888952"><data key="weight">193</data></edge>
<edge target="149469572" source="148888952"><data key="weight">194</data></edge>
<edge target="149312644" source="148888952"><data key="weight">95</data></edge>
<edge target="149471825" source="148888952"><data key="weight">92</data></edge>
<edge target="149437492" source="148888952"><data key="weight">90</data></edge>
<edge target="149343873" source="149317946"><data key="weight">100</data></edge>
<edge target="149395605" source="149317946"><data key="weight">197</data></edge>
<edge target="149318138" source="149317946"><data key="weight">98</data></edge>
<edge target="31093401" source="149317946"><data key="weight">97</data></edge>
<edge target="149355385" source="149317946"><data key="weight">95</data></edge>
<edge target="-100" source="149317946"><data key="weight">185</data></edge>
<edge target="149305457" source="149317946"><data key="weight">93</data></edge>
<edge target="149371614" source="149317946"><data key="weight">92</data></edge>
<edge target="149395605" source="149318138"><data key="weight">193</data></edge>
<edge target="-100" source="149318138"><data key="weight">89</data></edge>
<edge target="149471825" source="149318138"><data key="weight">87</data></edge>
<edge target="148893199" source="149395605"><data key="weight">93</data></edge>
<edge target="149405896" source="149395605"><data key="weight">184</data></edge>
<edge target="41753016" source="149395605"><data key="weight">185</data></edge>
<edge target="105611773" source="149395605"><data key="weight">89</data></edge>
<edge target="149343873" source="149469572"><data key="weight">100</data></edge>
<edge target="-100" source="149469572"><data key="weight">99</data></edge>
<edge target="149318138" source="149469572"><data key="weight">97</data></edge>
<edge target="148893199" source="149469572"><data key="weight">95</data></edge>
<edge target="31093401" source="149469572"><data key="weight">93</data></edge>
<edge target="149312644" source="149469572"><data key="weight">91</data></edge>
<edge target="149395605" source="149469572"><data key="weight">85</data></edge>
<edge target="-100" source="107195219"><data key="weight">100</data></edge>
<edge target="340284375" source="107195219"><data key="weight">98</data></edge>
<edge target="149308727" source="107195219"><data key="weight">96</data></edge>
<edge target="17592242903527" source="107195219"><data key="weight">95</data></edge>
<edge target="149471825" source="107195219"><data key="weight">93</data></edge>
<edge target="138941587" source="107195219"><data key="weight">91</data></edge>
<edge target="120999129" source="107195219"><data key="weight">89</data></edge>
<edge target="149410377" source="107195219"><data key="weight">85</data></edge>
<edge target="17592400497457" source="107195219"><data key="weight">84</data></edge>
<edge target="149343873" source="107195219"><data key="weight">83</data></edge>
<edge target="149471825" source="120999129"><data key="weight">100</data></edge>
<edge target="-100" source="120999129"><data key="weight">182</data></edge>
<edge target="149308727" source="120999129"><data key="weight">195</data></edge>
<edge target="17592242903527" source="120999129"><data key="weight">186</data></edge>
<edge target="340284375" source="120999129"><data key="weight">91</data></edge>
<edge target="149343873" source="120999129"><data key="weight">89</data></edge>
<edge target="17592400497457" source="120999129"><data key="weight">179</data></edge>
<edge target="149410377" source="120999129"><data key="weight">86</data></edge>
<edge target="138941587" source="120999129"><data key="weight">181</data></edge>
<edge target="149308727" source="138941587"><data key="weight">195</data></edge>
<edge target="149318138" source="138941587"><data key="weight">98</data></edge>
<edge target="149305457" source="138941587"><data key="weight">96</data></edge>
<edge target="149312644" source="138941587"><data key="weight">95</data></edge>
<edge target="149343873" source="138941587"><data key="weight">93</data></edge>
<edge target="149371614" source="138941587"><data key="weight">92</data></edge>
<edge target="149471825" source="138941587"><data key="weight">91</data></edge>
<edge target="17592242903527" source="138941587"><data key="weight">89</data></edge>
<edge target="-100" source="138941587"><data key="weight">88</data></edge>
<edge target="-100" source="149308727"><data key="weight">290</data></edge>
<edge target="149318138" source="149308727"><data key="weight">99</data></edge>
<edge target="148893199" source="149308727"><data key="weight">98</data></edge>
<edge target="149312644" source="149308727"><data key="weight">93</data></edge>
<edge target="149395605" source="149308727"><data key="weight">92</data></edge>
<edge target="149308727" source="149410377"><data key="weight">99</data></edge>
<edge target="148893199" source="149410377"><data key="weight">98</data></edge>
<edge target="149469572" source="149410377"><data key="weight">97</data></edge>
<edge target="-100" source="149410377"><data key="weight">188</data></edge>
<edge target="149437492" source="149410377"><data key="weight">94</data></edge>
<edge target="148858247" source="149410377"><data key="weight">90</data></edge>
<edge target="149318138" source="149410377"><data key="weight">88</data></edge>
<edge target="149371614" source="149410377"><data key="weight">87</data></edge>
<edge target="149471825" source="340284375"><data key="weight">100</data></edge>
<edge target="-100" source="340284375"><data key="weight">288</data></edge>
<edge target="17592242903527" source="340284375"><data key="weight">98</data></edge>
<edge target="149312644" source="340284375"><data key="weight">91</data></edge>
<edge target="31093401" source="340284375"><data key="weight">90</data></edge>
<edge target="149410377" source="340284375"><data key="weight">87</data></edge>
<edge target="17592400497457" source="340284375"><data key="weight">166</data></edge>
<edge target="138941587" source="340284375"><data key="weight">82</data></edge>
<edge target="-100" source="17592242903527"><data key="weight">280</data></edge>
<edge target="149312644" source="17592242903527"><data key="weight">96</data></edge>
<edge target="149355385" source="17592242903527"><data key="weight">94</data></edge>
<edge target="149343873" source="17592242903527"><data key="weight">92</data></edge>
<edge target="149395605" source="17592242903527"><data key="weight">90</data></edge>
<edge target="149318138" source="17592242903527"><data key="weight">88</data></edge>
<edge target="-100" source="17592400497457"><data key="weight">289</data></edge>
<edge target="149471825" source="17592400497457"><data key="weight">99</data></edge>
<edge target="17592242903527" source="17592400497457"><data key="weight">98</data></edge>
<edge target="149318138" source="17592400497457"><data key="weight">97</data></edge>
<edge target="138941587" source="17592400497457"><data key="weight">85</data></edge>
<edge target="31093401" source="17592400497457"><data key="weight">78</data></edge>
<edge target="149420218" source="41753016"><data key="weight">200</data></edge>
<edge target="149422381" source="41753016"><data key="weight">196</data></edge>
<edge target="149405896" source="41753016"><data key="weight">195</data></edge>
<edge target="149396250" source="41753016"><data key="weight">96</data></edge>
<edge target="105611773" source="41753016"><data key="weight">192</data></edge>
<edge target="149471825" source="41753016"><data key="weight">93</data></edge>
<edge target="-100" source="41753016"><data key="weight">183</data></edge>
<edge target="149422381" source="105611773"><data key="weight">196</data></edge>
<edge target="149420218" source="105611773"><data key="weight">198</data></edge>
<edge target="149405896" source="105611773"><data key="weight">193</data></edge>
<edge target="149471825" source="105611773"><data key="weight">95</data></edge>
<edge target="149343873" source="105611773"><data key="weight">94</data></edge>
<edge target="149396250" source="105611773"><data key="weight">93</data></edge>
<edge target="149305457" source="105611773"><data key="weight">92</data></edge>
<edge target="-100" source="105611773"><data key="weight">91</data></edge>
<edge target="149420218" source="149405896"><data key="weight">193</data></edge>
<edge target="149422381" source="149405896"><data key="weight">199</data></edge>
<edge target="-100" source="149405896"><data key="weight">184</data></edge>
<edge target="149343873" source="149420218"><data key="weight">98</data></edge>
<edge target="-100" source="149420218"><data key="weight">192</data></edge>
<edge target="149305457" source="149420218"><data key="weight">96</data></edge>
<edge target="149312644" source="149420218"><data key="weight">94</data></edge>
<edge target="149422381" source="149420218"><data key="weight">189</data></edge>
<edge target="149471825" source="149422381"><data key="weight">95</data></edge>
<edge target="-100" source="149422381"><data key="weight">94</data></edge>
<edge target="149343873" source="149422381"><data key="weight">93</data></edge>
<edge target="149305457" source="149422381"><data key="weight">92</data></edge>
<edge target="149396250" source="149422381"><data key="weight">91</data></edge>
<edge target="149420218" source="149448960"><data key="weight">100</data></edge>
<edge target="203120894" source="149448960"><data key="weight">99</data></edge>
<edge target="41753016" source="149448960"><data key="weight">98</data></edge>
<edge target="149405896" source="149448960"><data key="weight">97</data></edge>
<edge target="105611773" source="149448960"><data key="weight">96</data></edge>
<edge target="149422381" source="149448960"><data key="weight">95</data></edge>
<edge target="149396250" source="149448960"><data key="weight">94</data></edge>
<edge target="149305457" source="149448960"><data key="weight">93</data></edge>
<edge target="149395605" source="149448960"><data key="weight">92</data></edge>
<edge target="-100" source="149448960"><data key="weight">91</data></edge></graph></graphml>