<?xml version="1.0" encoding="UTF-8"?>
<graphml xmlns="http://graphml.graphdrawing.org/xmlns"
         xmlns:xsi="http://www.w3.org/2001/XMLSchema-instance"
         xsi:schemaLocation="http://graphml.graphdrawing.org/xmlns
         http://graphml.graphdrawing.org/xmlns/1.0/graphml.xsd">
<!-- Created by igraph -->
  <key id="v_Title" for="node" attr.name="Title" attr.type="string"/>
  <key id="v_hrank" for="node" attr.name="hrank" attr.type="double"/>
  <key id="v_numDirects" for="node" attr.name="numDirects" attr.type="double"/>
  <key id="v_numCollegues" for="node" attr.name="numCollegues" attr.type="double"/>
  <key id="v_RecentlyModifiedCount" for="node" attr.name="RecentlyModifiedCount" attr.type="double"/>
  <key id="v_id" for="node" attr.name="id" attr.type="string"/>
  <key id="e_weight" for="edge" attr.name="weight" attr.type="double"/>
  <graph id="G" edgedefault="undirected">
    <node id="n0">
      <data key="v_Title">PUM</data>
      <data key="v_hrank">0</data>
      <data key="v_numDirects">8</data>
      <data key="v_numCollegues">0</data>
      <data key="v_RecentlyModifiedCount">3</data>
      <data key="v_id">149396250</data>
    </node>
    <node id="n1">
      <data key="v_Title">EM1</data>
      <data key="v_hrank">1</data>
      <data key="v_numDirects">7</data>
      <data key="v_numCollegues">8</data>
      <data key="v_RecentlyModifiedCount">11</data>
      <data key="v_id">148893199</data>
    </node>
    <node id="n2">
      <data key="v_Title">EM2</data>
      <data key="v_hrank">1</data>
      <data key="v_numDirects">2</data>
      <data key="v_numCollegues">8</data>
      <data key="v_RecentlyModifiedCount">8</data>
      <data key="v_id">149305457</data>
    </node>
    <node id="n3">
      <data key="v_Title">EM3</data>
      <data key="v_hrank">1</data>
      <data key="v_numDirects">0</data>
      <data key="v_numCollegues">8</data>
      <data key="v_RecentlyModifiedCount">34</data>
      <data key="v_id">149312644</data>
    </node>
    <node id="n4">
      <data key="v_Title">EM4</data>
      <data key="v_hrank">1</data>
      <data key="v_numDirects">8</data>
      <data key="v_numCollegues">8</data>
      <data key="v_RecentlyModifiedCount">14</data>
      <data key="v_id">149343873</data>
    </node>
    <node id="n5">
      <data key="v_Title">EM5</data>
      <data key="v_hrank">1</data>
      <data key="v_numDirects">8</data>
      <data key="v_numCollegues">8</data>
      <data key="v_RecentlyModifiedCount">12</data>
      <data key="v_id">149355385</data>
    </node>
    <node id="n6">
      <data key="v_Title">ARCHI</data>
      <data key="v_hrank">1</data>
      <data key="v_numDirects">0</data>
      <data key="v_numCollegues">8</data>
      <data key="v_RecentlyModifiedCount">3</data>
      <data key="v_id">149371614</data>
    </node>
    <node id="n7">
      <data key="v_Title">EM7</data>
      <data key="v_hrank">1</data>
      <data key="v_numDirects">8</data>
      <data key="v_numCollegues">8</data>
      <data key="v_RecentlyModifiedCount">15</data>
      <data key="v_id">149471825</data>
    </node>
    <node id="n8">
      <data key="v_Title">GPM</data>
      <data key="v_hrank">1</data>
      <data key="v_numDirects">7</data>
      <data key="v_numCollegues">8</data>
      <data key="v_RecentlyModifiedCount">7</data>
      <data key="v_id">203120894</data>
    </node>
    <node id="n9">
      <data key="v_Title">DEV1</data>
      <data key="v_hrank">2</data>
      <data key="v_numDirects">0</data>
      <data key="v_numCollegues">7</data>
      <data key="v_RecentlyModifiedCount">1</data>
      <data key="v_id">20942962</data>
    </node>
    <node id="n10">
      <data key="v_Title">DEV2</data>
      <data key="v_hrank">2</data>
      <data key="v_numDirects">0</data>
      <data key="v_numCollegues">7</data>
      <data key="v_RecentlyModifiedCount">3</data>
      <data key="v_id">148858247</data>
    </node>
    <node id="n11">
      <data key="v_Title">DEV3</data>
      <data key="v_hrank">2</data>
      <data key="v_numDirects">0</data>
      <data key="v_numCollegues">7</data>
      <data key="v_RecentlyModifiedCount">1</data>
      <data key="v_id">149410377</data>
    </node>
    <node id="n12">
      <data key="v_Title">DEV4</data>
      <data key="v_hrank">2</data>
      <data key="v_numDirects">0</data>
      <data key="v_numCollegues">7</data>
      <data key="v_RecentlyModifiedCount">2</data>
      <data key="v_id">149437492</data>
    </node>
    <node id="n13">
      <data key="v_Title">DEV5</data>
      <data key="v_hrank">2</data>
      <data key="v_numDirects">0</data>
      <data key="v_numCollegues">7</data>
      <data key="v_RecentlyModifiedCount">3</data>
      <data key="v_id">305303666</data>
    </node>
    <node id="n14">
      <data key="v_Title">DEV6</data>
      <data key="v_hrank">2</data>
      <data key="v_numDirects">0</data>
      <data key="v_numCollegues">7</data>
      <data key="v_RecentlyModifiedCount">1</data>
      <data key="v_id">315872352</data>
    </node>
    <node id="n15">
      <data key="v_Title">DEV7</data>
      <data key="v_hrank">2</data>
      <data key="v_numDirects">0</data>
      <data key="v_numCollegues">7</data>
      <data key="v_RecentlyModifiedCount">4</data>
      <data key="v_id">340214355</data>
    </node>
    <node id="n16">
      <data key="v_Title">DEV8</data>
      <data key="v_hrank">2</data>
      <data key="v_numDirects">0</data>
      <data key="v_numCollegues">2</data>
      <data key="v_RecentlyModifiedCount">8</data>
      <data key="v_id">149475109</data>
    </node>
    <node id="n17">
      <data key="v_Title">DEV9</data>
      <data key="v_hrank">2</data>
      <data key="v_numDirects">0</data>
      <data key="v_numCollegues">2</data>
      <data key="v_RecentlyModifiedCount">2</data>
      <data key="v_id">340284315</data>
    </node>
    <node id="n18">
      <data key="v_Title">DEV10</data>
      <data key="v_hrank">2</data>
      <data key="v_numDirects">0</data>
      <data key="v_numCollegues">8</data>
      <data key="v_RecentlyModifiedCount">1</data>
      <data key="v_id">24786230</data>
    </node>
    <node id="n19">
      <data key="v_Title">DEV11</data>
      <data key="v_hrank">2</data>
      <data key="v_numDirects">0</data>
      <data key="v_numCollegues">8</data>
      <data key="v_RecentlyModifiedCount">1</data>
      <data key="v_id">148888952</data>
    </node>
    <node id="n20">
      <data key="v_Title">DEV12</data>
      <data key="v_hrank">2</data>
      <data key="v_numDirects">0</data>
      <data key="v_numCollegues">8</data>
      <data key="v_RecentlyModifiedCount">12</data>
      <data key="v_id">149373676</data>
    </node>
    <node id="n21">
      <data key="v_Title">DEV13</data>
      <data key="v_hrank">2</data>
      <data key="v_numDirects">0</data>
      <data key="v_numCollegues">8</data>
      <data key="v_RecentlyModifiedCount">25</data>
      <data key="v_id">149395605</data>
    </node>
    <node id="n22">
      <data key="v_Title">DEV14</data>
      <data key="v_hrank">2</data>
      <data key="v_numDirects">0</data>
      <data key="v_numCollegues">8</data>
      <data key="v_RecentlyModifiedCount">12</data>
      <data key="v_id">149455550</data>
    </node>
    <node id="n23">
      <data key="v_Title">DEV15</data>
      <data key="v_hrank">2</data>
      <data key="v_numDirects">0</data>
      <data key="v_numCollegues">8</data>
      <data key="v_RecentlyModifiedCount">6</data>
      <data key="v_id">149469572</data>
    </node>
    <node id="n24">
      <data key="v_Title">DEV16</data>
      <data key="v_hrank">2</data>
      <data key="v_numDirects">0</data>
      <data key="v_numCollegues">8</data>
      <data key="v_RecentlyModifiedCount">4</data>
      <data key="v_id">187825319</data>
    </node>
    <node id="n25">
      <data key="v_Title">DEV17</data>
      <data key="v_hrank">2</data>
      <data key="v_numDirects">0</data>
      <data key="v_numCollegues">8</data>
      <data key="v_RecentlyModifiedCount">3</data>
      <data key="v_id">17592431467863</data>
    </node>
    <node id="n26">
      <data key="v_Title">DEV18</data>
      <data key="v_hrank">2</data>
      <data key="v_numDirects">0</data>
      <data key="v_numCollegues">8</data>
      <data key="v_RecentlyModifiedCount">6</data>
      <data key="v_id">31093401</data>
    </node>
    <node id="n27">
      <data key="v_Title">DEV19</data>
      <data key="v_hrank">2</data>
      <data key="v_numDirects">0</data>
      <data key="v_numCollegues">8</data>
      <data key="v_RecentlyModifiedCount">2</data>
      <data key="v_id">95844937</data>
    </node>
    <node id="n28">
      <data key="v_Title">DEV20</data>
      <data key="v_hrank">2</data>
      <data key="v_numDirects">0</data>
      <data key="v_numCollegues">8</data>
      <data key="v_RecentlyModifiedCount">5</data>
      <data key="v_id">149317946</data>
    </node>
    <node id="n29">
      <data key="v_Title">DEV21</data>
      <data key="v_hrank">2</data>
      <data key="v_numDirects">0</data>
      <data key="v_numCollegues">8</data>
      <data key="v_RecentlyModifiedCount">7</data>
      <data key="v_id">149328096</data>
    </node>
    <node id="n30">
      <data key="v_Title">DEV22</data>
      <data key="v_hrank">2</data>
      <data key="v_numDirects">0</data>
      <data key="v_numCollegues">8</data>
      <data key="v_RecentlyModifiedCount">1</data>
      <data key="v_id">149352997</data>
    </node>
    <node id="n31">
      <data key="v_Title">DEV23</data>
      <data key="v_hrank">2</data>
      <data key="v_numDirects">0</data>
      <data key="v_numCollegues">8</data>
      <data key="v_RecentlyModifiedCount">7</data>
      <data key="v_id">149417845</data>
    </node>
    <node id="n32">
      <data key="v_Title">DEV24</data>
      <data key="v_hrank">2</data>
      <data key="v_numDirects">0</data>
      <data key="v_numCollegues">8</data>
      <data key="v_RecentlyModifiedCount">0</data>
      <data key="v_id">149493711</data>
    </node>
    <node id="n33">
      <data key="v_Title">DEV25</data>
      <data key="v_hrank">2</data>
      <data key="v_numDirects">0</data>
      <data key="v_numCollegues">8</data>
      <data key="v_RecentlyModifiedCount">1</data>
      <data key="v_id">17592400497457</data>
    </node>
    <node id="n34">
      <data key="v_Title">DEV26</data>
      <data key="v_hrank">2</data>
      <data key="v_numDirects">0</data>
      <data key="v_numCollegues">8</data>
      <data key="v_RecentlyModifiedCount">0</data>
      <data key="v_id">120999129</data>
    </node>
    <node id="n35">
      <data key="v_Title">DEV27</data>
      <data key="v_hrank">2</data>
      <data key="v_numDirects">0</data>
      <data key="v_numCollegues">8</data>
      <data key="v_RecentlyModifiedCount">0</data>
      <data key="v_id">138941587</data>
    </node>
    <node id="n36">
      <data key="v_Title">DEV28</data>
      <data key="v_hrank">2</data>
      <data key="v_numDirects">0</data>
      <data key="v_numCollegues">8</data>
      <data key="v_RecentlyModifiedCount">3</data>
      <data key="v_id">144832617</data>
    </node>
    <node id="n37">
      <data key="v_Title">DEV29</data>
      <data key="v_hrank">2</data>
      <data key="v_numDirects">0</data>
      <data key="v_numCollegues">8</data>
      <data key="v_RecentlyModifiedCount">5</data>
      <data key="v_id">149308727</data>
    </node>
    <node id="n38">
      <data key="v_Title">DEV30</data>
      <data key="v_hrank">2</data>
      <data key="v_numDirects">0</data>
      <data key="v_numCollegues">8</data>
      <data key="v_RecentlyModifiedCount">8</data>
      <data key="v_id">149380738</data>
    </node>
    <node id="n39">
      <data key="v_Title">DEV31</data>
      <data key="v_hrank">2</data>
      <data key="v_numDirects">0</data>
      <data key="v_numCollegues">8</data>
      <data key="v_RecentlyModifiedCount">3</data>
      <data key="v_id">340284375</data>
    </node>
    <node id="n40">
      <data key="v_Title">DEV32</data>
      <data key="v_hrank">2</data>
      <data key="v_numDirects">0</data>
      <data key="v_numCollegues">8</data>
      <data key="v_RecentlyModifiedCount">3</data>
      <data key="v_id">17592242903527</data>
    </node>
    <node id="n41">
      <data key="v_Title">DEV33</data>
      <data key="v_hrank">2</data>
      <data key="v_numDirects">0</data>
      <data key="v_numCollegues">8</data>
      <data key="v_RecentlyModifiedCount">5</data>
      <data key="v_id">17592288054608</data>
    </node>
    <node id="n42">
      <data key="v_Title">PM1</data>
      <data key="v_hrank">2</data>
      <data key="v_numDirects">0</data>
      <data key="v_numCollegues">7</data>
      <data key="v_RecentlyModifiedCount">34</data>
      <data key="v_id">41753016</data>
    </node>
    <node id="n43">
      <data key="v_Title">PM2</data>
      <data key="v_hrank">2</data>
      <data key="v_numDirects">0</data>
      <data key="v_numCollegues">7</data>
      <data key="v_RecentlyModifiedCount">18</data>
      <data key="v_id">105611773</data>
    </node>
    <node id="n44">
      <data key="v_Title">PM3</data>
      <data key="v_hrank">2</data>
      <data key="v_numDirects">0</data>
      <data key="v_numCollegues">7</data>
      <data key="v_RecentlyModifiedCount">14</data>
      <data key="v_id">149365284</data>
    </node>
    <node id="n45">
      <data key="v_Title">PM4</data>
      <data key="v_hrank">2</data>
      <data key="v_numDirects">0</data>
      <data key="v_numCollegues">7</data>
      <data key="v_RecentlyModifiedCount">35</data>
      <data key="v_id">149405896</data>
    </node>
    <node id="n46">
      <data key="v_Title">PM5</data>
      <data key="v_hrank">2</data>
      <data key="v_numDirects">0</data>
      <data key="v_numCollegues">7</data>
      <data key="v_RecentlyModifiedCount">37</data>
      <data key="v_id">149420218</data>
    </node>
    <node id="n47">
      <data key="v_Title">PM6</data>
      <data key="v_hrank">2</data>
      <data key="v_numDirects">0</data>
      <data key="v_numCollegues">7</data>
      <data key="v_RecentlyModifiedCount">19</data>
      <data key="v_id">149422381</data>
    </node>
    <node id="n48">
      <data key="v_Title">PM7</data>
      <data key="v_hrank">2</data>
      <data key="v_numDirects">0</data>
      <data key="v_numCollegues">7</data>
      <data key="v_RecentlyModifiedCount">0</data>
      <data key="v_id">149448960</data>
    </node>
    <node id="n49">
      <data key="v_Title">OUTSIDE</data>
      <data key="v_hrank">0</data>
      <data key="v_numDirects">0</data>
      <data key="v_numCollegues">0</data>
      <data key="v_RecentlyModifiedCount">0</data>
      <data key="v_id">-100</data>
    </node>
    <edge source="n0" target="n1">
      <data key="e_weight">100</data>
    </edge>
    <edge source="n0" target="n5">
      <data key="e_weight">193</data>
    </edge>
    <edge source="n0" target="n7">
      <data key="e_weight">190</data>
    </edge>
    <edge source="n0" target="n49">
      <data key="e_weight">191</data>
    </edge>
    <edge source="n0" target="n8">
      <data key="e_weight">189</data>
    </edge>
    <edge source="n0" target="n21">
      <data key="e_weight">190</data>
    </edge>
    <edge source="n0" target="n3">
      <data key="e_weight">186</data>
    </edge>
    <edge source="n0" target="n4">
      <data key="e_weight">92</data>
    </edge>
    <edge source="n0" target="n2">
      <data key="e_weight">91</data>
    </edge>
    <edge source="n1" target="n3">
      <data key="e_weight">196</data>
    </edge>
    <edge source="n1" target="n2">
      <data key="e_weight">196</data>
    </edge>
    <edge source="n1" target="n10">
      <data key="e_weight">198</data>
    </edge>
    <edge source="n1" target="n49">
      <data key="e_weight">562</data>
    </edge>
    <edge source="n1" target="n28">
      <data key="e_weight">187</data>
    </edge>
    <edge source="n2" target="n3">
      <data key="e_weight">194</data>
    </edge>
    <edge source="n2" target="n4">
      <data key="e_weight">194</data>
    </edge>
    <edge source="n2" target="n6">
      <data key="e_weight">193</data>
    </edge>
    <edge source="n2" target="n5">
      <data key="e_weight">189</data>
    </edge>
    <edge source="n2" target="n49">
      <data key="e_weight">188</data>
    </edge>
    <edge source="n2" target="n21">
      <data key="e_weight">94</data>
    </edge>
    <edge source="n2" target="n28">
      <data key="e_weight">187</data>
    </edge>
    <edge source="n2" target="n20">
      <data key="e_weight">182</data>
    </edge>
    <edge source="n3" target="n49">
      <data key="e_weight">191</data>
    </edge>
    <edge source="n3" target="n4">
      <data key="e_weight">199</data>
    </edge>
    <edge source="n3" target="n7">
      <data key="e_weight">198</data>
    </edge>
    <edge source="n3" target="n5">
      <data key="e_weight">197</data>
    </edge>
    <edge source="n3" target="n6">
      <data key="e_weight">195</data>
    </edge>
    <edge source="n3" target="n8">
      <data key="e_weight">184</data>
    </edge>
    <edge source="n4" target="n49">
      <data key="e_weight">369</data>
    </edge>
    <edge source="n1" target="n4">
      <data key="e_weight">98</data>
    </edge>
    <edge source="n4" target="n5">
      <data key="e_weight">193</data>
    </edge>
    <edge source="n4" target="n6">
      <data key="e_weight">192</data>
    </edge>
    <edge source="n4" target="n28">
      <data key="e_weight">179</data>
    </edge>
    <edge source="n1" target="n5">
      <data key="e_weight">99</data>
    </edge>
    <edge source="n5" target="n28">
      <data key="e_weight">198</data>
    </edge>
    <edge source="n5" target="n6">
      <data key="e_weight">195</data>
    </edge>
    <edge source="n5" target="n7">
      <data key="e_weight">191</data>
    </edge>
    <edge source="n5" target="n29">
      <data key="e_weight">92</data>
    </edge>
    <edge source="n5" target="n33">
      <data key="e_weight">189</data>
    </edge>
    <edge source="n6" target="n7">
      <data key="e_weight">197</data>
    </edge>
    <edge source="n1" target="n6">
      <data key="e_weight">97</data>
    </edge>
    <edge source="n6" target="n28">
      <data key="e_weight">186</data>
    </edge>
    <edge source="n6" target="n16">
      <data key="e_weight">92</data>
    </edge>
    <edge source="n6" target="n23">
      <data key="e_weight">91</data>
    </edge>
    <edge source="n6" target="n37">
      <data key="e_weight">181</data>
    </edge>
    <edge source="n4" target="n7">
      <data key="e_weight">99</data>
    </edge>
    <edge source="n1" target="n7">
      <data key="e_weight">97</data>
    </edge>
    <edge source="n7" target="n49">
      <data key="e_weight">95</data>
    </edge>
    <edge source="n2" target="n7">
      <data key="e_weight">93</data>
    </edge>
    <edge source="n7" target="n40">
      <data key="e_weight">191</data>
    </edge>
    <edge source="n7" target="n41">
      <data key="e_weight">190</data>
    </edge>
    <edge source="n8" target="n47">
      <data key="e_weight">200</data>
    </edge>
    <edge source="n7" target="n8">
      <data key="e_weight">99</data>
    </edge>
    <edge source="n8" target="n44">
      <data key="e_weight">198</data>
    </edge>
    <edge source="n2" target="n8">
      <data key="e_weight">97</data>
    </edge>
    <edge source="n4" target="n8">
      <data key="e_weight">96</data>
    </edge>
    <edge source="n5" target="n8">
      <data key="e_weight">95</data>
    </edge>
    <edge source="n1" target="n8">
      <data key="e_weight">94</data>
    </edge>
    <edge source="n8" target="n46">
      <data key="e_weight">91</data>
    </edge>
    <edge source="n9" target="n12">
      <data key="e_weight">100</data>
    </edge>
    <edge source="n9" target="n49">
      <data key="e_weight">273</data>
    </edge>
    <edge source="n9" target="n10">
      <data key="e_weight">98</data>
    </edge>
    <edge source="n9" target="n16">
      <data key="e_weight">95</data>
    </edge>
    <edge source="n9" target="n24">
      <data key="e_weight">92</data>
    </edge>
    <edge source="n9" target="n25">
      <data key="e_weight">91</data>
    </edge>
    <edge source="n9" target="n20">
      <data key="e_weight">88</data>
    </edge>
    <edge source="n4" target="n9">
      <data key="e_weight">87</data>
    </edge>
    <edge source="n10" target="n49">
      <data key="e_weight">281</data>
    </edge>
    <edge source="n6" target="n10">
      <data key="e_weight">96</data>
    </edge>
    <edge source="n10" target="n20">
      <data key="e_weight">186</data>
    </edge>
    <edge source="n5" target="n10">
      <data key="e_weight">93</data>
    </edge>
    <edge source="n4" target="n10">
      <data key="e_weight">92</data>
    </edge>
    <edge source="n3" target="n10">
      <data key="e_weight">91</data>
    </edge>
    <edge source="n10" target="n37">
      <data key="e_weight">90</data>
    </edge>
    <edge source="n10" target="n11">
      <data key="e_weight">100</data>
    </edge>
    <edge source="n11" target="n12">
      <data key="e_weight">198</data>
    </edge>
    <edge source="n11" target="n49">
      <data key="e_weight">98</data>
    </edge>
    <edge source="n1" target="n11">
      <data key="e_weight">97</data>
    </edge>
    <edge source="n11" target="n15">
      <data key="e_weight">195</data>
    </edge>
    <edge source="n11" target="n13">
      <data key="e_weight">195</data>
    </edge>
    <edge source="n11" target="n23">
      <data key="e_weight">94</data>
    </edge>
    <edge source="n6" target="n11">
      <data key="e_weight">93</data>
    </edge>
    <edge source="n11" target="n20">
      <data key="e_weight">91</data>
    </edge>
    <edge source="n7" target="n11">
      <data key="e_weight">89</data>
    </edge>
    <edge source="n10" target="n12">
      <data key="e_weight">100</data>
    </edge>
    <edge source="n1" target="n12">
      <data key="e_weight">98</data>
    </edge>
    <edge source="n12" target="n49">
      <data key="e_weight">191</data>
    </edge>
    <edge source="n12" target="n13">
      <data key="e_weight">190</data>
    </edge>
    <edge source="n12" target="n23">
      <data key="e_weight">90</data>
    </edge>
    <edge source="n6" target="n12">
      <data key="e_weight">89</data>
    </edge>
    <edge source="n12" target="n37">
      <data key="e_weight">86</data>
    </edge>
    <edge source="n3" target="n12">
      <data key="e_weight">85</data>
    </edge>
    <edge source="n13" target="n49">
      <data key="e_weight">193</data>
    </edge>
    <edge source="n13" target="n15">
      <data key="e_weight">194</data>
    </edge>
    <edge source="n1" target="n13">
      <data key="e_weight">96</data>
    </edge>
    <edge source="n10" target="n13">
      <data key="e_weight">95</data>
    </edge>
    <edge source="n13" target="n23">
      <data key="e_weight">87</data>
    </edge>
    <edge source="n13" target="n24">
      <data key="e_weight">85</data>
    </edge>
    <edge source="n13" target="n25">
      <data key="e_weight">84</data>
    </edge>
    <edge source="n14" target="n49">
      <data key="e_weight">189</data>
    </edge>
    <edge source="n14" target="n15">
      <data key="e_weight">99</data>
    </edge>
    <edge source="n13" target="n14">
      <data key="e_weight">96</data>
    </edge>
    <edge source="n11" target="n14">
      <data key="e_weight">95</data>
    </edge>
    <edge source="n1" target="n14">
      <data key="e_weight">94</data>
    </edge>
    <edge source="n10" target="n14">
      <data key="e_weight">93</data>
    </edge>
    <edge source="n12" target="n14">
      <data key="e_weight">91</data>
    </edge>
    <edge source="n3" target="n14">
      <data key="e_weight">86</data>
    </edge>
    <edge source="n0" target="n14">
      <data key="e_weight">84</data>
    </edge>
    <edge source="n1" target="n15">
      <data key="e_weight">100</data>
    </edge>
    <edge source="n15" target="n49">
      <data key="e_weight">192</data>
    </edge>
    <edge source="n10" target="n15">
      <data key="e_weight">97</data>
    </edge>
    <edge source="n15" target="n16">
      <data key="e_weight">95</data>
    </edge>
    <edge source="n7" target="n15">
      <data key="e_weight">90</data>
    </edge>
    <edge source="n6" target="n15">
      <data key="e_weight">88</data>
    </edge>
    <edge source="n5" target="n15">
      <data key="e_weight">87</data>
    </edge>
    <edge source="n2" target="n16">
      <data key="e_weight">100</data>
    </edge>
    <edge source="n16" target="n49">
      <data key="e_weight">99</data>
    </edge>
    <edge source="n3" target="n16">
      <data key="e_weight">98</data>
    </edge>
    <edge source="n1" target="n16">
      <data key="e_weight">97</data>
    </edge>
    <edge source="n10" target="n16">
      <data key="e_weight">95</data>
    </edge>
    <edge source="n16" target="n19">
      <data key="e_weight">94</data>
    </edge>
    <edge source="n16" target="n28">
      <data key="e_weight">92</data>
    </edge>
    <edge source="n16" target="n26">
      <data key="e_weight">91</data>
    </edge>
    <edge source="n16" target="n36">
      <data key="e_weight">85</data>
    </edge>
    <edge source="n16" target="n35">
      <data key="e_weight">84</data>
    </edge>
    <edge source="n2" target="n17">
      <data key="e_weight">100</data>
    </edge>
    <edge source="n16" target="n17">
      <data key="e_weight">99</data>
    </edge>
    <edge source="n7" target="n17">
      <data key="e_weight">98</data>
    </edge>
    <edge source="n17" target="n23">
      <data key="e_weight">97</data>
    </edge>
    <edge source="n17" target="n24">
      <data key="e_weight">94</data>
    </edge>
    <edge source="n12" target="n17">
      <data key="e_weight">93</data>
    </edge>
    <edge source="n17" target="n49">
      <data key="e_weight">92</data>
    </edge>
    <edge source="n17" target="n41">
      <data key="e_weight">91</data>
    </edge>
    <edge source="n17" target="n25">
      <data key="e_weight">89</data>
    </edge>
    <edge source="n10" target="n17">
      <data key="e_weight">83</data>
    </edge>
    <edge source="n4" target="n18">
      <data key="e_weight">100</data>
    </edge>
    <edge source="n18" target="n21">
      <data key="e_weight">195</data>
    </edge>
    <edge source="n18" target="n19">
      <data key="e_weight">98</data>
    </edge>
    <edge source="n18" target="n49">
      <data key="e_weight">97</data>
    </edge>
    <edge source="n18" target="n20">
      <data key="e_weight">194</data>
    </edge>
    <edge source="n18" target="n22">
      <data key="e_weight">95</data>
    </edge>
    <edge source="n18" target="n24">
      <data key="e_weight">93</data>
    </edge>
    <edge source="n18" target="n23">
      <data key="e_weight">189</data>
    </edge>
    <edge source="n18" target="n25">
      <data key="e_weight">182</data>
    </edge>
    <edge source="n7" target="n18">
      <data key="e_weight">89</data>
    </edge>
    <edge source="n4" target="n19">
      <data key="e_weight">100</data>
    </edge>
    <edge source="n19" target="n20">
      <data key="e_weight">199</data>
    </edge>
    <edge source="n19" target="n23">
      <data key="e_weight">198</data>
    </edge>
    <edge source="n19" target="n49">
      <data key="e_weight">193</data>
    </edge>
    <edge source="n19" target="n21">
      <data key="e_weight">95</data>
    </edge>
    <edge source="n19" target="n22">
      <data key="e_weight">187</data>
    </edge>
    <edge source="n19" target="n24">
      <data key="e_weight">189</data>
    </edge>
    <edge source="n19" target="n25">
      <data key="e_weight">92</data>
    </edge>
    <edge source="n3" target="n19">
      <data key="e_weight">89</data>
    </edge>
    <edge source="n3" target="n20">
      <data key="e_weight">97</data>
    </edge>
    <edge source="n1" target="n20">
      <data key="e_weight">96</data>
    </edge>
    <edge source="n20" target="n49">
      <data key="e_weight">94</data>
    </edge>
    <edge source="n20" target="n26">
      <data key="e_weight">89</data>
    </edge>
    <edge source="n20" target="n27">
      <data key="e_weight">87</data>
    </edge>
    <edge source="n20" target="n35">
      <data key="e_weight">173</data>
    </edge>
    <edge source="n4" target="n21">
      <data key="e_weight">100</data>
    </edge>
    <edge source="n21" target="n49">
      <data key="e_weight">99</data>
    </edge>
    <edge source="n20" target="n21">
      <data key="e_weight">98</data>
    </edge>
    <edge source="n3" target="n21">
      <data key="e_weight">94</data>
    </edge>
    <edge source="n5" target="n21">
      <data key="e_weight">91</data>
    </edge>
    <edge source="n21" target="n28">
      <data key="e_weight">90</data>
    </edge>
    <edge source="n6" target="n21">
      <data key="e_weight">89</data>
    </edge>
    <edge source="n21" target="n47">
      <data key="e_weight">180</data>
    </edge>
    <edge source="n22" target="n23">
      <data key="e_weight">100</data>
    </edge>
    <edge source="n22" target="n49">
      <data key="e_weight">188</data>
    </edge>
    <edge source="n22" target="n24">
      <data key="e_weight">191</data>
    </edge>
    <edge source="n22" target="n25">
      <data key="e_weight">195</data>
    </edge>
    <edge source="n20" target="n22">
      <data key="e_weight">95</data>
    </edge>
    <edge source="n4" target="n22">
      <data key="e_weight">94</data>
    </edge>
    <edge source="n21" target="n22">
      <data key="e_weight">91</data>
    </edge>
    <edge source="n7" target="n22">
      <data key="e_weight">90</data>
    </edge>
    <edge source="n4" target="n23">
      <data key="e_weight">99</data>
    </edge>
    <edge source="n3" target="n23">
      <data key="e_weight">96</data>
    </edge>
    <edge source="n1" target="n23">
      <data key="e_weight">94</data>
    </edge>
    <edge source="n10" target="n23">
      <data key="e_weight">93</data>
    </edge>
    <edge source="n23" target="n36">
      <data key="e_weight">91</data>
    </edge>
    <edge source="n2" target="n23">
      <data key="e_weight">90</data>
    </edge>
    <edge source="n23" target="n49">
      <data key="e_weight">89</data>
    </edge>
    <edge source="n23" target="n35">
      <data key="e_weight">88</data>
    </edge>
    <edge source="n24" target="n25">
      <data key="e_weight">200</data>
    </edge>
    <edge source="n23" target="n24">
      <data key="e_weight">99</data>
    </edge>
    <edge source="n4" target="n24">
      <data key="e_weight">98</data>
    </edge>
    <edge source="n24" target="n49">
      <data key="e_weight">97</data>
    </edge>
    <edge source="n20" target="n24">
      <data key="e_weight">92</data>
    </edge>
    <edge source="n21" target="n24">
      <data key="e_weight">91</data>
    </edge>
    <edge source="n7" target="n24">
      <data key="e_weight">89</data>
    </edge>
    <edge source="n3" target="n24">
      <data key="e_weight">86</data>
    </edge>
    <edge source="n23" target="n25">
      <data key="e_weight">98</data>
    </edge>
    <edge source="n25" target="n49">
      <data key="e_weight">97</data>
    </edge>
    <edge source="n4" target="n25">
      <data key="e_weight">96</data>
    </edge>
    <edge source="n21" target="n25">
      <data key="e_weight">95</data>
    </edge>
    <edge source="n20" target="n25">
      <data key="e_weight">93</data>
    </edge>
    <edge source="n25" target="n35">
      <data key="e_weight">88</data>
    </edge>
    <edge source="n7" target="n25">
      <data key="e_weight">87</data>
    </edge>
    <edge source="n26" target="n29">
      <data key="e_weight">199</data>
    </edge>
    <edge source="n26" target="n28">
      <data key="e_weight">195</data>
    </edge>
    <edge source="n26" target="n31">
      <data key="e_weight">192</data>
    </edge>
    <edge source="n5" target="n26">
      <data key="e_weight">96</data>
    </edge>
    <edge source="n26" target="n27">
      <data key="e_weight">189</data>
    </edge>
    <edge source="n26" target="n38">
      <data key="e_weight">188</data>
    </edge>
    <edge source="n3" target="n26">
      <data key="e_weight">93</data>
    </edge>
    <edge source="n6" target="n26">
      <data key="e_weight">91</data>
    </edge>
    <edge source="n26" target="n45">
      <data key="e_weight">90</data>
    </edge>
    <edge source="n26" target="n49">
      <data key="e_weight">89</data>
    </edge>
    <edge source="n27" target="n31">
      <data key="e_weight">199</data>
    </edge>
    <edge source="n27" target="n33">
      <data key="e_weight">199</data>
    </edge>
    <edge source="n5" target="n27">
      <data key="e_weight">98</data>
    </edge>
    <edge source="n27" target="n28">
      <data key="e_weight">194</data>
    </edge>
    <edge source="n27" target="n29">
      <data key="e_weight">195</data>
    </edge>
    <edge source="n27" target="n49">
      <data key="e_weight">93</data>
    </edge>
    <edge source="n27" target="n38">
      <data key="e_weight">185</data>
    </edge>
    <edge source="n6" target="n27">
      <data key="e_weight">90</data>
    </edge>
    <edge source="n3" target="n27">
      <data key="e_weight">89</data>
    </edge>
    <edge source="n28" target="n29">
      <data key="e_weight">99</data>
    </edge>
    <edge source="n28" target="n49">
      <data key="e_weight">98</data>
    </edge>
    <edge source="n3" target="n28">
      <data key="e_weight">92</data>
    </edge>
    <edge source="n29" target="n49">
      <data key="e_weight">474</data>
    </edge>
    <edge source="n29" target="n37">
      <data key="e_weight">96</data>
    </edge>
    <edge source="n29" target="n30">
      <data key="e_weight">189</data>
    </edge>
    <edge source="n29" target="n33">
      <data key="e_weight">183</data>
    </edge>
    <edge source="n28" target="n30">
      <data key="e_weight">99</data>
    </edge>
    <edge source="n5" target="n30">
      <data key="e_weight">98</data>
    </edge>
    <edge source="n27" target="n30">
      <data key="e_weight">97</data>
    </edge>
    <edge source="n30" target="n33">
      <data key="e_weight">95</data>
    </edge>
    <edge source="n30" target="n32">
      <data key="e_weight">187</data>
    </edge>
    <edge source="n30" target="n31">
      <data key="e_weight">93</data>
    </edge>
    <edge source="n26" target="n30">
      <data key="e_weight">92</data>
    </edge>
    <edge source="n3" target="n30">
      <data key="e_weight">90</data>
    </edge>
    <edge source="n30" target="n38">
      <data key="e_weight">89</data>
    </edge>
    <edge source="n31" target="n49">
      <data key="e_weight">190</data>
    </edge>
    <edge source="n5" target="n31">
      <data key="e_weight">98</data>
    </edge>
    <edge source="n29" target="n31">
      <data key="e_weight">96</data>
    </edge>
    <edge source="n20" target="n31">
      <data key="e_weight">94</data>
    </edge>
    <edge source="n6" target="n31">
      <data key="e_weight">93</data>
    </edge>
    <edge source="n31" target="n38">
      <data key="e_weight">92</data>
    </edge>
    <edge source="n3" target="n31">
      <data key="e_weight">91</data>
    </edge>
    <edge source="n5" target="n32">
      <data key="e_weight">100</data>
    </edge>
    <edge source="n28" target="n32">
      <data key="e_weight">99</data>
    </edge>
    <edge source="n31" target="n32">
      <data key="e_weight">98</data>
    </edge>
    <edge source="n27" target="n32">
      <data key="e_weight">97</data>
    </edge>
    <edge source="n32" target="n33">
      <data key="e_weight">95</data>
    </edge>
    <edge source="n29" target="n32">
      <data key="e_weight">94</data>
    </edge>
    <edge source="n26" target="n32">
      <data key="e_weight">92</data>
    </edge>
    <edge source="n32" target="n49">
      <data key="e_weight">91</data>
    </edge>
    <edge source="n0" target="n32">
      <data key="e_weight">88</data>
    </edge>
    <edge source="n31" target="n33">
      <data key="e_weight">98</data>
    </edge>
    <edge source="n33" target="n49">
      <data key="e_weight">190</data>
    </edge>
    <edge source="n26" target="n33">
      <data key="e_weight">94</data>
    </edge>
    <edge source="n33" target="n38">
      <data key="e_weight">92</data>
    </edge>
    <edge source="n33" target="n40">
      <data key="e_weight">88</data>
    </edge>
    <edge source="n3" target="n33">
      <data key="e_weight">87</data>
    </edge>
    <edge source="n34" target="n49">
      <data key="e_weight">287</data>
    </edge>
    <edge source="n34" target="n37">
      <data key="e_weight">99</data>
    </edge>
    <edge source="n34" target="n35">
      <data key="e_weight">190</data>
    </edge>
    <edge source="n7" target="n34">
      <data key="e_weight">94</data>
    </edge>
    <edge source="n34" target="n40">
      <data key="e_weight">91</data>
    </edge>
    <edge source="n34" target="n39">
      <data key="e_weight">88</data>
    </edge>
    <edge source="n0" target="n34">
      <data key="e_weight">85</data>
    </edge>
    <edge source="n20" target="n34">
      <data key="e_weight">84</data>
    </edge>
    <edge source="n35" target="n36">
      <data key="e_weight">197</data>
    </edge>
    <edge source="n35" target="n49">
      <data key="e_weight">286</data>
    </edge>
    <edge source="n35" target="n40">
      <data key="e_weight">95</data>
    </edge>
    <edge source="n7" target="n35">
      <data key="e_weight">93</data>
    </edge>
    <edge source="n3" target="n35">
      <data key="e_weight">86</data>
    </edge>
    <edge source="n6" target="n35">
      <data key="e_weight">85</data>
    </edge>
    <edge source="n36" target="n49">
      <data key="e_weight">384</data>
    </edge>
    <edge source="n36" target="n40">
      <data key="e_weight">197</data>
    </edge>
    <edge source="n36" target="n39">
      <data key="e_weight">193</data>
    </edge>
    <edge source="n7" target="n36">
      <data key="e_weight">94</data>
    </edge>
    <edge source="n34" target="n36">
      <data key="e_weight">86</data>
    </edge>
    <edge source="n20" target="n36">
      <data key="e_weight">85</data>
    </edge>
    <edge source="n36" target="n37">
      <data key="e_weight">100</data>
    </edge>
    <edge source="n37" target="n49">
      <data key="e_weight">197</data>
    </edge>
    <edge source="n21" target="n37">
      <data key="e_weight">96</data>
    </edge>
    <edge source="n3" target="n37">
      <data key="e_weight">95</data>
    </edge>
    <edge source="n4" target="n37">
      <data key="e_weight">93</data>
    </edge>
    <edge source="n2" target="n37">
      <data key="e_weight">91</data>
    </edge>
    <edge source="n1" target="n37">
      <data key="e_weight">90</data>
    </edge>
    <edge source="n5" target="n37">
      <data key="e_weight">88</data>
    </edge>
    <edge source="n37" target="n38">
      <data key="e_weight">100</data>
    </edge>
    <edge source="n36" target="n38">
      <data key="e_weight">99</data>
    </edge>
    <edge source="n35" target="n38">
      <data key="e_weight">98</data>
    </edge>
    <edge source="n28" target="n38">
      <data key="e_weight">97</data>
    </edge>
    <edge source="n3" target="n38">
      <data key="e_weight">96</data>
    </edge>
    <edge source="n18" target="n38">
      <data key="e_weight">90</data>
    </edge>
    <edge source="n38" target="n49">
      <data key="e_weight">177</data>
    </edge>
    <edge source="n39" target="n40">
      <data key="e_weight">195</data>
    </edge>
    <edge source="n37" target="n39">
      <data key="e_weight">99</data>
    </edge>
    <edge source="n35" target="n39">
      <data key="e_weight">98</data>
    </edge>
    <edge source="n7" target="n39">
      <data key="e_weight">96</data>
    </edge>
    <edge source="n39" target="n41">
      <data key="e_weight">183</data>
    </edge>
    <edge source="n39" target="n49">
      <data key="e_weight">90</data>
    </edge>
    <edge source="n20" target="n39">
      <data key="e_weight">86</data>
    </edge>
    <edge source="n3" target="n39">
      <data key="e_weight">85</data>
    </edge>
    <edge source="n6" target="n39">
      <data key="e_weight">84</data>
    </edge>
    <edge source="n37" target="n40">
      <data key="e_weight">98</data>
    </edge>
    <edge source="n38" target="n40">
      <data key="e_weight">94</data>
    </edge>
    <edge source="n20" target="n40">
      <data key="e_weight">92</data>
    </edge>
    <edge source="n6" target="n40">
      <data key="e_weight">91</data>
    </edge>
    <edge source="n3" target="n40">
      <data key="e_weight">90</data>
    </edge>
    <edge source="n5" target="n40">
      <data key="e_weight">88</data>
    </edge>
    <edge source="n40" target="n49">
      <data key="e_weight">86</data>
    </edge>
    <edge source="n37" target="n41">
      <data key="e_weight">99</data>
    </edge>
    <edge source="n36" target="n41">
      <data key="e_weight">98</data>
    </edge>
    <edge source="n41" target="n49">
      <data key="e_weight">189</data>
    </edge>
    <edge source="n35" target="n41">
      <data key="e_weight">96</data>
    </edge>
    <edge source="n3" target="n41">
      <data key="e_weight">87</data>
    </edge>
    <edge source="n20" target="n41">
      <data key="e_weight">86</data>
    </edge>
    <edge source="n6" target="n41">
      <data key="e_weight">85</data>
    </edge>
    <edge source="n8" target="n42">
      <data key="e_weight">100</data>
    </edge>
    <edge source="n42" target="n47">
      <data key="e_weight">99</data>
    </edge>
    <edge source="n42" target="n45">
      <data key="e_weight">193</data>
    </edge>
    <edge source="n42" target="n46">
      <data key="e_weight">196</data>
    </edge>
    <edge source="n42" target="n43">
      <data key="e_weight">193</data>
    </edge>
    <edge source="n42" target="n44">
      <data key="e_weight">192</data>
    </edge>
    <edge source="n0" target="n42">
      <data key="e_weight">94</data>
    </edge>
    <edge source="n42" target="n49">
      <data key="e_weight">276</data>
    </edge>
    <edge source="n43" target="n45">
      <data key="e_weight">196</data>
    </edge>
    <edge source="n43" target="n47">
      <data key="e_weight">99</data>
    </edge>
    <edge source="n43" target="n46">
      <data key="e_weight">196</data>
    </edge>
    <edge source="n23" target="n43">
      <data key="e_weight">96</data>
    </edge>
    <edge source="n0" target="n43">
      <data key="e_weight">95</data>
    </edge>
    <edge source="n7" target="n43">
      <data key="e_weight">94</data>
    </edge>
    <edge source="n16" target="n43">
      <data key="e_weight">93</data>
    </edge>
    <edge source="n21" target="n43">
      <data key="e_weight">92</data>
    </edge>
    <edge source="n43" target="n49">
      <data key="e_weight">91</data>
    </edge>
    <edge source="n44" target="n47">
      <data key="e_weight">198</data>
    </edge>
    <edge source="n44" target="n46">
      <data key="e_weight">198</data>
    </edge>
    <edge source="n44" target="n45">
      <data key="e_weight">194</data>
    </edge>
    <edge source="n43" target="n44">
      <data key="e_weight">95</data>
    </edge>
    <edge source="n44" target="n49">
      <data key="e_weight">370</data>
    </edge>
    <edge source="n45" target="n46">
      <data key="e_weight">100</data>
    </edge>
    <edge source="n8" target="n45">
      <data key="e_weight">99</data>
    </edge>
    <edge source="n45" target="n47">
      <data key="e_weight">194</data>
    </edge>
    <edge source="n5" target="n45">
      <data key="e_weight">94</data>
    </edge>
    <edge source="n28" target="n45">
      <data key="e_weight">93</data>
    </edge>
    <edge source="n45" target="n49">
      <data key="e_weight">92</data>
    </edge>
    <edge source="n20" target="n45">
      <data key="e_weight">91</data>
    </edge>
    <edge source="n3" target="n46">
      <data key="e_weight">97</data>
    </edge>
    <edge source="n46" target="n49">
      <data key="e_weight">468</data>
    </edge>
    <edge source="n4" target="n46">
      <data key="e_weight">93</data>
    </edge>
    <edge source="n46" target="n47">
      <data key="e_weight">98</data>
    </edge>
    <edge source="n0" target="n47">
      <data key="e_weight">96</data>
    </edge>
    <edge source="n7" target="n47">
      <data key="e_weight">95</data>
    </edge>
    <edge source="n47" target="n49">
      <data key="e_weight">187</data>
    </edge>
    <edge source="n4" target="n47">
      <data key="e_weight">91</data>
    </edge>
    <edge source="n46" target="n48">
      <data key="e_weight">100</data>
    </edge>
    <edge source="n8" target="n48">
      <data key="e_weight">99</data>
    </edge>
    <edge source="n45" target="n48">
      <data key="e_weight">98</data>
    </edge>
    <edge source="n47" target="n48">
      <data key="e_weight">97</data>
    </edge>
    <edge source="n44" target="n48">
      <data key="e_weight">96</data>
    </edge>
    <edge source="n42" target="n48">
      <data key="e_weight">95</data>
    </edge>
    <edge source="n43" target="n48">
      <data key="e_weight">94</data>
    </edge>
    <edge source="n48" target="n49">
      <data key="e_weight">276</data>
    </edge>
  </graph>
</graphml>
