﻿<?xml version="1.0" encoding="utf-8"?><graphml xmlns:xsi="http://www.w3.org/2001/XMLSchema-instance" xsi:schemaLocation="http://graphml.graphdrawing.org/xmlns http://graphml.graphdrawing.org/xmlns/1.0/graphml.xsd" xmlns="http://graphml.graphdrawing.org/xmlns"><key id="Title" for="node" attr.name="Title" attr.type="string"><default>unknown</default></key><key id="hrank" for="node" attr.name="hrank" attr.type="double"><default>0</default></key><key id="numDirects" for="node" attr.name="numDirects" attr.type="double"><default>0</default></key><key id="numCollegues" for="node" attr.name="numCollegues" attr.type="double"><default>0</default></key><key id="RecentlyModifiedCount" for="node" attr.name="RecentlyModifiedCount" attr.type="double"><default>0</default></key><key id="ModifiedTitles" for="node" attr.name="ModifiedTitles" attr.type="string"><default>unknown</default></key><key id="TrendingTitles" for="node" attr.name="TrendingTitles" attr.type="string"><default>unknown</default></key><key id="weight" for="edge" attr.name="weight" attr.type="double"><default>1</default></key><graph id="social_graph" edgedefault="undirected"><node id="149372812"><data key="Title">KUNAL MUKERJEE</data><data key="hrank">0</data><data key="numDirects">12</data><data key="RecentlyModifiedCount">5</data><data key="ModifiedTitles"> Power BI PaaS Power BI Desktop Untitled Section Foundation and 3 Pillars of Shared Services Strategic Investment PBI Security Gaps</data><data key="TrendingTitles"> Daily Live Site Hackathon Vendor Ops Dashboards and Reports Power BI Desktop Power BI PaaS - Spring 2016 Plan Review (Feb 24 2016).pptx Power BI PaaS Team-based workspace  fact base Qlik Compete Profile Shared Services  Spring Review</data></node><node id="20150993"><data key="Title">Duncan Davenport (Murphy &amp; Associates)</data><data key="hrank">1</data><data key="numCollegues">12</data><data key="numDirects">0</data><data key="RecentlyModifiedCount">0</data><data key="ModifiedTitles"></data><data key="TrendingTitles"> Daily Live Site Dashboards and Reports Vendor Ops Hackathon Power BI PaaS Shared Services  Spring Review Qlik Compete Profile Power BI PaaS - Spring 2016 Plan Review (Feb 24 2016).pptx Engineering Systems Team SQL BI Weekly Live Site Review</data></node><node id="148880181"><data key="Title">Doina Babu</data><data key="hrank">1</data><data key="numCollegues">12</data><data key="numDirects">7</data><data key="RecentlyModifiedCount">1</data><data key="ModifiedTitles"> Power BI PaaS</data><data key="TrendingTitles"> Daily Live Site Vendor Ops Hackathon Dashboards and Reports TSGs Microsoft Power BI “Embedded” Shared Services  Spring Review SQL BI Weekly Live Site Review Engineering Systems Team Power BI Desktop</data></node><node id="148891381"><data key="Title">Brandon Unger</data><data key="hrank">1</data><data key="numCollegues">12</data><data key="numDirects">0</data><data key="RecentlyModifiedCount">1</data><data key="ModifiedTitles"> Untitled Section</data><data key="TrendingTitles"> Daily Live Site Hackathon Vendor Ops Dashboards and Reports Team-based workspace  fact base Shared Services  Spring Review Power BI Desktop Microsoft Power BI “Embedded” Power BI PaaS - Spring 2016 Plan Review (Feb 24 2016).pptx Qlik Compete Profile</data></node><node id="149321282"><data key="Title">Bo Simmons</data><data key="hrank">1</data><data key="numCollegues">12</data><data key="numDirects">3</data><data key="RecentlyModifiedCount">11</data><data key="ModifiedTitles"> Deploying PowerBI to a new Data Center New Section 2 New Section 3 Global Service Work Power BI PaaS PowerBI SMEs (Pre-Repair) Untitled Section OneNote_DeletedPages SOP Deploying PowerBI to Australia Region Beacon</data><data key="TrendingTitles"> Daily Live Site Hackathon Vendor Ops Dashboards and Reports TSGs Shared Services  Spring Review Engineering Systems Team Power BI PaaS Power BI Desktop Qlik Compete Profile</data></node><node id="149344017"><data key="Title">Eran Shahar</data><data key="hrank">1</data><data key="numCollegues">12</data><data key="numDirects">15</data><data key="RecentlyModifiedCount">5</data><data key="ModifiedTitles"> ES Team plan LiveSite, ES &amp; Deployment Power BI PaaS Shared Services Strategy Deployment Hardening</data><data key="TrendingTitles"> Daily Live Site Vendor Ops Hackathon TSGs Deployments Shared Services  Spring Review Power BI PaaS Business Day SQL BI Weekly Live Site Review Power BI Desktop</data></node><node id="149344973"><data key="Title">Ronnie Chaiken</data><data key="hrank">1</data><data key="numCollegues">12</data><data key="numDirects">4</data><data key="RecentlyModifiedCount">2</data><data key="ModifiedTitles"> Phone Screen Power BI PaaS</data><data key="TrendingTitles"> Daily Live Site Vendor Ops TSGs Hackathon Shared Services  Spring Review Microsoft R Server Monthly Update Feb'16 Team-based workspace  fact base Power BI Desktop Microsoft Power BI “Embedded” Power BI PaaS - Spring 2016 Plan Review (Feb 24 2016).pptx</data></node><node id="149362580"><data key="Title">Ying Lin (POWER BI)</data><data key="hrank">1</data><data key="numCollegues">12</data><data key="numDirects">10</data><data key="RecentlyModifiedCount">19</data><data key="ModifiedTitles"> Daily Live Site PowerBI SMEs Security Incidents Incident Management Power BI PaaS LiveSite and Service Dashboard Requirements OneNote_DeletedPages SQL BI Weekly Live Site Review Partner teams Escalation Archive Miscellaneous Info Activity mapping Board Meeting Notes TSGs PowerBIAvailabilityMSR Training SQL BI Weekly Live Site Review SQL BI Weekly Live Site Review Certificates And Secrets</data><data key="TrendingTitles"> Daily Live Site Vendor Ops TSGs Hackathon Dashboards and Reports Microsoft R Server Monthly Update Feb'16 Team-based workspace  fact base Power BI Excel Add-in Work Folders Roadmap.pptx Power BI PaaS - Spring 2016 Plan Review (Feb 24 2016).pptx</data></node><node id="149379853"><data key="Title">Tad Price</data><data key="hrank">1</data><data key="numCollegues">12</data><data key="numDirects">0</data><data key="RecentlyModifiedCount">1</data><data key="ModifiedTitles"> Refresh in PBI.com</data><data key="TrendingTitles"> Daily Live Site Vendor Ops Hackathon TSGs Untitled Section Power BI PaaS - Spring 2016 Plan Review (Feb 24 2016).pptx Team-based workspace  fact base Photomath.pptx Microsoft R Server Monthly Update Feb'16 Power BI Excel Add-in</data></node><node id="149381490"><data key="Title">Ross Comer</data><data key="hrank">1</data><data key="numCollegues">12</data><data key="numDirects">0</data><data key="RecentlyModifiedCount">1</data><data key="ModifiedTitles"> 2015 Holiday Availability</data><data key="TrendingTitles"> Daily Live Site Vendor Ops Hackathon TSGs OneNote_DeletedPages Power BI PaaS - Spring 2016 Plan Review (Feb 24 2016).pptx Microsoft Power BI “Embedded” Power BI Desktop Engineering Systems Team Shared Services  Spring Review</data></node><node id="149389291"><data key="Title">Andy Wu (POWER BI)</data><data key="hrank">1</data><data key="numCollegues">12</data><data key="numDirects">9</data><data key="RecentlyModifiedCount">5</data><data key="ModifiedTitles"> Untitled Section PowerBI SMEs BCDR Playbook PBI Security Gaps Power BI PaaS</data><data key="TrendingTitles"> Daily Live Site Vendor Ops Hackathon TSGs Shared Services  Spring Review Power BI PaaS Team-based workspace  fact base Engineering Systems Team Power BI Desktop Qlik Compete Profile</data></node><node id="17592378871857"><data key="Title">Tod Manning (Virtuosity Consulting Group)</data><data key="hrank">1</data><data key="numCollegues">12</data><data key="numDirects">0</data><data key="RecentlyModifiedCount">15</data><data key="ModifiedTitles"> Mooncake Power BI PaaS ISO contains baseline configuration management ISO Build Process.v1 Power BI Security Whitepaper.Comments Power BI PaaS Security &amp; Compliance Weekly Service Review Security &amp; Compliance Weekly Service Review OST-Redline PBI Security Gaps Untitled Section Power BI DPT Amendment Power BI Logging and Monitoring.20151202</data><data key="TrendingTitles"> Daily Live Site OneNote_DeletedPages Power BI Desktop Power BI PaaS SQL BI Weekly Live Site Review Shared Services  Spring Review Dashboards and Reports TSGs Untitled Section LiveSite and Service Dashboard Requirements</data></node><node id="17592479761877"><data key="Title">Darryl Tober</data><data key="hrank">1</data><data key="numCollegues">12</data><data key="numDirects">0</data><data key="RecentlyModifiedCount">3</data><data key="ModifiedTitles"> Daily Live Site SQL BI Weekly Live Site Review SQL BI Weekly Live Site Review</data><data key="TrendingTitles"> Daily Live Site Vendor Ops Hackathon TSGs Dashboards and Reports Shared Services  Spring Review SQL BI Weekly Live Site Review Power BI PaaS Engineering Systems Team Team-based workspace  fact base</data></node><node id="40778850"><data key="Title">Claudiu Toma</data><data key="hrank">2</data><data key="numCollegues">7</data><data key="numDirects">0</data><data key="RecentlyModifiedCount">2</data><data key="ModifiedTitles"> Untitled Section PowerBI SMEs</data><data key="TrendingTitles"> Daily Live Site Vendor Ops TSGs Hackathon OneNote_DeletedPages Shared Services  Spring Review Power BI PaaS - Spring 2016 Plan Review (Feb 24 2016).pptx Power BI Excel Add-in MLADS Best Proposal Award Power BI Desktop</data></node><node id="148882985"><data key="Title">Vaghinak Petrosyan</data><data key="hrank">2</data><data key="numCollegues">7</data><data key="numDirects">0</data><data key="RecentlyModifiedCount">0</data><data key="ModifiedTitles"></data><data key="TrendingTitles"> Daily Live Site Vendor Ops Dashboards and Reports Hackathon TSGs Team-based workspace  fact base Qlik Compete Profile Power BI PaaS - Spring 2016 Plan Review (Feb 24 2016).pptx Shared Services  Spring Review Microsoft Power BI Overview _ for Nick</data></node><node id="149343631"><data key="Title">Hristina Popova</data><data key="hrank">2</data><data key="numCollegues">7</data><data key="numDirects">0</data><data key="RecentlyModifiedCount">7</data><data key="ModifiedTitles"> Dev TSGs Deployment OneNote_DeletedPages Training Incident Management Tools and Portals</data><data key="TrendingTitles"> Daily Live Site Vendor Ops Hackathon TSGs Secret Store to KeyVault Migration Shared Services  Spring Review SQL BI Weekly Live Site Review Qlik Compete Profile Power BI PaaS LiveSite and Service Dashboard Requirements</data></node><node id="149386902"><data key="Title">Igor Taranov</data><data key="hrank">2</data><data key="numCollegues">7</data><data key="numDirects">0</data><data key="RecentlyModifiedCount">3</data><data key="ModifiedTitles"> Tools and Portals Team Crayola Open source</data><data key="TrendingTitles"> Daily Live Site Vendor Ops TSGs Hackathon Shared Services  Spring Review Qlik Compete Profile SQL Server blog Power BI PaaS - Spring 2016 Plan Review (Feb 24 2016).pptx Microsoft Power BI “Embedded” Team-based workspace  fact base</data></node><node id="149401391"><data key="Title">Ke Dang</data><data key="hrank">2</data><data key="numCollegues">7</data><data key="numDirects">0</data><data key="RecentlyModifiedCount">0</data><data key="ModifiedTitles"></data><data key="TrendingTitles"> Daily Live Site Vendor Ops Hackathon Dashboards and Reports WSD workflow report 2.9.pptx TickTock support.pptx Servicing Workflow Report Spec Roll up model.pptx &lt;Insert Protocol Name Here&gt; Shared Services  Spring Review</data></node><node id="149417697"><data key="Title">Yujun Chen</data><data key="hrank">2</data><data key="numCollegues">7</data><data key="numDirects">0</data><data key="RecentlyModifiedCount">1</data><data key="ModifiedTitles"> OneNote_DeletedPages</data><data key="TrendingTitles"> Daily Live Site Vendor Ops Hackathon TSGs Dashboards and Reports Shared Services  Spring Review Power BI Desktop Power BI PaaS - Spring 2016 Plan Review (Feb 24 2016).pptx Engineering Systems Team Qlik Compete Profile</data></node><node id="149446108"><data key="Title">Tomer Einav</data><data key="hrank">2</data><data key="numCollegues">7</data><data key="numDirects">0</data><data key="RecentlyModifiedCount">1</data><data key="ModifiedTitles"> Tools and Portals</data><data key="TrendingTitles"> Daily Live Site Vendor Ops Hackathon TSGs OneNote_DeletedPages 2016 Data Insights Summit - Shape and Transform data using Excel 2016 Microsoft Power BI “Embedded” UX Backlog SQL BI Weekly Live Site Review Shared Services  Spring Review</data></node><node id="26287272"><data key="Title">Rizwan Rizwan Ul Moin (Mindtree Consulting PVT LTD)</data><data key="hrank">2</data><data key="numCollegues">3</data><data key="numDirects">0</data><data key="RecentlyModifiedCount">3</data><data key="ModifiedTitles"> OneNote_DeletedPages PowerBI SMEs (Pre-Repair) Vendor Ops</data><data key="TrendingTitles"> Daily Live Site Vendor Ops Hackathon Dashboards and Reports TSGs Shared Services  Spring Review Power BI PaaS PBI_Scenarios_AllPhases_throughChlorine Qlik Compete Profile SQL BI Weekly Live Site Review</data></node><node id="107935701"><data key="Title">Rajeev Ghodki (MINDTREE LIMITED)</data><data key="hrank">2</data><data key="numCollegues">3</data><data key="numDirects">0</data><data key="RecentlyModifiedCount">9</data><data key="ModifiedTitles"> Deploying PowerBI to a new Data Center Deploying PowerBI to Australia Region Deploy to DXT backup Deploying PowerBI to India Region Deploying PowerBI to Japan Region OneNote_DeletedPages New Section 2 Start Here Certificates And Secrets</data><data key="TrendingTitles"> Daily Live Site Vendor Ops TSGs Deploying PowerBI to a new Data Center Deployments EuropeWestSev1_15632497 SQL BI Weekly Live Site Review LiveSite and Service Dashboard Requirements Shared Services  Spring Review PBI_Scenarios_AllPhases_throughChlorine</data></node><node id="149457524"><data key="Title">Kiran Pyapali Pyapali (Mindtree)</data><data key="hrank">2</data><data key="numCollegues">3</data><data key="numDirects">0</data><data key="RecentlyModifiedCount">3</data><data key="ModifiedTitles"> Deploying PowerBI to a new Data Center Engineering Guide OneNote_DeletedPages</data><data key="TrendingTitles"> RP Clusters - Public Azure Daily Live Site Vendor Ops Getting Started Managed Disks Engineering Systems Team C+E Query Store Demo MSR Hunting Demo Day-Of Plan Modifications for manifest files to switch to using Service Principal for subscription access</data></node><node id="148881248"><data key="Title">Mike Lagase</data><data key="hrank">2</data><data key="numCollegues">15</data><data key="numDirects">0</data><data key="RecentlyModifiedCount">9</data><data key="ModifiedTitles"> Deployments Service Resilience and Deployment Purpose SME Rotation Playbook 2 Troubleshooting Tips Onboarding Guide Transition Plan Deploying PowerBI to India Region OneNote_DeletedPages</data><data key="TrendingTitles"> Daily Live Site Vendor Ops TSGs Hackathon Dashboards and Reports Microsoft R Server Monthly Update Feb'16 Power BI Excel Add-in Power BI PaaS - Spring 2016 Plan Review (Feb 24 2016).pptx Kusto Azure RBAC Getting Started</data></node><node id="148881582"><data key="Title">Ben Levinn</data><data key="hrank">2</data><data key="numCollegues">15</data><data key="numDirects">0</data><data key="RecentlyModifiedCount">1</data><data key="ModifiedTitles"> Test Scripts</data><data key="TrendingTitles"> Daily Live Site Deployments Hackathon Untitled Section Power BI Desktop Shared Services  Spring Review Power BI PaaS - Spring 2016 Plan Review (Feb 24 2016).pptx PBI_Scenarios_AllPhases_throughChlorine ES Chlorine plans for DS Power BI Excel Add-in</data></node><node id="149319839"><data key="Title">Ramesh Poduri</data><data key="hrank">2</data><data key="numCollegues">15</data><data key="numDirects">0</data><data key="RecentlyModifiedCount">11</data><data key="ModifiedTitles"> Deployments Serres Ops Share Service Resilience and Deployment OneNote_DeletedPages Serres Share Depedencies Common Azure OneNote_DeletedPages Secret Management Serres UX Website OneNote_DeletedPages</data><data key="TrendingTitles"> Daily Live Site Serres UX Website Serres Ops Share Infrastructure New Hire Guide Azure AD Identity Protection preview blog post Identity Protection Documentation &lt;Scenario&gt; Signals documentation Engineering Systems Team</data></node><node id="149322384"><data key="Title">Randy Johnson</data><data key="hrank">2</data><data key="numCollegues">15</data><data key="numDirects">0</data><data key="RecentlyModifiedCount">1</data><data key="ModifiedTitles"> OneNote_DeletedPages</data><data key="TrendingTitles"> OneNote_DeletedPages Daily Live Site Hackathon Windows Fabric Emulator test-sign-off-plan Cloud Build Engineering Team Meeting Import API Engineering Systems Team Document1 State of CloudBuild Reporting</data></node><node id="149323707"><data key="Title">Grant Culbertson</data><data key="hrank">2</data><data key="numCollegues">15</data><data key="numDirects">0</data><data key="RecentlyModifiedCount">5</data><data key="ModifiedTitles"> TFS Core Services Symbols Untitled Section OneNote_DeletedPages</data><data key="TrendingTitles"> Untitled Section Daily Live Site Hackathon test-sign-off-plan Cloud Build Engineering Team Meeting Vendor Ops State of CloudBuild Reporting Engineering Systems Team VS Cloud Service Operations Center Document1</data></node><node id="149333836"><data key="Title">Patrick Woodward</data><data key="hrank">2</data><data key="numCollegues">15</data><data key="numDirects">0</data><data key="RecentlyModifiedCount">8</data><data key="ModifiedTitles"> Transition Plan Service Resilience and Deployment Tools and Portals Architecture BCDR Playbook Security Incidents Kusto Query Language (Pre-Repair) Deployment Guide</data><data key="TrendingTitles"> Daily Live Site Vendor Ops Hackathon Dashboards and Reports Deployments Azure RBAC Getting Started IDMQ Software Security Engineering Systems Team GCS Design Draft UX Backlog</data></node><node id="149356841"><data key="Title">Nathan Hammes</data><data key="hrank">2</data><data key="numCollegues">15</data><data key="numDirects">0</data><data key="RecentlyModifiedCount">12</data><data key="ModifiedTitles"> Certificates And Secrets Secret Management Tools and Portals Priorities TSGs Deploying PowerBI to a new Data Center Archive Wiki Test Scripts Hackathon Service Resilience and Deployment OneNote_DeletedPages</data><data key="TrendingTitles"> Daily Live Site Hackathon Vendor Ops TSGs Untitled Section SQL BI Weekly Live Site Review Engineering Systems Team Team-based workspace  fact base Shared Services  Spring Review Power BI PaaS</data></node><node id="149360621"><data key="Title">Yoram Atir</data><data key="hrank">2</data><data key="numCollegues">15</data><data key="numDirects">0</data><data key="RecentlyModifiedCount">7</data><data key="ModifiedTitles"> Investigate Priorities Improvements Secret Management Windows Ev2 Documentation Hackathon December 2015</data><data key="TrendingTitles"> Daily Live Site Hackathon Vendor Ops TSGs Ev2 Documentation Shared Services  Spring Review Engineering Systems Team EuropeWestSev1_15632497 Power BI Desktop ESRI – Power BI - Strawman Feb 2016</data></node><node id="149362046"><data key="Title">Steve Faiks</data><data key="hrank">2</data><data key="numCollegues">15</data><data key="numDirects">0</data><data key="RecentlyModifiedCount">1</data><data key="ModifiedTitles"> Untitled Section</data><data key="TrendingTitles"> Untitled Section Cloud Build Engineering Team Meeting Daily Live Site Hackathon State of CloudBuild Reporting VS Cloud Service Operations Center 2016 Data Insights Summit - Shape and Transform data using Excel 2016 EngPipe Boot Camp Lab - Handout LiveSite, ES &amp; Deployment Team-based workspace  fact base</data></node><node id="149379097"><data key="Title">Kiran Gorle Appala Veera</data><data key="hrank">2</data><data key="numCollegues">15</data><data key="numDirects">0</data><data key="RecentlyModifiedCount">2</data><data key="ModifiedTitles"> TFS Core Untitled Section</data><data key="TrendingTitles"> Daily Live Site Deployments Engineering Systems Team LiveSite, ES &amp; Deployment CB_queues_from_DevDW Identity &amp; Securtiy  Current State and Roadmap SQL Tree Integration Web Upgrade and Bootstrapper GBS Technical Leader Offsite TR18 ambrosew-anwsp3 Build 2016 Strategy.pptx</data></node><node id="149391240"><data key="Title">Brian Butler</data><data key="hrank">2</data><data key="numCollegues">15</data><data key="numDirects">0</data><data key="RecentlyModifiedCount">3</data><data key="ModifiedTitles"> Miscellaneous Info PowerBI Mixed Load Services</data><data key="TrendingTitles"> Daily Live Site Cloud Build Engineering Team Meeting Deployments Hackathon Engineering Systems Team Deploying PowerBI to a new Data Center State of CloudBuild Reporting test-sign-off-plan Document1 VS Cloud Service Operations Center</data></node><node id="149394517"><data key="Title">Sreenivas Dasari</data><data key="hrank">2</data><data key="numCollegues">15</data><data key="numDirects">0</data><data key="RecentlyModifiedCount">8</data><data key="ModifiedTitles"> GettingStarted ManifestUpdates Secrets Deployments Kusto One Pager On-boarding Info OneNote_DeletedPages OneNote_DeletedPages</data><data key="TrendingTitles"> Daily Live Site Vendor Ops Dashboards and Reports Hackathon TSGs Engineering Systems Team Azure RBAC Getting Started IDMQ Focus Area - Azure Security Pack Shared Services  Spring Review ID MQ Status 2016-02-03 Priorities and Promises</data></node><node id="149394658"><data key="Title">Sriram Vegaraju</data><data key="hrank">2</data><data key="numCollegues">15</data><data key="numDirects">0</data><data key="RecentlyModifiedCount">12</data><data key="ModifiedTitles"> Mooncake Investigate Fairfax Efforts Dependency Matrix Mooncake Readiness Deployments Deploying PowerBI to a new Data Center On-boarding Info Notes Support Models Overview Depedencies</data><data key="TrendingTitles"> Daily Live Site Deployments Vendor Ops Deploying PowerBI to a new Data Center TSGs Azure RBAC Getting Started IDMQ Software Security Power BI PaaS SQL BI Weekly Live Site Review ID MQ KPI Baseline</data></node><node id="149412886"><data key="Title">Charles Cassagnol</data><data key="hrank">2</data><data key="numCollegues">15</data><data key="numDirects">0</data><data key="RecentlyModifiedCount">3</data><data key="ModifiedTitles"> Deployments GettingStarted Deploying PowerBI to a new Data Center</data><data key="TrendingTitles"> Daily Live Site Vendor Ops Hackathon Deployments TSG NASA JPL Azure Impressions Response TASER ID MQ KPI Baseline Shared Services  Spring Review ID MQ Status 2016-02-03 Priorities and Promises</data></node><node id="149434784"><data key="Title">Scott Lane</data><data key="hrank">2</data><data key="numCollegues">15</data><data key="numDirects">0</data><data key="RecentlyModifiedCount">11</data><data key="ModifiedTitles"> Secret Management Fairfax Efforts Priorities Improvements Service Resilience and Deployment Certificates And Secrets Investigate Test Scripts Tips and Tricks Untitled Section OneNote_DeletedPages</data><data key="TrendingTitles"> Daily Live Site Deployments Hackathon Engineering Systems Team Team-based workspace  fact base Shared Services  Spring Review IDMQ Focus Area - Azure Security Pack Power BI Desktop 2016 Data Insights Summit - Shape and Transform data using Excel 2016 Power BI PaaS</data></node><node id="46190246"><data key="Title">Ashwini Singh</data><data key="hrank">2</data><data key="numCollegues">4</data><data key="numDirects">0</data><data key="RecentlyModifiedCount">3</data><data key="ModifiedTitles"> Brownbags IM Tools and Portals</data><data key="TrendingTitles"> Daily Live Site Vendor Ops Team Crayola Deja Vu Apocalypse Cow Team-based workspace  fact base ILDC Drivers &lt;Insert Protocol Name Here&gt; Modifications for manifest files to switch to using Service Principal for subscription access Calander</data></node><node id="148877248"><data key="Title">Yong Liang</data><data key="hrank">2</data><data key="numCollegues">4</data><data key="numDirects">0</data><data key="RecentlyModifiedCount">4</data><data key="ModifiedTitles"> Brownbags Untitled Section Hackathon PowerBI SMEs (Pre-Repair)</data><data key="TrendingTitles"> Hackathon Daily Live Site Vendor Ops Dashboards and Reports Untitled Section Team-based workspace  fact base APITutorialIncident - 2016-2-29.pptx SQL Server blog ContentPackTracking 2016 Data Insights Summit - Shape and Transform data using Excel 2016</data></node><node id="149379373"><data key="Title">Mike Vovchik</data><data key="hrank">2</data><data key="numCollegues">4</data><data key="numDirects">0</data><data key="RecentlyModifiedCount">2</data><data key="ModifiedTitles"> Tech screening Candidates(RU)</data><data key="TrendingTitles"> Daily Live Site Vendor Ops TSGs Dashboards and Reports Engineering Systems Team Team-based workspace  fact base Shared Services  Spring Review &lt;Insert Protocol Name Here&gt; Power BI PaaS Power BI Desktop</data></node><node id="149400562"><data key="Title">Anna Labutina</data><data key="hrank">2</data><data key="numCollegues">4</data><data key="numDirects">0</data><data key="RecentlyModifiedCount">4</data><data key="ModifiedTitles"> Phone Screen Untitled Section OneNote_DeletedPages TSGs</data><data key="TrendingTitles"> Daily Live Site Vendor Ops Hackathon TSGs Dashboards and Reports Team-based workspace  fact base Shared Services  Spring Review Qlik Compete Profile Power BI Desktop &lt;Insert Protocol Name Here&gt;</data></node><node id="39726563"><data key="Title">Prakash Gurappagari (Mindtree)</data><data key="hrank">2</data><data key="numCollegues">10</data><data key="numDirects">0</data><data key="RecentlyModifiedCount">3</data><data key="ModifiedTitles"> Daily Live Site Vendor Ops Incident Management</data><data key="TrendingTitles"> Daily Live Site Vendor Ops TSGs Hackathon Incident Management Shared Services  Spring Review Engineering Systems Team Microsoft R Server Monthly Update Feb'16 Qlik Compete Profile Team-based workspace  fact base</data></node><node id="80363225"><data key="Title">Sharanappa Mallikarjuna (Mindtree)</data><data key="hrank">2</data><data key="numCollegues">10</data><data key="numDirects">0</data><data key="RecentlyModifiedCount">8</data><data key="ModifiedTitles"> Daily Live Site Vendor Ops Incident Management TSGs OneNote_DeletedPages Tools and Portals Kusto API PowerBI SMEs (Pre-Repair)</data><data key="TrendingTitles"> Daily Live Site Vendor Ops TSGs Kusto API Kusto.Explorer Shared Services  Spring Review Power BI CEN GA SQL BI Weekly Live Site Review Plan for continuous delivery Microsoft R Server Monthly Update Feb'16</data></node><node id="80363242"><data key="Title">Ranadheer Reddy Moola (MINDTREE LIMITED)</data><data key="hrank">2</data><data key="numCollegues">10</data><data key="numDirects">0</data><data key="RecentlyModifiedCount">6</data><data key="ModifiedTitles"> Daily Live Site Vendor Ops TSGs OneNote_DeletedPages PowerBI SMEs (Pre-Repair) TSG</data><data key="TrendingTitles"> Daily Live Site Vendor Ops TSGs Hackathon OneNote_DeletedPages Shared Services  Spring Review Power BI CEN GA Microsoft Power BI “Embedded” SQL BI Weekly Live Site Review Team-based workspace  fact base</data></node><node id="80709540"><data key="Title">Jayanth Kodakandla (Mindtree Consulting PVT LTD)</data><data key="hrank">2</data><data key="numCollegues">10</data><data key="numDirects">0</data><data key="RecentlyModifiedCount">7</data><data key="ModifiedTitles"> Daily Live Site Vendor Ops TSGs PowerBI SMEs (Pre-Repair) Incident Management OneNote_DeletedPages Partner teams Escalation</data><data key="TrendingTitles"> Daily Live Site Vendor Ops TSGs Hackathon BCDR Playbook Shared Services  Spring Review Engineering Systems Team Microsoft R Server Monthly Update Feb'16 Power BI Excel Add-in Team-based workspace  fact base</data></node><node id="104162502"><data key="Title">Shravan Kumar Shetty (Mindtree Consulting PVT LTD)</data><data key="hrank">2</data><data key="numCollegues">10</data><data key="numDirects">0</data><data key="RecentlyModifiedCount">6</data><data key="ModifiedTitles"> Daily Live Site Vendor Ops TSGs Tools and Portals Incident Management PowerBI SMEs (Pre-Repair)</data><data key="TrendingTitles"> Daily Live Site Vendor Ops TSGs Hackathon OneNote_DeletedPages Shared Services  Spring Review Power BI Data Driven Alerting and Notification Plan Power BI CEN GA Engineering Systems Team Team-based workspace  fact base</data></node><node id="141197797"><data key="Title">Krishna Chaitanya Prasad Vuggam (Mindtree)</data><data key="hrank">2</data><data key="numCollegues">10</data><data key="numDirects">0</data><data key="RecentlyModifiedCount">7</data><data key="ModifiedTitles"> Daily Live Site Vendor Ops OneNote_DeletedPages PowerBI SMEs (Pre-Repair) TSGs Incident Management TSG</data><data key="TrendingTitles"> Daily Live Site Vendor Ops TSGs Hackathon OneNote_DeletedPages Shared Services  Spring Review Power BI CEN GA Engineering Systems Team SQL BI Weekly Live Site Review Team-based workspace  fact base</data></node><node id="149459317"><data key="Title">Jagadish Katikela (Mindtree Consulting PVT LTD)</data><data key="hrank">2</data><data key="numCollegues">10</data><data key="numDirects">0</data><data key="RecentlyModifiedCount">3</data><data key="ModifiedTitles"> PowerBI SMEs Incident Management Activity mapping</data><data key="TrendingTitles"> Daily Live Site Vendor Ops TSGs Hackathon OneNote_DeletedPages VS Cloud Service Operations Center Team-based workspace  fact base Shared Services  Spring Review SQL BI Weekly Live Site Review Engineering Systems Team</data></node><node id="218300148"><data key="Title">Carol Rajala (Mindtree LTD)</data><data key="hrank">2</data><data key="numCollegues">10</data><data key="numDirects">0</data><data key="RecentlyModifiedCount">5</data><data key="ModifiedTitles"> Daily Live Site OneNote_DeletedPages Vendor Ops Incident Management TSGs</data><data key="TrendingTitles"> Daily Live Site Vendor Ops TSGs Hackathon Dashboards and Reports Power BI CEN GA Power BI PaaS - Spring 2016 Plan Review (Feb 24 2016).pptx SQL BI Weekly Live Site Review Shared Services  Spring Review Team-based workspace  fact base</data></node><node id="17592457106216"><data key="Title">Sravani Bolloju (Mindtree LTD)</data><data key="hrank">2</data><data key="numCollegues">10</data><data key="numDirects">0</data><data key="RecentlyModifiedCount">4</data><data key="ModifiedTitles"> Daily Live Site TSGs Vendor Ops Incident Management</data><data key="TrendingTitles"> Daily Live Site Vendor Ops TSGs Hackathon OneNote_DeletedPages SQL BI Weekly Live Site Review Power BI CEN GA Shared Services  Spring Review LiveSite and Service Dashboard Requirements Team-based workspace  fact base</data></node><node id="17592503417962"><data key="Title">Chandrarao Bonu</data><data key="hrank">2</data><data key="numCollegues">10</data><data key="numDirects">0</data><data key="RecentlyModifiedCount">0</data><data key="ModifiedTitles"></data><data key="TrendingTitles"> Daily Live Site Vendor Ops TSGs OneNote_DeletedPages Power BI CEN GA SQL BI Weekly Live Site Review LiveSite and Service Dashboard Requirements SQL BI Weekly Live Site Review PowerBIAvailabilityWSR Shared Services  Spring Review</data></node><node id="148886106"><data key="Title">Naveen Sivaraj</data><data key="hrank">2</data><data key="numCollegues">9</data><data key="numDirects">0</data><data key="RecentlyModifiedCount">3</data><data key="ModifiedTitles"> Deployments and Environments Guide Job Execution Job Management</data><data key="TrendingTitles"> Deployments and Environments Guide SU Planning DataLakeOutputAdapter Weekly Notes JobManagement health model Reliability Portal Backlog GeoSpatialDev_ASA Azure Stream Analytics Pillar Review Jan</data></node><node id="149314051"><data key="Title">Sergey Volegov</data><data key="hrank">2</data><data key="numCollegues">9</data><data key="numDirects">0</data><data key="RecentlyModifiedCount">1</data><data key="ModifiedTitles"> Dashboards and Reports</data><data key="TrendingTitles"> Daily Live Site Vendor Ops Hackathon TSGs OneNote_DeletedPages Microsoft Power BI “Embedded” Power BI PaaS - Spring 2016 Plan Review (Feb 24 2016).pptx Power BI Desktop Power BI Data Driven Alerting and Notification Plan 2016 Data Insights Summit - Shape and Transform data using Excel 2016</data></node><node id="149346432"><data key="Title">Uday Unni</data><data key="hrank">2</data><data key="numCollegues">9</data><data key="numDirects">0</data><data key="RecentlyModifiedCount">2</data><data key="ModifiedTitles"> TSGs New Section 1</data><data key="TrendingTitles"> Daily Live Site Vendor Ops TSGs Hackathon SQL BI Weekly Live Site Review &lt;Insert Protocol Name Here&gt; Qlik Compete Profile LiveSite and Service Dashboard Requirements Team-based workspace  fact base UX Backlog</data></node><node id="149359572"><data key="Title">Mark Sisley</data><data key="hrank">2</data><data key="numCollegues">9</data><data key="numDirects">0</data><data key="RecentlyModifiedCount">1</data><data key="ModifiedTitles"> Dev Guide</data><data key="TrendingTitles"> Daily Live Site Hackathon Vendor Ops Dev Items Microsoft Power BI “Embedded” Microsoft R Server Monthly Update Feb'16 SQL BI Weekly Live Site Review Shared Services  Spring Review Power BI Desktop PowerBIActivitiesAggregated</data></node><node id="149365050"><data key="Title">Sai Prathap Sadasivam</data><data key="hrank">2</data><data key="numCollegues">9</data><data key="numDirects">0</data><data key="RecentlyModifiedCount">3</data><data key="ModifiedTitles"> BCDR Playbook TSGs Tools and Portals</data><data key="TrendingTitles"> Daily Live Site Vendor Ops TSGs Hackathon Dashboards and Reports QR initial.pptx Shared Services  Spring Review Get Engaged 2MAR2016.pptx Power BI PaaS Engineering Systems Team</data></node><node id="149367073"><data key="Title">Anurag Bhatia</data><data key="hrank">2</data><data key="numCollegues">9</data><data key="numDirects">0</data><data key="RecentlyModifiedCount">2</data><data key="ModifiedTitles"> BCDR Playbook Hackathon</data><data key="TrendingTitles"> Daily Live Site Hackathon Vendor Ops TSGs Dashboards and Reports Team-based workspace  fact base Microsoft R Server Monthly Update Feb'16 Power BI Excel Add-in UX Backlog Power BI PaaS - Spring 2016 Plan Review (Feb 24 2016).pptx</data></node><node id="149444966"><data key="Title">Derya Susman</data><data key="hrank">2</data><data key="numCollegues">9</data><data key="numDirects">0</data><data key="RecentlyModifiedCount">1</data><data key="ModifiedTitles"> TSGs</data><data key="TrendingTitles"> Daily Live Site Vendor Ops Hackathon TSGs Dashboards and Reports Shared Services  Spring Review Power BI PaaS &lt;Insert Protocol Name Here&gt; SQL BI Weekly Live Site Review Kusto</data></node><node id="149490294"><data key="Title">Gaoping Zhu</data><data key="hrank">2</data><data key="numCollegues">9</data><data key="numDirects">0</data><data key="RecentlyModifiedCount">0</data><data key="ModifiedTitles"></data><data key="TrendingTitles"> Daily Live Site Vendor Ops TSGs Hackathon Dashboards and Reports Shared Services  Spring Review Team-based workspace  fact base SQL BI Weekly Live Site Review Power BI PaaS Power BI Desktop</data></node><node id="17592472039353"><data key="Title">Anish Patel</data><data key="hrank">2</data><data key="numCollegues">9</data><data key="numDirects">0</data><data key="RecentlyModifiedCount">1</data><data key="ModifiedTitles"> TSGs</data><data key="TrendingTitles"> Daily Live Site Vendor Ops TSGs Hackathon Dashboards and Reports Shared Services  Spring Review SQL BI Weekly Live Site Review Team-based workspace  fact base Microsoft R Server Monthly Update Feb'16 Power BI Excel Add-in</data></node><node id="-100"><data key="Title">OUTSIDE</data><data key="RecentlyModifiedCount">0</data><data key="ModifiedTitles"></data><data key="TrendingTitles"></data></node>
<edge target="149321282" source="149372812"><data key="weight">193</data></edge>
<edge target="148880181" source="149372812"><data key="weight">199</data></edge>
<edge target="-100" source="149372812"><data key="weight">477</data></edge>
<edge target="148891381" source="149372812"><data key="weight">95</data></edge>
<edge target="149389291" source="149372812"><data key="weight">93</data></edge>
<edge target="149344017" source="149372812"><data key="weight">187</data></edge>
<edge target="-100" source="20150993"><data key="weight">281</data></edge>
<edge target="149372812" source="20150993"><data key="weight">99</data></edge>
<edge target="148880181" source="20150993"><data key="weight">98</data></edge>
<edge target="17592378871857" source="20150993"><data key="weight">97</data></edge>
<edge target="40778850" source="20150993"><data key="weight">188</data></edge>
<edge target="149417697" source="20150993"><data key="weight">181</data></edge>
<edge target="149386902" source="20150993"><data key="weight">91</data></edge>
<edge target="149389291" source="20150993"><data key="weight">88</data></edge>
<edge target="149321282" source="148880181"><data key="weight">197</data></edge>
<edge target="149362580" source="148880181"><data key="weight">197</data></edge>
<edge target="149381490" source="148880181"><data key="weight">189</data></edge>
<edge target="148882985" source="148880181"><data key="weight">194</data></edge>
<edge target="149386902" source="148880181"><data key="weight">192</data></edge>
<edge target="149389291" source="148880181"><data key="weight">91</data></edge>
<edge target="149446108" source="148880181"><data key="weight">189</data></edge>
<edge target="40778850" source="148880181"><data key="weight">186</data></edge>
<edge target="-100" source="148880181"><data key="weight">87</data></edge>
<edge target="149314051" source="148891381"><data key="weight">199</data></edge>
<edge target="-100" source="148891381"><data key="weight">480</data></edge>
<edge target="149389291" source="148891381"><data key="weight">196</data></edge>
<edge target="149444966" source="148891381"><data key="weight">187</data></edge>
<edge target="149346432" source="148891381"><data key="weight">182</data></edge>
<edge target="149359572" source="148891381"><data key="weight">183</data></edge>
<edge target="26287272" source="149321282"><data key="weight">200</data></edge>
<edge target="107935701" source="149321282"><data key="weight">99</data></edge>
<edge target="148881582" source="149321282"><data key="weight">97</data></edge>
<edge target="-100" source="149321282"><data key="weight">190</data></edge>
<edge target="149344017" source="149321282"><data key="weight">195</data></edge>
<edge target="149389291" source="149321282"><data key="weight">191</data></edge>
<edge target="149457524" source="149321282"><data key="weight">91</data></edge>
<edge target="148881582" source="149344017"><data key="weight">99</data></edge>
<edge target="149360621" source="149344017"><data key="weight">198</data></edge>
<edge target="149356841" source="149344017"><data key="weight">190</data></edge>
<edge target="149389291" source="149344017"><data key="weight">192</data></edge>
<edge target="149362580" source="149344017"><data key="weight">190</data></edge>
<edge target="148880181" source="149344017"><data key="weight">92</data></edge>
<edge target="-100" source="149344017"><data key="weight">181</data></edge>
<edge target="-100" source="149344973"><data key="weight">378</data></edge>
<edge target="149362580" source="149344973"><data key="weight">197</data></edge>
<edge target="149389291" source="149344973"><data key="weight">194</data></edge>
<edge target="149400562" source="149344973"><data key="weight">195</data></edge>
<edge target="149381490" source="149344973"><data key="weight">192</data></edge>
<edge target="46190246" source="149344973"><data key="weight">187</data></edge>
<edge target="148877248" source="149344973"><data key="weight">188</data></edge>
<edge target="149321282" source="149362580"><data key="weight">100</data></edge>
<edge target="-100" source="149362580"><data key="weight">459</data></edge>
<edge target="149360621" source="149362580"><data key="weight">91</data></edge>
<edge target="148891381" source="149379853"><data key="weight">100</data></edge>
<edge target="149321282" source="149379853"><data key="weight">99</data></edge>
<edge target="-100" source="149379853"><data key="weight">380</data></edge>
<edge target="148880181" source="149379853"><data key="weight">90</data></edge>
<edge target="149389291" source="149379853"><data key="weight">89</data></edge>
<edge target="149362580" source="149379853"><data key="weight">88</data></edge>
<edge target="149344017" source="149379853"><data key="weight">87</data></edge>
<edge target="149362580" source="149381490"><data key="weight">100</data></edge>
<edge target="149321282" source="149381490"><data key="weight">98</data></edge>
<edge target="-100" source="149381490"><data key="weight">379</data></edge>
<edge target="149344017" source="149381490"><data key="weight">96</data></edge>
<edge target="149389291" source="149381490"><data key="weight">91</data></edge>
<edge target="-100" source="149389291"><data key="weight">278</data></edge>
<edge target="149314051" source="149389291"><data key="weight">188</data></edge>
<edge target="149356841" source="149389291"><data key="weight">183</data></edge>
<edge target="149365050" source="149389291"><data key="weight">189</data></edge>
<edge target="149372812" source="17592378871857"><data key="weight">100</data></edge>
<edge target="149362580" source="17592378871857"><data key="weight">99</data></edge>
<edge target="149321282" source="17592378871857"><data key="weight">98</data></edge>
<edge target="149344017" source="17592378871857"><data key="weight">97</data></edge>
<edge target="149389291" source="17592378871857"><data key="weight">96</data></edge>
<edge target="149394658" source="17592378871857"><data key="weight">94</data></edge>
<edge target="149381490" source="17592378871857"><data key="weight">93</data></edge>
<edge target="149344973" source="17592378871857"><data key="weight">92</data></edge>
<edge target="17592479761877" source="17592378871857"><data key="weight">179</data></edge>
<edge target="148880181" source="17592378871857"><data key="weight">89</data></edge>
<edge target="149362580" source="17592479761877"><data key="weight">100</data></edge>
<edge target="149372812" source="17592479761877"><data key="weight">99</data></edge>
<edge target="-100" source="17592479761877"><data key="weight">560</data></edge>
<edge target="149344017" source="17592479761877"><data key="weight">97</data></edge>
<edge target="-100" source="40778850"><data key="weight">286</data></edge>
<edge target="149446108" source="40778850"><data key="weight">185</data></edge>
<edge target="149417697" source="40778850"><data key="weight">192</data></edge>
<edge target="149386902" source="40778850"><data key="weight">190</data></edge>
<edge target="148882985" source="40778850"><data key="weight">183</data></edge>
<edge target="149389291" source="40778850"><data key="weight">91</data></edge>
<edge target="149386902" source="148882985"><data key="weight">199</data></edge>
<edge target="-100" source="148882985"><data key="weight">555</data></edge>
<edge target="149389291" source="148882985"><data key="weight">85</data></edge>
<edge target="-100" source="149343631"><data key="weight">946</data></edge>
<edge target="-100" source="149386902"><data key="weight">558</data></edge>
<edge target="149417697" source="149386902"><data key="weight">93</data></edge>
<edge target="-100" source="149401391"><data key="weight">373</data></edge>
<edge target="148882985" source="149401391"><data key="weight">98</data></edge>
<edge target="149417697" source="149401391"><data key="weight">97</data></edge>
<edge target="149446108" source="149401391"><data key="weight">96</data></edge>
<edge target="40778850" source="149401391"><data key="weight">95</data></edge>
<edge target="148880181" source="149401391"><data key="weight">93</data></edge>
<edge target="149490294" source="149401391"><data key="weight">87</data></edge>
<edge target="148880181" source="149417697"><data key="weight">100</data></edge>
<edge target="-100" source="149417697"><data key="weight">567</data></edge>
<edge target="149446108" source="149417697"><data key="weight">178</data></edge>
<edge target="148882985" source="149446108"><data key="weight">99</data></edge>
<edge target="-100" source="149446108"><data key="weight">380</data></edge>
<edge target="149379853" source="149446108"><data key="weight">91</data></edge>
<edge target="149386902" source="149446108"><data key="weight">90</data></edge>
<edge target="107935701" source="26287272"><data key="weight">99</data></edge>
<edge target="149356841" source="26287272"><data key="weight">196</data></edge>
<edge target="149457524" source="26287272"><data key="weight">97</data></edge>
<edge target="-100" source="26287272"><data key="weight">282</data></edge>
<edge target="149434784" source="26287272"><data key="weight">189</data></edge>
<edge target="149344017" source="26287272"><data key="weight">93</data></edge>
<edge target="149389291" source="26287272"><data key="weight">91</data></edge>
<edge target="-100" source="149319839"><data key="weight">664</data></edge>
<edge target="149434784" source="149319839"><data key="weight">197</data></edge>
<edge target="149394658" source="149319839"><data key="weight">98</data></edge>
<edge target="149412886" source="149319839"><data key="weight">193</data></edge>
<edge target="149323707" source="149322384"><data key="weight">197</data></edge>
<edge target="149391240" source="149322384"><data key="weight">197</data></edge>
<edge target="148881582" source="149322384"><data key="weight">98</data></edge>
<edge target="149379097" source="149322384"><data key="weight">194</data></edge>
<edge target="149362046" source="149322384"><data key="weight">195</data></edge>
<edge target="-100" source="149322384"><data key="weight">374</data></edge>
<edge target="149344017" source="149322384"><data key="weight">91</data></edge>
<edge target="149391240" source="149323707"><data key="weight">199</data></edge>
<edge target="148881582" source="149323707"><data key="weight">99</data></edge>
<edge target="-100" source="149323707"><data key="weight">470</data></edge>
<edge target="149379097" source="149323707"><data key="weight">193</data></edge>
<edge target="149344017" source="149323707"><data key="weight">90</data></edge>
<edge target="149394658" source="149333836"><data key="weight">197</data></edge>
<edge target="-100" source="149333836"><data key="weight">853</data></edge>
<edge target="149321282" source="149356841"><data key="weight">100</data></edge>
<edge target="148881582" source="149356841"><data key="weight">99</data></edge>
<edge target="107935701" source="149356841"><data key="weight">97</data></edge>
<edge target="-100" source="149356841"><data key="weight">95</data></edge>
<edge target="149434784" source="149356841"><data key="weight">193</data></edge>
<edge target="149360621" source="149356841"><data key="weight">190</data></edge>
<edge target="149394658" source="149356841"><data key="weight">90</data></edge>
<edge target="-100" source="149360621"><data key="weight">475</data></edge>
<edge target="149434784" source="149360621"><data key="weight">191</data></edge>
<edge target="148881582" source="149360621"><data key="weight">94</data></edge>
<edge target="149394658" source="149360621"><data key="weight">93</data></edge>
<edge target="148881582" source="149362046"><data key="weight">100</data></edge>
<edge target="149391240" source="149362046"><data key="weight">195</data></edge>
<edge target="149323707" source="149362046"><data key="weight">97</data></edge>
<edge target="149379097" source="149362046"><data key="weight">192</data></edge>
<edge target="149344017" source="149362046"><data key="weight">95</data></edge>
<edge target="-100" source="149362046"><data key="weight">365</data></edge>
<edge target="148881582" source="149379097"><data key="weight">100</data></edge>
<edge target="-100" source="149379097"><data key="weight">284</data></edge>
<edge target="149344017" source="149379097"><data key="weight">95</data></edge>
<edge target="149391240" source="149379097"><data key="weight">93</data></edge>
<edge target="149394658" source="149379097"><data key="weight">91</data></edge>
<edge target="148881582" source="149391240"><data key="weight">100</data></edge>
<edge target="-100" source="149391240"><data key="weight">469</data></edge>
<edge target="149344017" source="149391240"><data key="weight">92</data></edge>
<edge target="149394658" source="149394517"><data key="weight">100</data></edge>
<edge target="149333836" source="149394517"><data key="weight">99</data></edge>
<edge target="149344017" source="149394517"><data key="weight">98</data></edge>
<edge target="149412886" source="149394517"><data key="weight">97</data></edge>
<edge target="-100" source="149394517"><data key="weight">281</data></edge>
<edge target="149434784" source="149394517"><data key="weight">95</data></edge>
<edge target="149319839" source="149394517"><data key="weight">93</data></edge>
<edge target="148881248" source="149394517"><data key="weight">92</data></edge>
<edge target="148881248" source="149394658"><data key="weight">100</data></edge>
<edge target="-100" source="149394658"><data key="weight">753</data></edge>
<edge target="149394658" source="149412886"><data key="weight">100</data></edge>
<edge target="149321282" source="149412886"><data key="weight">98</data></edge>
<edge target="-100" source="149412886"><data key="weight">658</data></edge>
<edge target="149394658" source="149434784"><data key="weight">99</data></edge>
<edge target="149321282" source="149434784"><data key="weight">97</data></edge>
<edge target="149344017" source="149434784"><data key="weight">95</data></edge>
<edge target="149389291" source="149434784"><data key="weight">93</data></edge>
<edge target="107935701" source="149434784"><data key="weight">92</data></edge>
<edge target="149412886" source="149434784"><data key="weight">91</data></edge>
<edge target="-100" source="46190246"><data key="weight">562</data></edge>
<edge target="148877248" source="46190246"><data key="weight">199</data></edge>
<edge target="149379373" source="46190246"><data key="weight">193</data></edge>
<edge target="149389291" source="46190246"><data key="weight">91</data></edge>
<edge target="149379373" source="148877248"><data key="weight">193</data></edge>
<edge target="149400562" source="148877248"><data key="weight">196</data></edge>
<edge target="-100" source="148877248"><data key="weight">549</data></edge>
<edge target="149344973" source="149379373"><data key="weight">100</data></edge>
<edge target="149400562" source="149379373"><data key="weight">196</data></edge>
<edge target="-100" source="149379373"><data key="weight">367</data></edge>
<edge target="149389291" source="149379373"><data key="weight">95</data></edge>
<edge target="149490294" source="149379373"><data key="weight">187</data></edge>
<edge target="-100" source="149400562"><data key="weight">467</data></edge>
<edge target="46190246" source="149400562"><data key="weight">94</data></edge>
<edge target="149444966" source="149400562"><data key="weight">90</data></edge>
<edge target="149362580" source="39726563"><data key="weight">100</data></edge>
<edge target="80709540" source="39726563"><data key="weight">99</data></edge>
<edge target="80363225" source="39726563"><data key="weight">197</data></edge>
<edge target="104162502" source="39726563"><data key="weight">97</data></edge>
<edge target="80363242" source="39726563"><data key="weight">96</data></edge>
<edge target="141197797" source="39726563"><data key="weight">95</data></edge>
<edge target="-100" source="39726563"><data key="weight">94</data></edge>
<edge target="149360621" source="39726563"><data key="weight">91</data></edge>
<edge target="148881248" source="39726563"><data key="weight">90</data></edge>
<edge target="149356841" source="39726563"><data key="weight">89</data></edge>
<edge target="104162502" source="80363225"><data key="weight">199</data></edge>
<edge target="141197797" source="80363225"><data key="weight">198</data></edge>
<edge target="80709540" source="80363225"><data key="weight">190</data></edge>
<edge target="80363242" source="80363225"><data key="weight">186</data></edge>
<edge target="-100" source="80363225"><data key="weight">272</data></edge>
<edge target="218300148" source="80363225"><data key="weight">188</data></edge>
<edge target="149362580" source="80363225"><data key="weight">86</data></edge>
<edge target="80709540" source="80363242"><data key="weight">196</data></edge>
<edge target="-100" source="80363242"><data key="weight">278</data></edge>
<edge target="104162502" source="80363242"><data key="weight">195</data></edge>
<edge target="141197797" source="80363242"><data key="weight">189</data></edge>
<edge target="149362580" source="80363242"><data key="weight">92</data></edge>
<edge target="149321282" source="80363242"><data key="weight">90</data></edge>
<edge target="218300148" source="80363242"><data key="weight">189</data></edge>
<edge target="-100" source="80709540"><data key="weight">198</data></edge>
<edge target="104162502" source="80709540"><data key="weight">99</data></edge>
<edge target="149362580" source="80709540"><data key="weight">95</data></edge>
<edge target="141197797" source="80709540"><data key="weight">191</data></edge>
<edge target="149360621" source="80709540"><data key="weight">91</data></edge>
<edge target="148881248" source="80709540"><data key="weight">90</data></edge>
<edge target="149356841" source="80709540"><data key="weight">89</data></edge>
<edge target="-100" source="104162502"><data key="weight">376</data></edge>
<edge target="141197797" source="104162502"><data key="weight">186</data></edge>
<edge target="149362580" source="104162502"><data key="weight">92</data></edge>
<edge target="149321282" source="104162502"><data key="weight">90</data></edge>
<edge target="218300148" source="104162502"><data key="weight">184</data></edge>
<edge target="-100" source="141197797"><data key="weight">279</data></edge>
<edge target="149362580" source="141197797"><data key="weight">91</data></edge>
<edge target="149321282" source="141197797"><data key="weight">90</data></edge>
<edge target="218300148" source="141197797"><data key="weight">184</data></edge>
<edge target="149362580" source="149459317"><data key="weight">100</data></edge>
<edge target="-100" source="149459317"><data key="weight">467</data></edge>
<edge target="104162502" source="149459317"><data key="weight">97</data></edge>
<edge target="149389291" source="149459317"><data key="weight">94</data></edge>
<edge target="26287272" source="149459317"><data key="weight">92</data></edge>
<edge target="141197797" source="149459317"><data key="weight">88</data></edge>
<edge target="-100" source="218300148"><data key="weight">278</data></edge>
<edge target="80709540" source="218300148"><data key="weight">93</data></edge>
<edge target="149321282" source="218300148"><data key="weight">90</data></edge>
<edge target="17592457106216" source="218300148"><data key="weight">89</data></edge>
<edge target="141197797" source="17592457106216"><data key="weight">100</data></edge>
<edge target="-100" source="17592457106216"><data key="weight">190</data></edge>
<edge target="80363225" source="17592457106216"><data key="weight">98</data></edge>
<edge target="80363242" source="17592457106216"><data key="weight">96</data></edge>
<edge target="80709540" source="17592457106216"><data key="weight">95</data></edge>
<edge target="104162502" source="17592457106216"><data key="weight">93</data></edge>
<edge target="149362580" source="17592457106216"><data key="weight">90</data></edge>
<edge target="149356841" source="17592457106216"><data key="weight">89</data></edge>
<edge target="149321282" source="17592457106216"><data key="weight">88</data></edge>
<edge target="104162502" source="17592503417962"><data key="weight">100</data></edge>
<edge target="-100" source="17592503417962"><data key="weight">288</data></edge>
<edge target="80709540" source="17592503417962"><data key="weight">98</data></edge>
<edge target="80363242" source="17592503417962"><data key="weight">96</data></edge>
<edge target="80363225" source="17592503417962"><data key="weight">91</data></edge>
<edge target="141197797" source="17592503417962"><data key="weight">89</data></edge>
<edge target="218300148" source="17592503417962"><data key="weight">87</data></edge>
<edge target="149362580" source="17592503417962"><data key="weight">86</data></edge>
<edge target="-100" source="148886106"><data key="weight">199</data></edge>
<edge target="149359572" source="148886106"><data key="weight">97</data></edge>
<edge target="149314051" source="148886106"><data key="weight">96</data></edge>
<edge target="149389291" source="148886106"><data key="weight">95</data></edge>
<edge target="149490294" source="148886106"><data key="weight">94</data></edge>
<edge target="149444966" source="148886106"><data key="weight">93</data></edge>
<edge target="149367073" source="148886106"><data key="weight">92</data></edge>
<edge target="149346432" source="148886106"><data key="weight">90</data></edge>
<edge target="149365050" source="148886106"><data key="weight">89</data></edge>
<edge target="149359572" source="149314051"><data key="weight">197</data></edge>
<edge target="-100" source="149314051"><data key="weight">291</data></edge>
<edge target="149321282" source="149314051"><data key="weight">95</data></edge>
<edge target="149444966" source="149314051"><data key="weight">92</data></edge>
<edge target="149400562" source="149314051"><data key="weight">90</data></edge>
<edge target="148881582" source="149314051"><data key="weight">89</data></edge>
<edge target="149365050" source="149346432"><data key="weight">197</data></edge>
<edge target="149314051" source="149346432"><data key="weight">99</data></edge>
<edge target="-100" source="149346432"><data key="weight">281</data></edge>
<edge target="149444966" source="149346432"><data key="weight">196</data></edge>
<edge target="149389291" source="149346432"><data key="weight">96</data></edge>
<edge target="149490294" source="149346432"><data key="weight">193</data></edge>
<edge target="149362580" source="149346432"><data key="weight">92</data></edge>
<edge target="149389291" source="149359572"><data key="weight">100</data></edge>
<edge target="-100" source="149359572"><data key="weight">194</data></edge>
<edge target="149365050" source="149359572"><data key="weight">192</data></edge>
<edge target="149444966" source="149359572"><data key="weight">96</data></edge>
<edge target="149490294" source="149359572"><data key="weight">188</data></edge>
<edge target="149321282" source="149359572"><data key="weight">92</data></edge>
<edge target="149367073" source="149359572"><data key="weight">90</data></edge>
<edge target="149444966" source="149365050"><data key="weight">197</data></edge>
<edge target="149367073" source="149365050"><data key="weight">190</data></edge>
<edge target="-100" source="149365050"><data key="weight">363</data></edge>
<edge target="149490294" source="149365050"><data key="weight">190</data></edge>
<edge target="149346432" source="149367073"><data key="weight">100</data></edge>
<edge target="149314051" source="149367073"><data key="weight">99</data></edge>
<edge target="-100" source="149367073"><data key="weight">194</data></edge>
<edge target="148891381" source="149367073"><data key="weight">97</data></edge>
<edge target="149444966" source="149367073"><data key="weight">191</data></edge>
<edge target="149389291" source="149367073"><data key="weight">94</data></edge>
<edge target="17592472039353" source="149367073"><data key="weight">188</data></edge>
<edge target="149490294" source="149367073"><data key="weight">90</data></edge>
<edge target="-100" source="149444966"><data key="weight">286</data></edge>
<edge target="149389291" source="149444966"><data key="weight">97</data></edge>
<edge target="149490294" source="149444966"><data key="weight">192</data></edge>
<edge target="149372812" source="149444966"><data key="weight">88</data></edge>
<edge target="149389291" source="149490294"><data key="weight">100</data></edge>
<edge target="-100" source="149490294"><data key="weight">187</data></edge>
<edge target="149381490" source="149490294"><data key="weight">91</data></edge>
<edge target="149379853" source="149490294"><data key="weight">89</data></edge>
<edge target="149389291" source="17592472039353"><data key="weight">100</data></edge>
<edge target="149444966" source="17592472039353"><data key="weight">99</data></edge>
<edge target="149490294" source="17592472039353"><data key="weight">98</data></edge>
<edge target="149346432" source="17592472039353"><data key="weight">97</data></edge>
<edge target="149365050" source="17592472039353"><data key="weight">96</data></edge>
<edge target="-100" source="17592472039353"><data key="weight">184</data></edge>
<edge target="148886106" source="17592472039353"><data key="weight">92</data></edge>
<edge target="149359572" source="17592472039353"><data key="weight">91</data></edge></graph></graphml>