<?xml version="1.0" encoding="UTF-8"?>
<graphml xmlns="http://graphml.graphdrawing.org/xmlns"
         xmlns:xsi="http://www.w3.org/2001/XMLSchema-instance"
         xsi:schemaLocation="http://graphml.graphdrawing.org/xmlns
         http://graphml.graphdrawing.org/xmlns/1.0/graphml.xsd">
<!-- Created by igraph -->
  <key id="g_name" for="graph" attr.name="name" attr.type="string"/>
  <key id="g_loops" for="graph" attr.name="loops" attr.type="boolean"/>
  <graph id="G" edgedefault="undirected">
    <data key="g_name">Full graph</data>
    <data key="g_loops">false</data>
    <node id="n0">
    </node>
    <node id="n1">
    </node>
    <node id="n2">
    </node>
    <node id="n3">
    </node>
    <node id="n4">
    </node>
    <node id="n5">
    </node>
    <node id="n6">
    </node>
    <node id="n7">
    </node>
    <node id="n8">
    </node>
    <node id="n9">
    </node>
    <node id="n10">
    </node>
    <node id="n11">
    </node>
    <edge source="n0" target="n1">
    </edge>
    <edge source="n0" target="n2">
    </edge>
    <edge source="n0" target="n3">
    </edge>
    <edge source="n0" target="n4">
    </edge>
    <edge source="n0" target="n5">
    </edge>
    <edge source="n0" target="n6">
    </edge>
    <edge source="n0" target="n7">
    </edge>
    <edge source="n0" target="n8">
    </edge>
    <edge source="n0" target="n9">
    </edge>
    <edge source="n0" target="n10">
    </edge>
    <edge source="n0" target="n11">
    </edge>
    <edge source="n1" target="n2">
    </edge>
    <edge source="n1" target="n3">
    </edge>
    <edge source="n1" target="n4">
    </edge>
    <edge source="n1" target="n5">
    </edge>
    <edge source="n1" target="n6">
    </edge>
    <edge source="n1" target="n7">
    </edge>
    <edge source="n1" target="n8">
    </edge>
    <edge source="n1" target="n9">
    </edge>
    <edge source="n1" target="n10">
    </edge>
    <edge source="n1" target="n11">
    </edge>
    <edge source="n2" target="n3">
    </edge>
    <edge source="n2" target="n4">
    </edge>
    <edge source="n2" target="n5">
    </edge>
    <edge source="n2" target="n6">
    </edge>
    <edge source="n2" target="n7">
    </edge>
    <edge source="n2" target="n8">
    </edge>
    <edge source="n2" target="n9">
    </edge>
    <edge source="n2" target="n10">
    </edge>
    <edge source="n2" target="n11">
    </edge>
    <edge source="n3" target="n4">
    </edge>
    <edge source="n3" target="n5">
    </edge>
    <edge source="n3" target="n6">
    </edge>
    <edge source="n3" target="n7">
    </edge>
    <edge source="n3" target="n8">
    </edge>
    <edge source="n3" target="n9">
    </edge>
    <edge source="n3" target="n10">
    </edge>
    <edge source="n3" target="n11">
    </edge>
    <edge source="n4" target="n5">
    </edge>
    <edge source="n4" target="n6">
    </edge>
    <edge source="n4" target="n7">
    </edge>
    <edge source="n4" target="n8">
    </edge>
    <edge source="n4" target="n9">
    </edge>
    <edge source="n4" target="n10">
    </edge>
    <edge source="n4" target="n11">
    </edge>
    <edge source="n5" target="n6">
    </edge>
    <edge source="n5" target="n7">
    </edge>
    <edge source="n5" target="n8">
    </edge>
    <edge source="n5" target="n9">
    </edge>
    <edge source="n5" target="n10">
    </edge>
    <edge source="n5" target="n11">
    </edge>
    <edge source="n6" target="n7">
    </edge>
    <edge source="n6" target="n8">
    </edge>
    <edge source="n6" target="n9">
    </edge>
    <edge source="n6" target="n10">
    </edge>
    <edge source="n6" target="n11">
    </edge>
    <edge source="n7" target="n8">
    </edge>
    <edge source="n7" target="n9">
    </edge>
    <edge source="n7" target="n10">
    </edge>
    <edge source="n7" target="n11">
    </edge>
    <edge source="n8" target="n9">
    </edge>
    <edge source="n8" target="n10">
    </edge>
    <edge source="n8" target="n11">
    </edge>
    <edge source="n9" target="n10">
    </edge>
    <edge source="n9" target="n11">
    </edge>
    <edge source="n10" target="n11">
    </edge>
  </graph>
</graphml>
