<?xml version="1.0" encoding="UTF-8"?>
<graphml xmlns="http://graphml.graphdrawing.org/xmlns"
         xmlns:xsi="http://www.w3.org/2001/XMLSchema-instance"
         xsi:schemaLocation="http://graphml.graphdrawing.org/xmlns
         http://graphml.graphdrawing.org/xmlns/1.0/graphml.xsd">
<!-- Created by igraph -->
  <graph id="G" edgedefault="undirected">
    <node id="n0">
    </node>
    <node id="n1">
    </node>
    <node id="n2">
    </node>
    <node id="n3">
    </node>
    <node id="n4">
    </node>
    <node id="n5">
    </node>
    <node id="n6">
    </node>
    <node id="n7">
    </node>
    <node id="n8">
    </node>
    <node id="n9">
    </node>
    <node id="n10">
    </node>
    <node id="n11">
    </node>
  </graph>
</graphml>
