<?xml version="1.0" encoding="UTF-8"?>
<graphml xmlns="http://graphml.graphdrawing.org/xmlns"
         xmlns:xsi="http://www.w3.org/2001/XMLSchema-instance"
         xsi:schemaLocation="http://graphml.graphdrawing.org/xmlns
         http://graphml.graphdrawing.org/xmlns/1.0/graphml.xsd">
<!-- Created by igraph -->
  <key id="g_name" for="graph" attr.name="name" attr.type="string"/>
  <key id="g_mode" for="graph" attr.name="mode" attr.type="string"/>
  <key id="g_center" for="graph" attr.name="center" attr.type="double"/>
  <graph id="G" edgedefault="undirected">
    <data key="g_name">In-star</data>
    <data key="g_mode">in</data>
    <data key="g_center">1</data>
    <node id="n0">
    </node>
    <node id="n1">
    </node>
    <node id="n2">
    </node>
    <node id="n3">
    </node>
    <node id="n4">
    </node>
    <node id="n5">
    </node>
    <node id="n6">
    </node>
    <node id="n7">
    </node>
    <node id="n8">
    </node>
    <node id="n9">
    </node>
    <node id="n10">
    </node>
    <node id="n11">
    </node>
    <edge source="n0" target="n1">
    </edge>
    <edge source="n0" target="n2">
    </edge>
    <edge source="n0" target="n3">
    </edge>
    <edge source="n0" target="n4">
    </edge>
    <edge source="n0" target="n5">
    </edge>
    <edge source="n0" target="n6">
    </edge>
    <edge source="n0" target="n7">
    </edge>
    <edge source="n0" target="n8">
    </edge>
    <edge source="n0" target="n9">
    </edge>
    <edge source="n0" target="n10">
    </edge>
    <edge source="n0" target="n11">
    </edge>
  </graph>
</graphml>
