<?xml version="1.0" encoding="UTF-8"?>
<graphml xmlns="http://graphml.graphdrawing.org/xmlns"
         xmlns:xsi="http://www.w3.org/2001/XMLSchema-instance"
         xsi:schemaLocation="http://graphml.graphdrawing.org/xmlns
         http://graphml.graphdrawing.org/xmlns/1.0/graphml.xsd">
<!-- Created by igraph -->
  <key id="v_Title" for="node" attr.name="Title" attr.type="string"/>
  <key id="v_hrank" for="node" attr.name="hrank" attr.type="double"/>
  <key id="v_numDirects" for="node" attr.name="numDirects" attr.type="double"/>
  <key id="v_numCollegues" for="node" attr.name="numCollegues" attr.type="double"/>
  <key id="v_RecentlyModifiedCount" for="node" attr.name="RecentlyModifiedCount" attr.type="double"/>
  <key id="v_ModifiedTitles" for="node" attr.name="ModifiedTitles" attr.type="string"/>
  <key id="v_TrendingTitles" for="node" attr.name="TrendingTitles" attr.type="string"/>
  <key id="v_id" for="node" attr.name="id" attr.type="string"/>
  <key id="e_weight" for="edge" attr.name="weight" attr.type="double"/>
  <graph id="G" edgedefault="undirected">
    <node id="n0">
      <data key="v_Title">Ariel Katz</data>
      <data key="v_hrank">0</data>
      <data key="v_numDirects">4</data>
      <data key="v_numCollegues">0</data>
      <data key="v_RecentlyModifiedCount">2</data>
      <data key="v_ModifiedTitles">Mobile BITalent 2020 - checkpoint</data>
      <data key="v_TrendingTitles">HackathonDaily Live SiteOneNote_DeletedPagesVendor OpsGet Engaged 2MAR2016.pptxAviPiPower BI DesktopQR initial.pptxPowerApps and XRM ComparePower BI PaaS - Spring 2016 Plan Review (Feb 24 2016).pptx</data>
      <data key="v_id">149342363</data>
    </node>
    <node id="n1">
      <data key="v_Title">Ilan Herbst</data>
      <data key="v_hrank">1</data>
      <data key="v_numDirects">6</data>
      <data key="v_numCollegues">4</data>
      <data key="v_RecentlyModifiedCount">10</data>
      <data key="v_ModifiedTitles">AnalayzeInXLExecutionTransitionRaw Data AccessTelemetryServicingLocalizationPower Pivot Ownership TransitionPMDev</data>
      <data key="v_TrendingTitles">OneNote_DeletedPagesDaily Live SiteGetting StartedVendor OpsHackathonSQL BI All-handsImport APIMER - DVXProcess Simple MobileCompatibility for Data Models</data>
      <data key="v_id">148878384</data>
    </node>
    <node id="n2">
      <data key="v_Title">Oded Bar Levy</data>
      <data key="v_hrank">1</data>
      <data key="v_numDirects">0</data>
      <data key="v_numCollegues">4</data>
      <data key="v_RecentlyModifiedCount">0</data>
      <data key="v_ModifiedTitles">unknown</data>
      <data key="v_TrendingTitles">OneNote_DeletedPagesHackathonDaily Live SiteProcess Simple MobilePower BI Excel Add-inMyTasksImport APIAzure Stack Cookbook V2 SkeletonAI SD for AzureMicrosoft Azure Stack Shiproom 03-02-2016.pptx</data>
      <data key="v_id">148891924</data>
    </node>
    <node id="n3">
      <data key="v_Title">Oren Winter</data>
      <data key="v_hrank">1</data>
      <data key="v_numDirects">7</data>
      <data key="v_numCollegues">4</data>
      <data key="v_RecentlyModifiedCount">3</data>
      <data key="v_ModifiedTitles">Power BI DesktopMobile BIProduct review JAN 2016.pptx</data>
      <data key="v_TrendingTitles">16.2.1 + 16.2.2 - Release meta data.pptxGet Engaged 2MAR2016.pptxMobile deep link documentationPower BI Desktopspring semester plans.pptxBusiness DayMobile BIProduct deliverables Spring semster 25FEB2016.pptx16.1.2 - Release meta data.pptxGet Engaged 24FEB2016.pptx</data>
      <data key="v_id">149396250</data>
    </node>
    <node id="n4">
      <data key="v_Title">Eyal Carmel</data>
      <data key="v_hrank">1</data>
      <data key="v_numDirects">7</data>
      <data key="v_numCollegues">4</data>
      <data key="v_RecentlyModifiedCount">3</data>
      <data key="v_ModifiedTitles">Event CalendarDashboards and ReportsPower BI Desktop</data>
      <data key="v_TrendingTitles">HackathonOneNote_DeletedPagesDaily Live SiteVendor OpsDashboards and ReportsSocial Network AnalysisRDX Team Update - FebPower BI DesktopPower BI Governance and Deployment Whitepaper2016 Data Insights Summit - Power BI Desktop Mashups &amp; Data Modeling Deep Dive</data>
      <data key="v_id">149474413</data>
    </node>
    <node id="n5">
      <data key="v_Title">Alexey Yarovinsky</data>
      <data key="v_hrank">2</data>
      <data key="v_numDirects">0</data>
      <data key="v_numCollegues">6</data>
      <data key="v_RecentlyModifiedCount">9</data>
      <data key="v_ModifiedTitles">FI from BI_Azure_DevExecutionDevPMChartingData ModelOneNote_DeletedPagesscenariosArchitecture and Design</data>
      <data key="v_TrendingTitles">Daily Live SiteVendor OpsOneNote_DeletedPagesAMLGetting StartedMicrosoft Power BI “Embedded”LunchListDVX All-Hands April 2015&lt;Presentation title goes here&gt;Compatibility for Data Models</data>
      <data key="v_id">2286675</data>
    </node>
    <node id="n6">
      <data key="v_Title">Dikla Ben Yehuda</data>
      <data key="v_hrank">2</data>
      <data key="v_numDirects">0</data>
      <data key="v_numCollegues">6</data>
      <data key="v_RecentlyModifiedCount">8</data>
      <data key="v_ModifiedTitles">DevTestPMOneNote_DeletedPagesInfrastractureVendor OpsGetting StartedDaily Live Site</data>
      <data key="v_TrendingTitles">Daily Live SiteVendor OpsOneNote_DeletedPagesGetting StartedHackathon&lt;Presentation title goes here&gt;Process Simple MobileLunchListPowerApps and XRM CompareMER - DVX</data>
      <data key="v_id">149312066</data>
    </node>
    <node id="n7">
      <data key="v_Title">Gregory Borodin</data>
      <data key="v_hrank">2</data>
      <data key="v_numDirects">0</data>
      <data key="v_numCollegues">6</data>
      <data key="v_RecentlyModifiedCount">10</data>
      <data key="v_ModifiedTitles">TestDevPMFI from BI_Azure_DevRaw Data AccessWindows Fabric EmulatorGetting StartedServicingOneNote_DeletedPagesBackend Development</data>
      <data key="v_TrendingTitles">Daily Live SiteVendor OpsOneNote_DeletedPagesHackathonTSGsMicrosoft Power BI “Embedded”&lt;Presentation title goes here&gt;2016 Data Insights Summit - Power BI Desktop Mashups &amp; Data Modeling Deep DiveSocial Network AnalysisProcess Simple Mobile</data>
      <data key="v_id">149443165</data>
    </node>
    <node id="n8">
      <data key="v_Title">Tal Rostoker</data>
      <data key="v_hrank">2</data>
      <data key="v_numDirects">0</data>
      <data key="v_numCollegues">6</data>
      <data key="v_RecentlyModifiedCount">9</data>
      <data key="v_ModifiedTitles">Raw Data AccessDevAnalayzeInXLTestWindows Fabric EmulatorGetting StartedOneNote_DeletedPagesStart HerePM</data>
      <data key="v_TrendingTitles">OneNote_DeletedPagesAMLGetting StartedDaily Live SitePower BI add-inImport APISQL BI All-hands16.2.1 + 16.2.2 - Release meta data.pptxSocial Network AnalysisProcess Simple Mobile</data>
      <data key="v_id">226045385</data>
    </node>
    <node id="n9">
      <data key="v_Title">Sabri Amar (Qualitest)</data>
      <data key="v_hrank">2</data>
      <data key="v_numDirects">0</data>
      <data key="v_numCollegues">6</data>
      <data key="v_RecentlyModifiedCount">10</data>
      <data key="v_ModifiedTitles">TestScenariosDevPMPower BI add-inRaw Data AccessExecutionOneNote_DeletedPagesNew Section 1FI from BI_Azure_Dev</data>
      <data key="v_TrendingTitles">OneNote_DeletedPagesHackathonDaily Live SiteAMLGetting StartedImport APISocial Network AnalysisProcess Simple MobilePower BI Excel Add-inCompatibility for Data Models</data>
      <data key="v_id">266146900</data>
    </node>
    <node id="n10">
      <data key="v_Title">Sofia Gendelman</data>
      <data key="v_hrank">2</data>
      <data key="v_numDirects">0</data>
      <data key="v_numCollegues">6</data>
      <data key="v_RecentlyModifiedCount">2</data>
      <data key="v_ModifiedTitles">DevTelemetry</data>
      <data key="v_TrendingTitles">OneNote_DeletedPagesGetting StartedAMLDaily Live SiteHackathonImport APIPower BI Apple Watch how to and FAQProcess Simple MobilePower BI Excel Add-inLunchList</data>
      <data key="v_id">355227251</data>
    </node>
    <node id="n11">
      <data key="v_Title">Yoav Yassour</data>
      <data key="v_hrank">2</data>
      <data key="v_numDirects">4</data>
      <data key="v_numCollegues">7</data>
      <data key="v_RecentlyModifiedCount">10</data>
      <data key="v_ModifiedTitles">Core TeamBusiness DayPower BI Mobile Januar update - SVWDBusiness DayPlaningBusiness DayExec Review – new formatEngineeringMarriott Mobile Security RequirementsR1Business Day</data>
      <data key="v_TrendingTitles">Vendor OpsDaily Live SiteGet Engaged 2MAR2016.pptx16.2.1 + 16.2.2 - Release meta data.pptxTSGsHackathonBusiness DayProcess Simple Mobilespring semester plans.pptxMobile deep link documentation</data>
      <data key="v_id">148893199</data>
    </node>
    <node id="n12">
      <data key="v_Title">Hila Yehuda</data>
      <data key="v_hrank">2</data>
      <data key="v_numDirects">7</data>
      <data key="v_numCollegues">7</data>
      <data key="v_RecentlyModifiedCount">7</data>
      <data key="v_ModifiedTitles">Exec Review – new formatHackathon December 2015PlaningNotificationsWindowsOneNote_DeletedPagesGetting Started</data>
      <data key="v_TrendingTitles">Daily Live SiteVendor OpsGet Engaged 2MAR2016.pptx16.2.1 + 16.2.2 - Release meta data.pptxKusto One PagerAMLMobile deep link documentationBusiness Dayspring semester plans.pptxMobile BI</data>
      <data key="v_id">149305457</data>
    </node>
    <node id="n13">
      <data key="v_Title">Gennady Pats</data>
      <data key="v_hrank">2</data>
      <data key="v_numDirects">0</data>
      <data key="v_numCollegues">7</data>
      <data key="v_RecentlyModifiedCount">10</data>
      <data key="v_ModifiedTitles">Feb 2016, FFPower BI add-inex2XLSX_Original_TwoTables_1TSGsDaily Live SiteLiveSiteEngineeringStores SubmissionMeetingsFundamentals - Certification</data>
      <data key="v_TrendingTitles">Daily Live SiteVendor OpsTSGsAMLHackathonGet Engaged 2MAR2016.pptxBusiness DayMobile BIPower BI DesktopMicrosoft Power BI “Embedded”</data>
      <data key="v_id">149312644</data>
    </node>
    <node id="n14">
      <data key="v_Title">Ron Gilad</data>
      <data key="v_hrank">2</data>
      <data key="v_numDirects">8</data>
      <data key="v_numCollegues">7</data>
      <data key="v_RecentlyModifiedCount">10</data>
      <data key="v_ModifiedTitles">PALS and TelemetryPlaningProcessPowerBI SMEsIncident ManagementBusiness DayBusiness DayTwo Weeks sprintBusiness DayRedmond Dec 2015</data>
      <data key="v_TrendingTitles">Vendor OpsDaily Live SiteTSGsKusto One PagerIncident ManagementGet Engaged 2MAR2016.pptxMobile deep link documentation16.2.1 + 16.2.2 - Release meta data.pptxBusiness Dayspring semester plans.pptx</data>
      <data key="v_id">149343873</data>
    </node>
    <node id="n15">
      <data key="v_Title">Shahar Prish</data>
      <data key="v_hrank">2</data>
      <data key="v_numDirects">0</data>
      <data key="v_numCollegues">7</data>
      <data key="v_RecentlyModifiedCount">2</data>
      <data key="v_ModifiedTitles">WindowsEngineering</data>
      <data key="v_TrendingTitles">General InformationWindowsVendor Ops16.2.1 + 16.2.2 - Release meta data.pptxEngineeringDaily Live SiteGet Engaged 2MAR2016.pptxMobile deep link documentationGet Engaged 24FEB2016.pptxspring semester plans.pptx</data>
      <data key="v_id">149371614</data>
    </node>
    <node id="n16">
      <data key="v_Title">Yitzhak Kesselman</data>
      <data key="v_hrank">2</data>
      <data key="v_numDirects">8</data>
      <data key="v_numCollegues">7</data>
      <data key="v_RecentlyModifiedCount">10</data>
      <data key="v_ModifiedTitles">PBI Apps for SQL16Hackathon December 2015SWVDPBI for Surface hubRedmond Dec 2015ProcessMobile ReportsOneNote_DeletedPagesEngineeringGeneral Information</data>
      <data key="v_TrendingTitles">General InformationWindowsEngineeringDaily Live SiteVendor OpsGet Engaged 2MAR2016.pptx16.2.1 + 16.2.2 - Release meta data.pptxMobile deep link documentationVisual Awesomeness Unlocked - KPIspring semester plans.pptx</data>
      <data key="v_id">149471825</data>
    </node>
    <node id="n17">
      <data key="v_Title">Guy Shalev</data>
      <data key="v_hrank">2</data>
      <data key="v_numDirects">6</data>
      <data key="v_numCollegues">7</data>
      <data key="v_RecentlyModifiedCount">7</data>
      <data key="v_ModifiedTitles">Product review JAN 2016.pptxPBI Touch.pptxSpring semester 2016 staffing and effort estimationsMobile BIPower BI mobile plan for CDnA.pptxSpring Semester 2016 plan JAN 2016.pptxPower BI touch SPEC.pptx</data>
      <data key="v_TrendingTitles">Get Engaged 2MAR2016.pptx16.2.1 + 16.2.2 - Release meta data.pptxGeneral InformationMobile deep link documentationspring semester plans.pptxBusiness DayMobile BIProduct deliverables Spring semster 25FEB2016.pptxGet Engaged 24FEB2016.pptx16.1.2 - Release meta data.pptx</data>
      <data key="v_id">203120894</data>
    </node>
    <node id="n18">
      <data key="v_Title">Dor Goldbaum</data>
      <data key="v_hrank">3</data>
      <data key="v_numDirects">0</data>
      <data key="v_numCollegues">4</data>
      <data key="v_RecentlyModifiedCount">3</data>
      <data key="v_ModifiedTitles">Core TeamPBI PortalEngineering</data>
      <data key="v_TrendingTitles">Daily Live SiteVendor OpsHackathonTSGsProcess Simple MobileMobile deep link documentationSocial Network AnalysisBusiness Day16.2.1 + 16.2.2 - Release meta data.pptxInspireX</data>
      <data key="v_id">148858247</data>
    </node>
    <node id="n19">
      <data key="v_Title">Boaz Chen</data>
      <data key="v_hrank">3</data>
      <data key="v_numDirects">0</data>
      <data key="v_numCollegues">4</data>
      <data key="v_RecentlyModifiedCount">10</data>
      <data key="v_ModifiedTitles">Customer IssuesProcess Simple MobileTips n&apos; TricksCore TeamFrontend DevelopmentPBI PortalOneNote_DeletedPagesDaily Live SiteGetting StartedTelemetry and reports</data>
      <data key="v_TrendingTitles">Daily Live SiteVendor OpsTSGsHackathonIncident Management&lt;Presentation title goes here&gt;Microsoft Power BI “Embedded”Get Engaged 2MAR2016.pptxMobile reports meeting 2MAR2016.pptxProduct deliverables Spring semster 25FEB2016.pptx</data>
      <data key="v_id">149323889</data>
    </node>
    <node id="n20">
      <data key="v_Title">Adi Regev</data>
      <data key="v_hrank">3</data>
      <data key="v_numDirects">0</data>
      <data key="v_numCollegues">4</data>
      <data key="v_RecentlyModifiedCount">8</data>
      <data key="v_ModifiedTitles">WindowsPlaningBusiness DayBusiness DayGet Engaged 10FEB2016.pptxOneNote_DeletedPagesExec Review – new formatProduct review FEB 2016.pptx</data>
      <data key="v_TrendingTitles">General InformationWindows16.2.1 + 16.2.2 - Release meta data.pptxDaily Live SiteVendor OpsGet Engaged 2MAR2016.pptxEngineeringMobile deep link documentationProcess Simple MobileBusiness Day</data>
      <data key="v_id">149355385</data>
    </node>
    <node id="n21">
      <data key="v_Title">Gal Vanunu</data>
      <data key="v_hrank">3</data>
      <data key="v_numDirects">0</data>
      <data key="v_numCollegues">4</data>
      <data key="v_RecentlyModifiedCount">4</data>
      <data key="v_ModifiedTitles">Core TeamHackathon December 2015WindowsWindows 10</data>
      <data key="v_TrendingTitles">General InformationHackathonDaily Live SiteWindowsVendor OpsGet Engaged 2MAR2016.pptx16.2.1 + 16.2.2 - Release meta data.pptxMobile deep link documentationProcess Simple MobileBusiness Day</data>
      <data key="v_id">340214355</data>
    </node>
    <node id="n22">
      <data key="v_Title">Artem Atriaskin</data>
      <data key="v_hrank">3</data>
      <data key="v_numDirects">0</data>
      <data key="v_numCollegues">7</data>
      <data key="v_RecentlyModifiedCount">1</data>
      <data key="v_ModifiedTitles">Engineering</data>
      <data key="v_TrendingTitles">General InformationWindowsEngineeringVendor OpsGet Engaged 2MAR2016.pptxDaily Live Site16.2.1 + 16.2.2 - Release meta data.pptxGet Engaged 24FEB2016.pptxBusiness DayQR initial.pptx</data>
      <data key="v_id">20942962</data>
    </node>
    <node id="n23">
      <data key="v_Title">Gil Cooperman</data>
      <data key="v_hrank">3</data>
      <data key="v_numDirects">0</data>
      <data key="v_numCollegues">7</data>
      <data key="v_RecentlyModifiedCount">4</data>
      <data key="v_ModifiedTitles">WindowsVendor OpsDaily Live SiteOneNote_DeletedPages</data>
      <data key="v_TrendingTitles">Vendor OpsDaily Live SiteTSGsGeneral InformationKusto One PagerMobile deep link documentation16.2.1 + 16.2.2 - Release meta data.pptxGet Engaged 2MAR2016.pptxMicrosoft Power BI “Embedded”spring semester plans.pptx</data>
      <data key="v_id">149328095</data>
    </node>
    <node id="n24">
      <data key="v_Title">Erez Goldshide</data>
      <data key="v_hrank">3</data>
      <data key="v_numDirects">0</data>
      <data key="v_numCollegues">7</data>
      <data key="v_RecentlyModifiedCount">2</data>
      <data key="v_ModifiedTitles">Fundamentals - CertificationEngineering</data>
      <data key="v_TrendingTitles">General InformationEngineeringGet Engaged 2MAR2016.pptxDaily Live SiteWindowsVendor Ops16.2.1 + 16.2.2 - Release meta data.pptxBusiness DayMobile deep link documentationGet Engaged 24FEB2016.pptx</data>
      <data key="v_id">149437492</data>
    </node>
    <node id="n25">
      <data key="v_Title">Khalid Awwad</data>
      <data key="v_hrank">3</data>
      <data key="v_numDirects">0</data>
      <data key="v_numCollegues">7</data>
      <data key="v_RecentlyModifiedCount">1</data>
      <data key="v_ModifiedTitles">Test</data>
      <data key="v_TrendingTitles">EngineeringGeneral InformationLEGO Test Meeting with Thai TeamGet Engaged 2MAR2016.pptxProject ManagementPillar_product_ownershipDPGBusiness DayMobile deep link documentation16.2.1 + 16.2.2 - Release meta data.pptx</data>
      <data key="v_id">315872352</data>
    </node>
    <node id="n26">
      <data key="v_Title">Alexandr Gavrishev</data>
      <data key="v_hrank">3</data>
      <data key="v_numDirects">0</data>
      <data key="v_numCollegues">7</data>
      <data key="v_RecentlyModifiedCount">2</data>
      <data key="v_ModifiedTitles">Location UpdatesEngineering</data>
      <data key="v_TrendingTitles">General InformationDaily Live SiteVendor OpsEngineeringMobile deep link documentationQR initial.pptxGet Engaged 2MAR2016.pptx16.2.1 + 16.2.2 - Release meta data.pptxProcess Simple MobileBusiness Day</data>
      <data key="v_id">340284315</data>
    </node>
    <node id="n27">
      <data key="v_Title">Asaf Isser</data>
      <data key="v_hrank">3</data>
      <data key="v_numDirects">0</data>
      <data key="v_numCollegues">7</data>
      <data key="v_RecentlyModifiedCount">3</data>
      <data key="v_ModifiedTitles">EngineeringEngineeringPBI Portal</data>
      <data key="v_TrendingTitles">Daily Live SiteVendor OpsPBI PortalEngineeringWindowsGet Engaged 2MAR2016.pptxProcess Simple MobileBusiness Day16.2.1 + 16.2.2 - Release meta data.pptxGet Engaged 24FEB2016.pptx</data>
      <data key="v_id">17592431467863</data>
    </node>
    <node id="n28">
      <data key="v_Title">Adam Shitrit</data>
      <data key="v_hrank">3</data>
      <data key="v_numDirects">0</data>
      <data key="v_numCollegues">7</data>
      <data key="v_RecentlyModifiedCount">0</data>
      <data key="v_ModifiedTitles">unknown</data>
      <data key="v_TrendingTitles">General InformationEngineeringLearningPBI for Surface hubVendor OpsBusiness DayGet Engaged 2MAR2016.pptxGeo filtering SPEC.pptxMobile BIPower BI</data>
      <data key="v_id">17592529801373</data>
    </node>
    <node id="n29">
      <data key="v_Title">Haim Sabo</data>
      <data key="v_hrank">3</data>
      <data key="v_numDirects">0</data>
      <data key="v_numCollegues">8</data>
      <data key="v_RecentlyModifiedCount">0</data>
      <data key="v_ModifiedTitles">unknown</data>
      <data key="v_TrendingTitles">General InformationWindowsDaily Live SiteEngineeringVendor Ops16.2.1 + 16.2.2 - Release meta data.pptxBusiness DaySQL BI Weekly Live Site ReviewGet Engaged 2MAR2016.pptxMobile deep link documentation</data>
      <data key="v_id">24786230</data>
    </node>
    <node id="n30">
      <data key="v_Title">Sruly Taber</data>
      <data key="v_hrank">3</data>
      <data key="v_numDirects">0</data>
      <data key="v_numCollegues">8</data>
      <data key="v_RecentlyModifiedCount">6</data>
      <data key="v_ModifiedTitles">WindowsHackathon December 2015PBI PortalWindows 10Slow Site InvestigationsEngineering</data>
      <data key="v_TrendingTitles">General InformationWindowsVendor OpsEngineering16.2.1 + 16.2.2 - Release meta data.pptxDaily Live SiteGet Engaged 2MAR2016.pptxMobile deep link documentationBusiness DayGet Engaged 24FEB2016.pptx</data>
      <data key="v_id">31093401</data>
    </node>
    <node id="n31">
      <data key="v_Title">Ali Mostafa</data>
      <data key="v_hrank">3</data>
      <data key="v_numDirects">0</data>
      <data key="v_numCollegues">8</data>
      <data key="v_RecentlyModifiedCount">1</data>
      <data key="v_ModifiedTitles">Windows</data>
      <data key="v_TrendingTitles">General InformationWindowsVendor OpsDaily Live SiteEngineering16.2.1 + 16.2.2 - Release meta data.pptxGet Engaged 2MAR2016.pptxBusiness DayGet Engaged 24FEB2016.pptxMobile deep link documentation</data>
      <data key="v_id">95844937</data>
    </node>
    <node id="n32">
      <data key="v_Title">Inbar Ron</data>
      <data key="v_hrank">3</data>
      <data key="v_numDirects">0</data>
      <data key="v_numCollegues">8</data>
      <data key="v_RecentlyModifiedCount">2</data>
      <data key="v_ModifiedTitles">PALS and TelemetryFundamentals - Certification</data>
      <data key="v_TrendingTitles">General InformationWindowsVendor OpsEngineeringGet Engaged 2MAR2016.pptxEngineeringMobile deep link documentation16.2.1 + 16.2.2 - Release meta data.pptxBusiness DayGet Engaged 24FEB2016.pptx</data>
      <data key="v_id">148888952</data>
    </node>
    <node id="n33">
      <data key="v_Title">Yonatan Appel</data>
      <data key="v_hrank">3</data>
      <data key="v_numDirects">0</data>
      <data key="v_numCollegues">8</data>
      <data key="v_RecentlyModifiedCount">5</data>
      <data key="v_ModifiedTitles">WindowsWindows 10Hackathon December 2015Fundamentals - CertificationDaily Live Site</data>
      <data key="v_TrendingTitles">Vendor OpsDaily Live SiteKusto One PagerGeneral InformationTSGs16.2.1 + 16.2.2 - Release meta data.pptxMobile deep link documentationBusiness DayGet Engaged 2MAR2016.pptxspring semester plans.pptx</data>
      <data key="v_id">149317946</data>
    </node>
    <node id="n34">
      <data key="v_Title">Yariv Maimon</data>
      <data key="v_hrank">3</data>
      <data key="v_numDirects">0</data>
      <data key="v_numCollegues">8</data>
      <data key="v_RecentlyModifiedCount">9</data>
      <data key="v_ModifiedTitles">PALS and TelemetryES AdminEngineeringTestEngineeringLearningBusiness DayWindows 10Vendor Ops</data>
      <data key="v_TrendingTitles">Vendor OpsDaily Live SiteEngineeringGet Engaged 2MAR2016.pptxTSGsEngineeringBusiness DayMobile deep link documentation16.2.1 + 16.2.2 - Release meta data.pptxEDP: CXE Work</data>
      <data key="v_id">149318138</data>
    </node>
    <node id="n35">
      <data key="v_Title">Yaniv Kravitz</data>
      <data key="v_hrank">3</data>
      <data key="v_numDirects">0</data>
      <data key="v_numCollegues">8</data>
      <data key="v_RecentlyModifiedCount">10</data>
      <data key="v_ModifiedTitles">Weekly Execution ReviewPlaningProcessHackathon December 2015Spring 2016 - Functional specOneNote_DeletedPagesILDC DriversMPBI Scenario V1General InformationSprint  resource allocation-TFS Connect</data>
      <data key="v_TrendingTitles">Vendor OpsDaily Live SiteTSGsKusto One PagerDashboards and Reports16.2.1 + 16.2.2 - Release meta data.pptxGet Engaged 2MAR2016.pptxMobile deep link documentationspring semester plans.pptxGet Engaged 24FEB2016.pptx</data>
      <data key="v_id">149395605</data>
    </node>
    <node id="n36">
      <data key="v_Title">Yehonatan Ginzberg</data>
      <data key="v_hrank">3</data>
      <data key="v_numDirects">0</data>
      <data key="v_numCollegues">8</data>
      <data key="v_RecentlyModifiedCount">5</data>
      <data key="v_ModifiedTitles">PBI PortalStores SubmissionWindows 10EngineeringEngineering</data>
      <data key="v_TrendingTitles">Vendor OpsDaily Live SiteTSGsGeneral InformationKusto One PagerGet Engaged 2MAR2016.pptx16.2.1 + 16.2.2 - Release meta data.pptxBusiness Dayspring semester plans.pptxGet Engaged 24FEB2016.pptx</data>
      <data key="v_id">149469572</data>
    </node>
    <node id="n37">
      <data key="v_Title">Shay Peled</data>
      <data key="v_hrank">3</data>
      <data key="v_numDirects">0</data>
      <data key="v_numCollegues">8</data>
      <data key="v_RecentlyModifiedCount">2</data>
      <data key="v_ModifiedTitles">General InformationEngineering</data>
      <data key="v_TrendingTitles">General InformationDaily Live SiteEngineeringWindowsGet Engaged 24FEB2016.pptx16.2.1 + 16.2.2 - Release meta data.pptxGet Engaged 2MAR2016.pptxBusiness DayQR initial.pptxProcess Simple Mobile</data>
      <data key="v_id">107195219</data>
    </node>
    <node id="n38">
      <data key="v_Title">Ronit Ravitz Fried</data>
      <data key="v_hrank">3</data>
      <data key="v_numDirects">0</data>
      <data key="v_numCollegues">8</data>
      <data key="v_RecentlyModifiedCount">1</data>
      <data key="v_ModifiedTitles">General Information</data>
      <data key="v_TrendingTitles">General InformationPBI for Surface hubPlanningLearningEngineeringMobile deep link documentationBusiness Day16.2.1 + 16.2.2 - Release meta data.pptxMobile ReportsAlerts and Notifications in Power BI.pptx</data>
      <data key="v_id">120999129</data>
    </node>
    <node id="n39">
      <data key="v_Title">Ayesh Qumhieh (ASAL Technologies Ltd)</data>
      <data key="v_hrank">3</data>
      <data key="v_numDirects">0</data>
      <data key="v_numCollegues">8</data>
      <data key="v_RecentlyModifiedCount">1</data>
      <data key="v_ModifiedTitles">General Information</data>
      <data key="v_TrendingTitles">General InformationVendor OpsDaily Live Site16.2.1 + 16.2.2 - Release meta data.pptxHackathonGet Engaged 2MAR2016.pptxEngineeringMobile deep link documentationBusiness DayGet Engaged 24FEB2016.pptx</data>
      <data key="v_id">138941587</data>
    </node>
    <node id="n40">
      <data key="v_Title">David Bahat</data>
      <data key="v_hrank">3</data>
      <data key="v_numDirects">0</data>
      <data key="v_numCollegues">8</data>
      <data key="v_RecentlyModifiedCount">8</data>
      <data key="v_ModifiedTitles">PlanningPBI Apps for SQL16SWVDEngineeringBacklogGeneral InformationLearningOneNote_DeletedPages</data>
      <data key="v_TrendingTitles">General InformationVendor OpsDaily Live SiteKusto One PagerHackathon&lt;Presentation title goes here&gt;Process Simple MobileMobile deep link documentationBusiness Day16.2.1 + 16.2.2 - Release meta data.pptx</data>
      <data key="v_id">149308727</data>
    </node>
    <node id="n41">
      <data key="v_Title">Merav Bercovitz</data>
      <data key="v_hrank">3</data>
      <data key="v_numDirects">0</data>
      <data key="v_numCollegues">8</data>
      <data key="v_RecentlyModifiedCount">2</data>
      <data key="v_ModifiedTitles">WindowsGeneral Information</data>
      <data key="v_TrendingTitles">General InformationVendor OpsDaily Live SiteWindows16.2.1 + 16.2.2 - Release meta data.pptxGet Engaged 2MAR2016.pptxMobile deep link documentationspring semester plans.pptxBusiness DayGet Engaged 24FEB2016.pptx</data>
      <data key="v_id">149410377</data>
    </node>
    <node id="n42">
      <data key="v_Title">Igor Celik</data>
      <data key="v_hrank">3</data>
      <data key="v_numDirects">0</data>
      <data key="v_numCollegues">8</data>
      <data key="v_RecentlyModifiedCount">5</data>
      <data key="v_ModifiedTitles">PlanningEngineeringGeneral InformationWindowsWindows 10</data>
      <data key="v_TrendingTitles">General InformationWindowsEngineeringDaily Live SiteVendor Ops16.2.1 + 16.2.2 - Release meta data.pptxGet Engaged 2MAR2016.pptxMobile deep link documentationGet Engaged 24FEB2016.pptxQR initial.pptx</data>
      <data key="v_id">340284375</data>
    </node>
    <node id="n43">
      <data key="v_Title">Milana Raiter (Matchpoint IT Ltd)</data>
      <data key="v_hrank">3</data>
      <data key="v_numDirects">0</data>
      <data key="v_numCollegues">8</data>
      <data key="v_RecentlyModifiedCount">4</data>
      <data key="v_ModifiedTitles">Stores SubmissionGeneral InformationTestWindows</data>
      <data key="v_TrendingTitles">General InformationWindowsVendor OpsEngineering16.2.1 + 16.2.2 - Release meta data.pptxGet Engaged 2MAR2016.pptxDaily Live SiteBusiness DayMobile deep link documentationspring semester plans.pptx</data>
      <data key="v_id">17592242903527</data>
    </node>
    <node id="n44">
      <data key="v_Title">Daniel Blinick</data>
      <data key="v_hrank">3</data>
      <data key="v_numDirects">0</data>
      <data key="v_numCollegues">8</data>
      <data key="v_RecentlyModifiedCount">2</data>
      <data key="v_ModifiedTitles">General InformationWindows</data>
      <data key="v_TrendingTitles">General InformationWindowsVendor OpsEngineeringDaily Live Site16.2.1 + 16.2.2 - Release meta data.pptxMobile deep link documentationGet Engaged 24FEB2016.pptxGet Engaged 2MAR2016.pptxspring semester plans.pptx</data>
      <data key="v_id">17592400497457</data>
    </node>
    <node id="n45">
      <data key="v_Title">Roy Gal</data>
      <data key="v_hrank">3</data>
      <data key="v_numDirects">0</data>
      <data key="v_numCollegues">6</data>
      <data key="v_RecentlyModifiedCount">10</data>
      <data key="v_ModifiedTitles">Product review JAN 2016.pptxMobile ReportsProduct review FEB 2016.pptxGet Engaged 6JAN2016.pptxGet Engaged 2MAR2016.pptxGet Engaged 3FEB2016.pptxGet Engaged 13JAN2016.pptxAdvance GesturesGet Engaged 24FEB2016.pptxSpring semester 2016 staffing and effort estimations</data>
      <data key="v_TrendingTitles">16.2.1 + 16.2.2 - Release meta data.pptxWindowsGeneral InformationDaily Live SiteVendor OpsMobile deep link documentationGet Engaged 2MAR2016.pptxVisual Awesomeness Unlocked - KPIspring semester plans.pptx16.1.2 - Release meta data.pptx</data>
      <data key="v_id">41753016</data>
    </node>
    <node id="n46">
      <data key="v_Title">Ella Ben-Tov</data>
      <data key="v_hrank">3</data>
      <data key="v_numDirects">0</data>
      <data key="v_numCollegues">6</data>
      <data key="v_RecentlyModifiedCount">10</data>
      <data key="v_ModifiedTitles">Product review JAN 2016.pptx16.1.2 - Release meta data.pptxDemo&apos;s15.12.2 - Release meta data.pptxUsage surveySpring semester 2016 staffing and effort estimationsBusiness Day16.2.1 + 16.2.2 - Release meta data.pptxQuick AccessVisual Awesomeness Unlocked - KPI</data>
      <data key="v_TrendingTitles">Daily Live SiteVendor OpsOneNote_DeletedPagesWindowsHackathonGet Engaged 2MAR2016.pptx16.2.1 + 16.2.2 - Release meta data.pptxMobile deep link documentationGet Engaged 24FEB2016.pptxBusiness Day</data>
      <data key="v_id">105611773</data>
    </node>
    <node id="n47">
      <data key="v_Title">Yaron Canari</data>
      <data key="v_hrank">3</data>
      <data key="v_numDirects">0</data>
      <data key="v_numCollegues">6</data>
      <data key="v_RecentlyModifiedCount">10</data>
      <data key="v_ModifiedTitles">WindowsNotificationsHackathon December 2015MobileDashboards.pptxSaaS mobile alignment feb 2016Monthly GrowthSpring semester 2016 staffing and effort estimationsCustom notifications Spec.pptxDataDictionaryBusiness Day</data>
      <data key="v_TrendingTitles">General InformationWindowsGet Engaged 2MAR2016.pptxVendor Ops16.2.1 + 16.2.2 - Release meta data.pptxDaily Live SiteEngineeringGet Engaged 24FEB2016.pptxVisual Awesomeness Unlocked - KPIBusiness Day</data>
      <data key="v_id">149405896</data>
    </node>
    <node id="n48">
      <data key="v_Title">Romi Koifman</data>
      <data key="v_hrank">3</data>
      <data key="v_numDirects">0</data>
      <data key="v_numCollegues">6</data>
      <data key="v_RecentlyModifiedCount">10</data>
      <data key="v_ModifiedTitles">CustomersEventsQR initial.pptxMobile MarketingPower BI Mobile Update December(11.2)Product review JAN 2016.pptxPower BI Mobile Januar update - SVWDThe Power BI app for Windows Phone is now availableSQL 16 SSRS on Power BI Mobile iOS appsProduct review FEB 2016.pptx</data>
      <data key="v_TrendingTitles">Vendor OpsDaily Live SiteTSGs16.2.1 + 16.2.2 - Release meta data.pptxKusto One PagerHackathonMicrosoft Power BI “Embedded”&lt;Presentation title goes here&gt;Get Engaged 2MAR2016.pptxMobile deep link documentation</data>
      <data key="v_id">149420218</data>
    </node>
    <node id="n49">
      <data key="v_Title">Gabi Lehner</data>
      <data key="v_hrank">3</data>
      <data key="v_numDirects">0</data>
      <data key="v_numCollegues">6</data>
      <data key="v_RecentlyModifiedCount">10</data>
      <data key="v_ModifiedTitles">Demo&apos;sPBI Touch.pptxGeo filtering SPEC.pptxPower BI Mobile Januar update - SVWDPower BI touch plan.pptxPBI Touch - Brainstorming.pptxLive TilesCDNA Plan.pptxSQL 16 SSRS on Power BI Mobile iOS appsPower BI mobile plan for CDnA.pptx</data>
      <data key="v_TrendingTitles">16.2.1 + 16.2.2 - Release meta data.pptxGeneral InformationGet Engaged 2MAR2016.pptxVendor OpsVisual Awesomeness Unlocked - KPIBusiness DayWindowsEngineeringProduct deliverables Spring semster 25FEB2016.pptxDaily Live Site</data>
      <data key="v_id">149422381</data>
    </node>
    <node id="n50">
      <data key="v_Title">Meital Taran- Gutman</data>
      <data key="v_hrank">3</data>
      <data key="v_numDirects">0</data>
      <data key="v_numCollegues">6</data>
      <data key="v_RecentlyModifiedCount">0</data>
      <data key="v_ModifiedTitles">unknown</data>
      <data key="v_TrendingTitles">Get Engaged 2MAR2016.pptx16.2.1 + 16.2.2 - Release meta data.pptxMobile deep link documentationspring semester plans.pptxBusiness DayProduct deliverables Spring semster 25FEB2016.pptxVisual Awesomeness Unlocked - KPI16.1.2 - Release meta data.pptxQR initial.pptxGet Engaged 24FEB2016.pptx</data>
      <data key="v_id">149448960</data>
    </node>
    <node id="n51">
      <data key="v_Title">Boris Efraty</data>
      <data key="v_hrank">2</data>
      <data key="v_numDirects">0</data>
      <data key="v_numCollegues">7</data>
      <data key="v_RecentlyModifiedCount">4</data>
      <data key="v_ModifiedTitles">Social Network Analysis SurveyPBI_Delve_IntroBrainStorm_Social Network AnalysisBook1</data>
      <data key="v_TrendingTitles">HackathonOneNote_DeletedPagesTrack Readouts March 1st.pptxImport APISocial Network AnalysisPower BI add-inAdlerdoc2doc10doc5</data>
      <data key="v_id">31584863</data>
    </node>
    <node id="n52">
      <data key="v_Title">Stas Klyachkovsky</data>
      <data key="v_hrank">2</data>
      <data key="v_numDirects">8</data>
      <data key="v_numCollegues">7</data>
      <data key="v_RecentlyModifiedCount">1</data>
      <data key="v_ModifiedTitles">PBIO Hackaton</data>
      <data key="v_TrendingTitles">Daily Live SiteVendor OpsHackathonTSGsOneNote_DeletedPagesSocial Network AnalysisDocument6Power BI Excel Add-inRCA of Gallery experiment openProcess Simple Mobile</data>
      <data key="v_id">148884407</data>
    </node>
    <node id="n53">
      <data key="v_Title">Yifat Sagiv</data>
      <data key="v_hrank">2</data>
      <data key="v_numDirects">8</data>
      <data key="v_numCollegues">7</data>
      <data key="v_RecentlyModifiedCount">10</data>
      <data key="v_ModifiedTitles">Power BI add-inXL2PBI publishingFull fidelity Excel workbooks as local files in PowerBI - High level designLocalFiles - increments_planLocal files supportDimaTelemetry and reportsWindowsDashboards and ReportsPowerBI as WOPI host - Detailed design document</data>
      <data key="v_TrendingTitles">Vendor OpsDaily Live SiteTSGsHackathonIncident ManagementGet Engaged 2MAR2016.pptx!Aggregate Speaker Bios and PhotosMobile reports meeting 2MAR2016.pptxProduct deliverables Spring semster 25FEB2016.pptx16.2.1 + 16.2.2 - Release meta data.pptx</data>
      <data key="v_id">148886980</data>
    </node>
    <node id="n54">
      <data key="v_Title">Moshe Golan</data>
      <data key="v_hrank">2</data>
      <data key="v_numDirects">0</data>
      <data key="v_numCollegues">7</data>
      <data key="v_RecentlyModifiedCount">10</data>
      <data key="v_ModifiedTitles">Customer EngagementXL2PBI publishingProjectPM Knowledge BaseHackathonPBIOPBIO HackatonDesign BacklogDelve and PBI.pptxTelemetry and reports</data>
      <data key="v_TrendingTitles">HackathonDaily Live SiteVendor OpsOneNote_DeletedPagesAMLSocial Network AnalysisPower BI Desktop SU03Power Query SU03QR initial.pptx2016 Data Insights Summit - Power BI Desktop Mashups &amp; Data Modeling Deep Dive</data>
      <data key="v_id">149327567</data>
    </node>
    <node id="n55">
      <data key="v_Title">Sharon Laivand</data>
      <data key="v_hrank">2</data>
      <data key="v_numDirects">0</data>
      <data key="v_numCollegues">7</data>
      <data key="v_RecentlyModifiedCount">10</data>
      <data key="v_ModifiedTitles">HackathonMobile Reports PBIO HackatonHackathon December 2015Spring semester 2016 staffing and effort estimationsDemo&apos;sGet Engaged 13JAN2016.pptxNRTProduct review JAN 2016.pptxSocial Network Analysis </data>
      <data key="v_TrendingTitles">HackathonDaily Live SiteVendor OpsKusto One PagerOneNote_DeletedPages16.2.1 + 16.2.2 - Release meta data.pptxGet Engaged 2MAR2016.pptxspring semester plans.pptxMobile deep link documentationGet Engaged 24FEB2016.pptx</data>
      <data key="v_id">149365284</data>
    </node>
    <node id="n56">
      <data key="v_Title">Tzvi Keisar</data>
      <data key="v_hrank">2</data>
      <data key="v_numDirects">0</data>
      <data key="v_numCollegues">7</data>
      <data key="v_RecentlyModifiedCount">10</data>
      <data key="v_ModifiedTitles">Full Fidelity ExcelLocal files supportWorkbook TilesPower BI add-inPublish to PBIPBIO HackatonMyTasksXL2PBI publishingHackathonExcel in Power BI overview</data>
      <data key="v_TrendingTitles">HackathonDaily Live SiteVendor OpsOneNote_DeletedPagesKusto One PagerSocial Network AnalysisProcess Simple MobileQR initial.pptxVisual Awesomeness Unlocked - KPIGet Engaged 2MAR2016.pptx</data>
      <data key="v_id">149418549</data>
    </node>
    <node id="n57">
      <data key="v_Title">Aviv Ezrachi</data>
      <data key="v_hrank">2</data>
      <data key="v_numDirects">0</data>
      <data key="v_numCollegues">7</data>
      <data key="v_RecentlyModifiedCount">10</data>
      <data key="v_ModifiedTitles">PMPower BI add-inRaw Data AccessCustomer engagementDemo for Euro tripOneNote_DeletedPagesOneNote_DeletedPagesExecutionDesign BacklogDraft - SU11 Mktg Train material - PBI add-in</data>
      <data key="v_TrendingTitles">HackathonDaily Live SiteVendor OpsOneNote_DeletedPagesTSGsMicrosoft Power BI “Embedded”&lt;Presentation title goes here&gt;Import APIProcess Simple MobileSocial Network Analysis</data>
      <data key="v_id">149436623</data>
    </node>
    <node id="n58">
      <data key="v_Title">Guy Moses</data>
      <data key="v_hrank">3</data>
      <data key="v_numDirects">0</data>
      <data key="v_numCollegues">8</data>
      <data key="v_RecentlyModifiedCount">3</data>
      <data key="v_ModifiedTitles">PBIO HackatonEngineeringProject</data>
      <data key="v_TrendingTitles">OneNote_DeletedPagesAMLEngineeringGetting StartedMarch 2016Import APISocial Network AnalysisMyTasksSocial Network Analysis BI Platform 1 pagerFeb</data>
      <data key="v_id">96517627</data>
    </node>
    <node id="n59">
      <data key="v_Title">Avi Sander</data>
      <data key="v_hrank">3</data>
      <data key="v_numDirects">0</data>
      <data key="v_numCollegues">8</data>
      <data key="v_RecentlyModifiedCount">10</data>
      <data key="v_ModifiedTitles">MeetingsEngineeringAviPiMarch 201620160110 RAMLMashupOneNote_DeletedPagesFundamentalsMobile Marketing</data>
      <data key="v_TrendingTitles">Daily Live SiteVendor OpsTSGsHackathonKusto One PagerMicrosoft Power BI “Embedded”&lt;Presentation title goes here&gt;AML Execution Infrastructure for V2Power BI Desktop SU03Power Query SU03</data>
      <data key="v_id">148876967</data>
    </node>
    <node id="n60">
      <data key="v_Title">Jenny Feldman</data>
      <data key="v_hrank">3</data>
      <data key="v_numDirects">0</data>
      <data key="v_numCollegues">8</data>
      <data key="v_RecentlyModifiedCount">0</data>
      <data key="v_ModifiedTitles">unknown</data>
      <data key="v_TrendingTitles">Daily Live SiteOneNote_DeletedPagesVendor OpsHackathonGetting StartedImport APIProcess Simple MobilePower BI Excel Add-inMyTasksDaaS Overview</data>
      <data key="v_id">148881353</data>
    </node>
    <node id="n61">
      <data key="v_Title">Avi Piechenick</data>
      <data key="v_hrank">3</data>
      <data key="v_numDirects">0</data>
      <data key="v_numCollegues">8</data>
      <data key="v_RecentlyModifiedCount">10</data>
      <data key="v_ModifiedTitles">AviPi20160110 RAMLWindows Fabric EmulatorOneNote_DeletedPagesEngineeringProjectPBIO HackatonAdlerDaily Live Site</data>
      <data key="v_TrendingTitles">Vendor OpsDaily Live SiteTSGsHackathonKusto One PagerAML Execution Infrastructure for V2Redstone TSD - ContainersContainer SSOSDN All Hands&lt;Presentation title goes here&gt;</data>
      <data key="v_id">149330050</data>
    </node>
    <node id="n62">
      <data key="v_Title">Noam Behar</data>
      <data key="v_hrank">3</data>
      <data key="v_numDirects">0</data>
      <data key="v_numCollegues">8</data>
      <data key="v_RecentlyModifiedCount">3</data>
      <data key="v_ModifiedTitles">AMLEngineeringXL2PBI publishing</data>
      <data key="v_TrendingTitles">Daily Live SiteVendor OpsHackathonAMLOneNote_DeletedPagesGet Engaged 2MAR2016.pptxMobile deep link documentationDocument616.2.1 + 16.2.2 - Release meta data.pptxPower BI Desktop SU03</data>
      <data key="v_id">149348192</data>
    </node>
    <node id="n63">
      <data key="v_Title">Shlomo David</data>
      <data key="v_hrank">3</data>
      <data key="v_numDirects">0</data>
      <data key="v_numCollegues">8</data>
      <data key="v_RecentlyModifiedCount">10</data>
      <data key="v_ModifiedTitles">Backend DevelopmentAMLR branchWindows Fabric EmulatorXL2PBI publishingGetting StartedPBIO HackatonPBI PortalTelemetry and reportsEngineering</data>
      <data key="v_TrendingTitles">Daily Live SiteVendor OpsHackathonTSGsKusto One Pager2016 Data Insights Summit - Power BI Desktop Mashups &amp; Data Modeling Deep Dive2016 Data Insights Summit - Shape and Transform data using Excel 2016Process Simple MobileUX BacklogSQL BI Weekly Live Site Review</data>
      <data key="v_id">149369272</data>
    </node>
    <node id="n64">
      <data key="v_Title">Jacob Minsky</data>
      <data key="v_hrank">3</data>
      <data key="v_numDirects">0</data>
      <data key="v_numCollegues">8</data>
      <data key="v_RecentlyModifiedCount">1</data>
      <data key="v_ModifiedTitles">Engineering</data>
      <data key="v_TrendingTitles">EngineeringAMLMarch 2016AviPiGetting StartedPower BI DesktopBI Platform 1 pagerFebPBIOKustoDocument6</data>
      <data key="v_id">149425689</data>
    </node>
    <node id="n65">
      <data key="v_Title">Shay Markanty</data>
      <data key="v_hrank">3</data>
      <data key="v_numDirects">0</data>
      <data key="v_numCollegues">8</data>
      <data key="v_RecentlyModifiedCount">9</data>
      <data key="v_ModifiedTitles">ShayMEngineeringOneNote_DeletedPagesWindows Fabric EmulatorGetting StartedAMLRLSDaily Live SiteProject</data>
      <data key="v_TrendingTitles">Daily Live SiteVendor OpsTSGsHackathonKusto One PagerProcess Simple Mobile&lt;Presentation title goes here&gt;Engineering Systems TeamTeam-based workspace  fact baseAzure Bootcamp Lab Sign-Up Sheet</data>
      <data key="v_id">149437524</data>
    </node>
    <node id="n66">
      <data key="v_Title">Omri Armstrong</data>
      <data key="v_hrank">3</data>
      <data key="v_numDirects">0</data>
      <data key="v_numCollegues">8</data>
      <data key="v_RecentlyModifiedCount">4</data>
      <data key="v_ModifiedTitles">PBIO HackatonPBI PortalGetting StartedXL2PBI publishing</data>
      <data key="v_TrendingTitles">HackathonOneNote_DeletedPagesDaily Live SiteVendor OpsGetting StartedImport APIPower BI Excel Add-inSocial Network AnalysisQR initial.pptxGet Engaged 2MAR2016.pptx</data>
      <data key="v_id">20198260</data>
    </node>
    <node id="n67">
      <data key="v_Title">Noa Nutkevitch</data>
      <data key="v_hrank">3</data>
      <data key="v_numDirects">0</data>
      <data key="v_numCollegues">8</data>
      <data key="v_RecentlyModifiedCount">10</data>
      <data key="v_ModifiedTitles">XL2PBI publishingTelemetry and reportsLocal files supportPBIO HackatonDaily Live SiteAdlerWindows Fabric EmulatorPower BI add-inKusto One PagerVendor Ops</data>
      <data key="v_TrendingTitles">Daily Live SiteHackathonVendor OpsReports and dashboardsOverviewImport APIProcess Simple MobilePower BI Excel Add-inPower BI DesktopIntuneCampaignID Report v-zijia</data>
      <data key="v_id">59256133</data>
    </node>
    <node id="n68">
      <data key="v_Title">Arina Hantsis</data>
      <data key="v_hrank">3</data>
      <data key="v_numDirects">0</data>
      <data key="v_numCollegues">8</data>
      <data key="v_RecentlyModifiedCount">7</data>
      <data key="v_ModifiedTitles">Power BI add-inPBIO HackatonHackathonOneNote_DeletedPagesMobile BIDaily Live SiteNew Section 1 5</data>
      <data key="v_TrendingTitles">HackathonDaily Live SiteVendor OpsOneNote_DeletedPagesTSGsImport APIProcess Simple MobileCustomer Focus Review_March_DGITSCustomer Focus Review_MarchPower BI Excel Add-in</data>
      <data key="v_id">148876580</data>
    </node>
    <node id="n69">
      <data key="v_Title">Gilad Taragano</data>
      <data key="v_hrank">3</data>
      <data key="v_numDirects">0</data>
      <data key="v_numCollegues">8</data>
      <data key="v_RecentlyModifiedCount">6</data>
      <data key="v_ModifiedTitles">RefreshExcelFF Refresh errors.HackathonTelemetry and reportsGetting StartedOneNote_DeletedPages</data>
      <data key="v_TrendingTitles">HackathonDaily Live SiteVendor OpsAMLKusto One PagerProcess Simple MobileSocial Network AnalysisPower BI Apple Watch how to and FAQGateways &amp; Connectors 1 pager - March 2016Get Engaged 2MAR2016.pptx</data>
      <data key="v_id">149303890</data>
    </node>
    <node id="n70">
      <data key="v_Title">Sasha Alperovich</data>
      <data key="v_hrank">3</data>
      <data key="v_numDirects">0</data>
      <data key="v_numCollegues">8</data>
      <data key="v_RecentlyModifiedCount">10</data>
      <data key="v_ModifiedTitles">Feb 2016, FFLocal files supportCustomer IssuesPBIO HackatonWindows Fabric EmulatorLocalFiles - increments_planFull fidelity Excel workbooks as local files in PowerBI - High level designFull fidelity Local file supportOneNote_DeletedPagesGetting Started</data>
      <data key="v_TrendingTitles">Daily Live SiteHackathonVendor OpsOneNote_DeletedPagesTSGsProcess Simple MobileImport APIPower BI Governance and Deployment WhitepaperSocial Network AnalysisPower BI Excel Add-in</data>
      <data key="v_id">149368345</data>
    </node>
    <node id="n71">
      <data key="v_Title">Ran Didi</data>
      <data key="v_hrank">3</data>
      <data key="v_numDirects">0</data>
      <data key="v_numCollegues">8</data>
      <data key="v_RecentlyModifiedCount">10</data>
      <data key="v_ModifiedTitles">Local files supportPowerBI as WOPI host - Detailed design documentFull fidelity Excel workbooks as local files in PowerBI - High level designTelemetry and reportsPBIO HackatonNew Section 1WACWindows Fabric EmulatorOneNote_DeletedPagesGetting Started</data>
      <data key="v_TrendingTitles">Daily Live SiteHackathonVendor OpsOneNote_DeletedPagesTSGsImport APIProcess Simple MobileSocial Network AnalysisPower BI Excel Add-inPower BI Apple Watch how to and FAQ</data>
      <data key="v_id">149397057</data>
    </node>
    <node id="n72">
      <data key="v_Title">Yoav Ossia</data>
      <data key="v_hrank">3</data>
      <data key="v_numDirects">0</data>
      <data key="v_numCollegues">8</data>
      <data key="v_RecentlyModifiedCount">7</data>
      <data key="v_ModifiedTitles">Telemetry and reportsGetting StartedBackend DevelopmentPower BI add-inWindows Fabric EmulatorFundamentalsTesting</data>
      <data key="v_TrendingTitles">Vendor OpsDaily Live SiteTSGsHackathonIncident ManagementMicrosoft Power BI “Embedded”&lt;Presentation title goes here&gt;Process Simple MobilePower BI PaaS - Spring 2016 Plan Review (Feb 24 2016).pptxPower BI Data Driven Alerting and Notification Plan</data>
      <data key="v_id">149401203</data>
    </node>
    <node id="n73">
      <data key="v_Title">Ali Hamud</data>
      <data key="v_hrank">3</data>
      <data key="v_numDirects">0</data>
      <data key="v_numCollegues">8</data>
      <data key="v_RecentlyModifiedCount">9</data>
      <data key="v_ModifiedTitles">XL2PBI publishingPower BI add-inHackathonPBIO HackatonGetting StartedImport APITestingOneNote_DeletedPagesConfig Service</data>
      <data key="v_TrendingTitles">HackathonDaily Live SiteVendor OpsTSGsKusto One Pager&lt;Presentation title goes here&gt;Process Simple MobilePower BI PaaS - Spring 2016 Plan Review (Feb 24 2016).pptxMicrosoft Power BI “Embedded”Power BI Data Driven Alerting and Notification Plan</data>
      <data key="v_id">149427618</data>
    </node>
    <edge source="n0" target="n3">
      <data key="e_weight">200</data>
    </edge>
    <edge source="n0" target="n13">
      <data key="e_weight">190</data>
    </edge>
    <edge source="n0" target="n4">
      <data key="e_weight">192</data>
    </edge>
    <edge source="n0" target="n14">
      <data key="e_weight">194</data>
    </edge>
    <edge source="n0" target="n48">
      <data key="e_weight">191</data>
    </edge>
    <edge source="n0" target="n1">
      <data key="e_weight">192</data>
    </edge>
    <edge source="n0" target="n53">
      <data key="e_weight">94</data>
    </edge>
    <edge source="n0" target="n17">
      <data key="e_weight">93</data>
    </edge>
    <edge source="n0" target="n52">
      <data key="e_weight">185</data>
    </edge>
    <edge source="n1" target="n7">
      <data key="e_weight">200</data>
    </edge>
    <edge source="n1" target="n4">
      <data key="e_weight">196</data>
    </edge>
    <edge source="n1" target="n5">
      <data key="e_weight">198</data>
    </edge>
    <edge source="n1" target="n57">
      <data key="e_weight">191</data>
    </edge>
    <edge source="n1" target="n52">
      <data key="e_weight">182</data>
    </edge>
    <edge source="n1" target="n2">
      <data key="e_weight">100</data>
    </edge>
    <edge source="n2" target="n54">
      <data key="e_weight">99</data>
    </edge>
    <edge source="n3" target="n16">
      <data key="e_weight">191</data>
    </edge>
    <edge source="n3" target="n11">
      <data key="e_weight">190</data>
    </edge>
    <edge source="n3" target="n17">
      <data key="e_weight">195</data>
    </edge>
    <edge source="n3" target="n4">
      <data key="e_weight">188</data>
    </edge>
    <edge source="n3" target="n20">
      <data key="e_weight">191</data>
    </edge>
    <edge source="n3" target="n35">
      <data key="e_weight">184</data>
    </edge>
    <edge source="n3" target="n14">
      <data key="e_weight">93</data>
    </edge>
    <edge source="n3" target="n12">
      <data key="e_weight">92</data>
    </edge>
    <edge source="n3" target="n15">
      <data key="e_weight">182</data>
    </edge>
    <edge source="n4" target="n54">
      <data key="e_weight">193</data>
    </edge>
    <edge source="n4" target="n52">
      <data key="e_weight">188</data>
    </edge>
    <edge source="n4" target="n53">
      <data key="e_weight">98</data>
    </edge>
    <edge source="n4" target="n13">
      <data key="e_weight">96</data>
    </edge>
    <edge source="n4" target="n56">
      <data key="e_weight">187</data>
    </edge>
    <edge source="n4" target="n57">
      <data key="e_weight">191</data>
    </edge>
    <edge source="n4" target="n55">
      <data key="e_weight">187</data>
    </edge>
    <edge source="n5" target="n53">
      <data key="e_weight">95</data>
    </edge>
    <edge source="n5" target="n9">
      <data key="e_weight">193</data>
    </edge>
    <edge source="n5" target="n7">
      <data key="e_weight">192</data>
    </edge>
    <edge source="n5" target="n10">
      <data key="e_weight">192</data>
    </edge>
    <edge source="n5" target="n8">
      <data key="e_weight">181</data>
    </edge>
    <edge source="n1" target="n6">
      <data key="e_weight">100</data>
    </edge>
    <edge source="n6" target="n52">
      <data key="e_weight">98</data>
    </edge>
    <edge source="n6" target="n68">
      <data key="e_weight">190</data>
    </edge>
    <edge source="n5" target="n6">
      <data key="e_weight">96</data>
    </edge>
    <edge source="n6" target="n9">
      <data key="e_weight">93</data>
    </edge>
    <edge source="n6" target="n7">
      <data key="e_weight">92</data>
    </edge>
    <edge source="n6" target="n8">
      <data key="e_weight">188</data>
    </edge>
    <edge source="n6" target="n10">
      <data key="e_weight">88</data>
    </edge>
    <edge source="n7" target="n52">
      <data key="e_weight">96</data>
    </edge>
    <edge source="n7" target="n8">
      <data key="e_weight">191</data>
    </edge>
    <edge source="n7" target="n9">
      <data key="e_weight">188</data>
    </edge>
    <edge source="n1" target="n8">
      <data key="e_weight">100</data>
    </edge>
    <edge source="n8" target="n9">
      <data key="e_weight">189</data>
    </edge>
    <edge source="n1" target="n9">
      <data key="e_weight">100</data>
    </edge>
    <edge source="n9" target="n10">
      <data key="e_weight">186</data>
    </edge>
    <edge source="n9" target="n57">
      <data key="e_weight">92</data>
    </edge>
    <edge source="n9" target="n53">
      <data key="e_weight">90</data>
    </edge>
    <edge source="n1" target="n10">
      <data key="e_weight">99</data>
    </edge>
    <edge source="n10" target="n53">
      <data key="e_weight">97</data>
    </edge>
    <edge source="n10" target="n57">
      <data key="e_weight">95</data>
    </edge>
    <edge source="n10" target="n54">
      <data key="e_weight">89</data>
    </edge>
    <edge source="n10" target="n73">
      <data key="e_weight">88</data>
    </edge>
    <edge source="n11" target="n19">
      <data key="e_weight">200</data>
    </edge>
    <edge source="n11" target="n13">
      <data key="e_weight">193</data>
    </edge>
    <edge source="n11" target="n12">
      <data key="e_weight">196</data>
    </edge>
    <edge source="n11" target="n18">
      <data key="e_weight">197</data>
    </edge>
    <edge source="n11" target="n34">
      <data key="e_weight">194</data>
    </edge>
    <edge source="n11" target="n20">
      <data key="e_weight">195</data>
    </edge>
    <edge source="n11" target="n14">
      <data key="e_weight">184</data>
    </edge>
    <edge source="n11" target="n16">
      <data key="e_weight">190</data>
    </edge>
    <edge source="n11" target="n15">
      <data key="e_weight">187</data>
    </edge>
    <edge source="n12" target="n15">
      <data key="e_weight">199</data>
    </edge>
    <edge source="n12" target="n14">
      <data key="e_weight">197</data>
    </edge>
    <edge source="n12" target="n22">
      <data key="e_weight">197</data>
    </edge>
    <edge source="n12" target="n35">
      <data key="e_weight">96</data>
    </edge>
    <edge source="n12" target="n34">
      <data key="e_weight">192</data>
    </edge>
    <edge source="n12" target="n20">
      <data key="e_weight">93</data>
    </edge>
    <edge source="n12" target="n13">
      <data key="e_weight">92</data>
    </edge>
    <edge source="n12" target="n16">
      <data key="e_weight">91</data>
    </edge>
    <edge source="n0" target="n12">
      <data key="e_weight">90</data>
    </edge>
    <edge source="n13" target="n53">
      <data key="e_weight">197</data>
    </edge>
    <edge source="n13" target="n52">
      <data key="e_weight">99</data>
    </edge>
    <edge source="n13" target="n14">
      <data key="e_weight">190</data>
    </edge>
    <edge source="n13" target="n16">
      <data key="e_weight">196</data>
    </edge>
    <edge source="n3" target="n13">
      <data key="e_weight">96</data>
    </edge>
    <edge source="n13" target="n15">
      <data key="e_weight">192</data>
    </edge>
    <edge source="n13" target="n68">
      <data key="e_weight">192</data>
    </edge>
    <edge source="n13" target="n34">
      <data key="e_weight">174</data>
    </edge>
    <edge source="n14" target="n35">
      <data key="e_weight">200</data>
    </edge>
    <edge source="n14" target="n34">
      <data key="e_weight">194</data>
    </edge>
    <edge source="n14" target="n32">
      <data key="e_weight">196</data>
    </edge>
    <edge source="n14" target="n47">
      <data key="e_weight">188</data>
    </edge>
    <edge source="n14" target="n16">
      <data key="e_weight">193</data>
    </edge>
    <edge source="n14" target="n15">
      <data key="e_weight">191</data>
    </edge>
    <edge source="n15" target="n16">
      <data key="e_weight">196</data>
    </edge>
    <edge source="n15" target="n20">
      <data key="e_weight">186</data>
    </edge>
    <edge source="n15" target="n47">
      <data key="e_weight">94</data>
    </edge>
    <edge source="n15" target="n36">
      <data key="e_weight">184</data>
    </edge>
    <edge source="n16" target="n41">
      <data key="e_weight">196</data>
    </edge>
    <edge source="n16" target="n40">
      <data key="e_weight">186</data>
    </edge>
    <edge source="n16" target="n43">
      <data key="e_weight">191</data>
    </edge>
    <edge source="n16" target="n17">
      <data key="e_weight">188</data>
    </edge>
    <edge source="n17" target="n49">
      <data key="e_weight">199</data>
    </edge>
    <edge source="n17" target="n48">
      <data key="e_weight">189</data>
    </edge>
    <edge source="n17" target="n45">
      <data key="e_weight">194</data>
    </edge>
    <edge source="n14" target="n17">
      <data key="e_weight">95</data>
    </edge>
    <edge source="n4" target="n17">
      <data key="e_weight">94</data>
    </edge>
    <edge source="n17" target="n47">
      <data key="e_weight">189</data>
    </edge>
    <edge source="n11" target="n17">
      <data key="e_weight">92</data>
    </edge>
    <edge source="n17" target="n46">
      <data key="e_weight">189</data>
    </edge>
    <edge source="n18" target="n20">
      <data key="e_weight">99</data>
    </edge>
    <edge source="n15" target="n18">
      <data key="e_weight">98</data>
    </edge>
    <edge source="n18" target="n40">
      <data key="e_weight">97</data>
    </edge>
    <edge source="n14" target="n18">
      <data key="e_weight">96</data>
    </edge>
    <edge source="n13" target="n18">
      <data key="e_weight">95</data>
    </edge>
    <edge source="n18" target="n21">
      <data key="e_weight">192</data>
    </edge>
    <edge source="n18" target="n19">
      <data key="e_weight">190</data>
    </edge>
    <edge source="n18" target="n24">
      <data key="e_weight">185</data>
    </edge>
    <edge source="n16" target="n18">
      <data key="e_weight">87</data>
    </edge>
    <edge source="n1" target="n19">
      <data key="e_weight">98</data>
    </edge>
    <edge source="n19" target="n54">
      <data key="e_weight">97</data>
    </edge>
    <edge source="n19" target="n69">
      <data key="e_weight">191</data>
    </edge>
    <edge source="n13" target="n19">
      <data key="e_weight">90</data>
    </edge>
    <edge source="n6" target="n19">
      <data key="e_weight">89</data>
    </edge>
    <edge source="n19" target="n53">
      <data key="e_weight">88</data>
    </edge>
    <edge source="n19" target="n52">
      <data key="e_weight">87</data>
    </edge>
    <edge source="n19" target="n20">
      <data key="e_weight">99</data>
    </edge>
    <edge source="n14" target="n20">
      <data key="e_weight">98</data>
    </edge>
    <edge source="n20" target="n47">
      <data key="e_weight">192</data>
    </edge>
    <edge source="n20" target="n21">
      <data key="e_weight">193</data>
    </edge>
    <edge source="n16" target="n20">
      <data key="e_weight">94</data>
    </edge>
    <edge source="n20" target="n35">
      <data key="e_weight">188</data>
    </edge>
    <edge source="n11" target="n21">
      <data key="e_weight">100</data>
    </edge>
    <edge source="n16" target="n21">
      <data key="e_weight">95</data>
    </edge>
    <edge source="n13" target="n21">
      <data key="e_weight">93</data>
    </edge>
    <edge source="n21" target="n36">
      <data key="e_weight">92</data>
    </edge>
    <edge source="n15" target="n21">
      <data key="e_weight">91</data>
    </edge>
    <edge source="n19" target="n21">
      <data key="e_weight">89</data>
    </edge>
    <edge source="n22" target="n24">
      <data key="e_weight">98</data>
    </edge>
    <edge source="n22" target="n34">
      <data key="e_weight">94</data>
    </edge>
    <edge source="n22" target="n36">
      <data key="e_weight">93</data>
    </edge>
    <edge source="n16" target="n22">
      <data key="e_weight">92</data>
    </edge>
    <edge source="n15" target="n22">
      <data key="e_weight">91</data>
    </edge>
    <edge source="n22" target="n39">
      <data key="e_weight">90</data>
    </edge>
    <edge source="n14" target="n22">
      <data key="e_weight">89</data>
    </edge>
    <edge source="n12" target="n23">
      <data key="e_weight">100</data>
    </edge>
    <edge source="n23" target="n34">
      <data key="e_weight">99</data>
    </edge>
    <edge source="n15" target="n23">
      <data key="e_weight">96</data>
    </edge>
    <edge source="n23" target="n24">
      <data key="e_weight">92</data>
    </edge>
    <edge source="n14" target="n23">
      <data key="e_weight">88</data>
    </edge>
    <edge source="n13" target="n23">
      <data key="e_weight">87</data>
    </edge>
    <edge source="n23" target="n35">
      <data key="e_weight">85</data>
    </edge>
    <edge source="n11" target="n24">
      <data key="e_weight">97</data>
    </edge>
    <edge source="n12" target="n24">
      <data key="e_weight">96</data>
    </edge>
    <edge source="n16" target="n24">
      <data key="e_weight">94</data>
    </edge>
    <edge source="n14" target="n24">
      <data key="e_weight">91</data>
    </edge>
    <edge source="n15" target="n24">
      <data key="e_weight">90</data>
    </edge>
    <edge source="n20" target="n24">
      <data key="e_weight">88</data>
    </edge>
    <edge source="n13" target="n24">
      <data key="e_weight">87</data>
    </edge>
    <edge source="n24" target="n40">
      <data key="e_weight">85</data>
    </edge>
    <edge source="n12" target="n25">
      <data key="e_weight">98</data>
    </edge>
    <edge source="n24" target="n25">
      <data key="e_weight">95</data>
    </edge>
    <edge source="n25" target="n26">
      <data key="e_weight">91</data>
    </edge>
    <edge source="n25" target="n28">
      <data key="e_weight">179</data>
    </edge>
    <edge source="n12" target="n26">
      <data key="e_weight">99</data>
    </edge>
    <edge source="n15" target="n26">
      <data key="e_weight">98</data>
    </edge>
    <edge source="n18" target="n26">
      <data key="e_weight">97</data>
    </edge>
    <edge source="n24" target="n26">
      <data key="e_weight">96</data>
    </edge>
    <edge source="n26" target="n27">
      <data key="e_weight">184</data>
    </edge>
    <edge source="n26" target="n36">
      <data key="e_weight">90</data>
    </edge>
    <edge source="n16" target="n26">
      <data key="e_weight">85</data>
    </edge>
    <edge source="n26" target="n39">
      <data key="e_weight">79</data>
    </edge>
    <edge source="n27" target="n36">
      <data key="e_weight">99</data>
    </edge>
    <edge source="n15" target="n27">
      <data key="e_weight">92</data>
    </edge>
    <edge source="n24" target="n27">
      <data key="e_weight">91</data>
    </edge>
    <edge source="n11" target="n27">
      <data key="e_weight">86</data>
    </edge>
    <edge source="n18" target="n27">
      <data key="e_weight">85</data>
    </edge>
    <edge source="n25" target="n27">
      <data key="e_weight">83</data>
    </edge>
    <edge source="n26" target="n28">
      <data key="e_weight">100</data>
    </edge>
    <edge source="n12" target="n28">
      <data key="e_weight">99</data>
    </edge>
    <edge source="n24" target="n28">
      <data key="e_weight">98</data>
    </edge>
    <edge source="n27" target="n28">
      <data key="e_weight">91</data>
    </edge>
    <edge source="n3" target="n28">
      <data key="e_weight">89</data>
    </edge>
    <edge source="n16" target="n28">
      <data key="e_weight">88</data>
    </edge>
    <edge source="n28" target="n44">
      <data key="e_weight">86</data>
    </edge>
    <edge source="n14" target="n29">
      <data key="e_weight">100</data>
    </edge>
    <edge source="n29" target="n34">
      <data key="e_weight">194</data>
    </edge>
    <edge source="n29" target="n30">
      <data key="e_weight">183</data>
    </edge>
    <edge source="n16" target="n29">
      <data key="e_weight">91</data>
    </edge>
    <edge source="n13" target="n29">
      <data key="e_weight">90</data>
    </edge>
    <edge source="n29" target="n36">
      <data key="e_weight">184</data>
    </edge>
    <edge source="n14" target="n30">
      <data key="e_weight">100</data>
    </edge>
    <edge source="n30" target="n34">
      <data key="e_weight">197</data>
    </edge>
    <edge source="n30" target="n31">
      <data key="e_weight">193</data>
    </edge>
    <edge source="n30" target="n35">
      <data key="e_weight">93</data>
    </edge>
    <edge source="n30" target="n47">
      <data key="e_weight">92</data>
    </edge>
    <edge source="n15" target="n30">
      <data key="e_weight">87</data>
    </edge>
    <edge source="n31" target="n33">
      <data key="e_weight">196</data>
    </edge>
    <edge source="n31" target="n34">
      <data key="e_weight">95</data>
    </edge>
    <edge source="n31" target="n47">
      <data key="e_weight">92</data>
    </edge>
    <edge source="n15" target="n31">
      <data key="e_weight">91</data>
    </edge>
    <edge source="n20" target="n31">
      <data key="e_weight">90</data>
    </edge>
    <edge source="n31" target="n36">
      <data key="e_weight">88</data>
    </edge>
    <edge source="n32" target="n34">
      <data key="e_weight">198</data>
    </edge>
    <edge source="n32" target="n35">
      <data key="e_weight">193</data>
    </edge>
    <edge source="n32" target="n36">
      <data key="e_weight">194</data>
    </edge>
    <edge source="n13" target="n32">
      <data key="e_weight">95</data>
    </edge>
    <edge source="n16" target="n32">
      <data key="e_weight">92</data>
    </edge>
    <edge source="n24" target="n32">
      <data key="e_weight">90</data>
    </edge>
    <edge source="n14" target="n33">
      <data key="e_weight">100</data>
    </edge>
    <edge source="n33" target="n35">
      <data key="e_weight">197</data>
    </edge>
    <edge source="n33" target="n34">
      <data key="e_weight">98</data>
    </edge>
    <edge source="n30" target="n33">
      <data key="e_weight">97</data>
    </edge>
    <edge source="n20" target="n33">
      <data key="e_weight">95</data>
    </edge>
    <edge source="n12" target="n33">
      <data key="e_weight">93</data>
    </edge>
    <edge source="n15" target="n33">
      <data key="e_weight">92</data>
    </edge>
    <edge source="n34" target="n35">
      <data key="e_weight">193</data>
    </edge>
    <edge source="n16" target="n34">
      <data key="e_weight">87</data>
    </edge>
    <edge source="n11" target="n35">
      <data key="e_weight">93</data>
    </edge>
    <edge source="n35" target="n47">
      <data key="e_weight">184</data>
    </edge>
    <edge source="n35" target="n45">
      <data key="e_weight">185</data>
    </edge>
    <edge source="n35" target="n46">
      <data key="e_weight">89</data>
    </edge>
    <edge source="n14" target="n36">
      <data key="e_weight">100</data>
    </edge>
    <edge source="n34" target="n36">
      <data key="e_weight">97</data>
    </edge>
    <edge source="n11" target="n36">
      <data key="e_weight">95</data>
    </edge>
    <edge source="n30" target="n36">
      <data key="e_weight">93</data>
    </edge>
    <edge source="n13" target="n36">
      <data key="e_weight">91</data>
    </edge>
    <edge source="n35" target="n36">
      <data key="e_weight">85</data>
    </edge>
    <edge source="n37" target="n42">
      <data key="e_weight">98</data>
    </edge>
    <edge source="n37" target="n40">
      <data key="e_weight">96</data>
    </edge>
    <edge source="n37" target="n43">
      <data key="e_weight">95</data>
    </edge>
    <edge source="n16" target="n37">
      <data key="e_weight">93</data>
    </edge>
    <edge source="n37" target="n39">
      <data key="e_weight">91</data>
    </edge>
    <edge source="n37" target="n38">
      <data key="e_weight">89</data>
    </edge>
    <edge source="n37" target="n41">
      <data key="e_weight">85</data>
    </edge>
    <edge source="n37" target="n44">
      <data key="e_weight">84</data>
    </edge>
    <edge source="n14" target="n37">
      <data key="e_weight">83</data>
    </edge>
    <edge source="n16" target="n38">
      <data key="e_weight">100</data>
    </edge>
    <edge source="n38" target="n40">
      <data key="e_weight">195</data>
    </edge>
    <edge source="n38" target="n43">
      <data key="e_weight">186</data>
    </edge>
    <edge source="n38" target="n42">
      <data key="e_weight">91</data>
    </edge>
    <edge source="n14" target="n38">
      <data key="e_weight">89</data>
    </edge>
    <edge source="n38" target="n44">
      <data key="e_weight">179</data>
    </edge>
    <edge source="n38" target="n41">
      <data key="e_weight">86</data>
    </edge>
    <edge source="n38" target="n39">
      <data key="e_weight">181</data>
    </edge>
    <edge source="n39" target="n40">
      <data key="e_weight">195</data>
    </edge>
    <edge source="n34" target="n39">
      <data key="e_weight">98</data>
    </edge>
    <edge source="n12" target="n39">
      <data key="e_weight">96</data>
    </edge>
    <edge source="n13" target="n39">
      <data key="e_weight">95</data>
    </edge>
    <edge source="n14" target="n39">
      <data key="e_weight">93</data>
    </edge>
    <edge source="n15" target="n39">
      <data key="e_weight">92</data>
    </edge>
    <edge source="n16" target="n39">
      <data key="e_weight">91</data>
    </edge>
    <edge source="n39" target="n43">
      <data key="e_weight">89</data>
    </edge>
    <edge source="n34" target="n40">
      <data key="e_weight">99</data>
    </edge>
    <edge source="n11" target="n40">
      <data key="e_weight">98</data>
    </edge>
    <edge source="n13" target="n40">
      <data key="e_weight">93</data>
    </edge>
    <edge source="n35" target="n40">
      <data key="e_weight">92</data>
    </edge>
    <edge source="n40" target="n41">
      <data key="e_weight">99</data>
    </edge>
    <edge source="n11" target="n41">
      <data key="e_weight">98</data>
    </edge>
    <edge source="n36" target="n41">
      <data key="e_weight">97</data>
    </edge>
    <edge source="n24" target="n41">
      <data key="e_weight">94</data>
    </edge>
    <edge source="n18" target="n41">
      <data key="e_weight">90</data>
    </edge>
    <edge source="n34" target="n41">
      <data key="e_weight">88</data>
    </edge>
    <edge source="n15" target="n41">
      <data key="e_weight">87</data>
    </edge>
    <edge source="n16" target="n42">
      <data key="e_weight">100</data>
    </edge>
    <edge source="n42" target="n43">
      <data key="e_weight">98</data>
    </edge>
    <edge source="n13" target="n42">
      <data key="e_weight">91</data>
    </edge>
    <edge source="n30" target="n42">
      <data key="e_weight">90</data>
    </edge>
    <edge source="n41" target="n42">
      <data key="e_weight">87</data>
    </edge>
    <edge source="n42" target="n44">
      <data key="e_weight">166</data>
    </edge>
    <edge source="n39" target="n42">
      <data key="e_weight">82</data>
    </edge>
    <edge source="n13" target="n43">
      <data key="e_weight">96</data>
    </edge>
    <edge source="n20" target="n43">
      <data key="e_weight">94</data>
    </edge>
    <edge source="n14" target="n43">
      <data key="e_weight">92</data>
    </edge>
    <edge source="n35" target="n43">
      <data key="e_weight">90</data>
    </edge>
    <edge source="n34" target="n43">
      <data key="e_weight">88</data>
    </edge>
    <edge source="n16" target="n44">
      <data key="e_weight">99</data>
    </edge>
    <edge source="n43" target="n44">
      <data key="e_weight">98</data>
    </edge>
    <edge source="n34" target="n44">
      <data key="e_weight">97</data>
    </edge>
    <edge source="n39" target="n44">
      <data key="e_weight">85</data>
    </edge>
    <edge source="n30" target="n44">
      <data key="e_weight">78</data>
    </edge>
    <edge source="n45" target="n48">
      <data key="e_weight">200</data>
    </edge>
    <edge source="n45" target="n49">
      <data key="e_weight">196</data>
    </edge>
    <edge source="n45" target="n47">
      <data key="e_weight">195</data>
    </edge>
    <edge source="n3" target="n45">
      <data key="e_weight">96</data>
    </edge>
    <edge source="n45" target="n46">
      <data key="e_weight">192</data>
    </edge>
    <edge source="n16" target="n45">
      <data key="e_weight">93</data>
    </edge>
    <edge source="n45" target="n57">
      <data key="e_weight">91</data>
    </edge>
    <edge source="n46" target="n49">
      <data key="e_weight">196</data>
    </edge>
    <edge source="n46" target="n48">
      <data key="e_weight">198</data>
    </edge>
    <edge source="n46" target="n47">
      <data key="e_weight">193</data>
    </edge>
    <edge source="n16" target="n46">
      <data key="e_weight">95</data>
    </edge>
    <edge source="n14" target="n46">
      <data key="e_weight">94</data>
    </edge>
    <edge source="n3" target="n46">
      <data key="e_weight">93</data>
    </edge>
    <edge source="n12" target="n46">
      <data key="e_weight">92</data>
    </edge>
    <edge source="n47" target="n48">
      <data key="e_weight">193</data>
    </edge>
    <edge source="n47" target="n49">
      <data key="e_weight">199</data>
    </edge>
    <edge source="n14" target="n48">
      <data key="e_weight">98</data>
    </edge>
    <edge source="n48" target="n54">
      <data key="e_weight">188</data>
    </edge>
    <edge source="n12" target="n48">
      <data key="e_weight">96</data>
    </edge>
    <edge source="n13" target="n48">
      <data key="e_weight">94</data>
    </edge>
    <edge source="n48" target="n49">
      <data key="e_weight">189</data>
    </edge>
    <edge source="n16" target="n49">
      <data key="e_weight">95</data>
    </edge>
    <edge source="n14" target="n49">
      <data key="e_weight">93</data>
    </edge>
    <edge source="n12" target="n49">
      <data key="e_weight">92</data>
    </edge>
    <edge source="n3" target="n49">
      <data key="e_weight">91</data>
    </edge>
    <edge source="n48" target="n50">
      <data key="e_weight">100</data>
    </edge>
    <edge source="n17" target="n50">
      <data key="e_weight">99</data>
    </edge>
    <edge source="n45" target="n50">
      <data key="e_weight">98</data>
    </edge>
    <edge source="n47" target="n50">
      <data key="e_weight">97</data>
    </edge>
    <edge source="n46" target="n50">
      <data key="e_weight">96</data>
    </edge>
    <edge source="n49" target="n50">
      <data key="e_weight">95</data>
    </edge>
    <edge source="n3" target="n50">
      <data key="e_weight">94</data>
    </edge>
    <edge source="n12" target="n50">
      <data key="e_weight">93</data>
    </edge>
    <edge source="n35" target="n50">
      <data key="e_weight">92</data>
    </edge>
    <edge source="n0" target="n50">
      <data key="e_weight">91</data>
    </edge>
    <edge source="n51" target="n57">
      <data key="e_weight">190</data>
    </edge>
    <edge source="n4" target="n51">
      <data key="e_weight">99</data>
    </edge>
    <edge source="n51" target="n55">
      <data key="e_weight">192</data>
    </edge>
    <edge source="n51" target="n54">
      <data key="e_weight">97</data>
    </edge>
    <edge source="n51" target="n52">
      <data key="e_weight">96</data>
    </edge>
    <edge source="n51" target="n53">
      <data key="e_weight">94</data>
    </edge>
    <edge source="n51" target="n56">
      <data key="e_weight">93</data>
    </edge>
    <edge source="n3" target="n51">
      <data key="e_weight">92</data>
    </edge>
    <edge source="n52" target="n54">
      <data key="e_weight">200</data>
    </edge>
    <edge source="n52" target="n59">
      <data key="e_weight">199</data>
    </edge>
    <edge source="n52" target="n61">
      <data key="e_weight">198</data>
    </edge>
    <edge source="n52" target="n53">
      <data key="e_weight">197</data>
    </edge>
    <edge source="n52" target="n63">
      <data key="e_weight">94</data>
    </edge>
    <edge source="n52" target="n58">
      <data key="e_weight">182</data>
    </edge>
    <edge source="n52" target="n62">
      <data key="e_weight">185</data>
    </edge>
    <edge source="n53" target="n68">
      <data key="e_weight">199</data>
    </edge>
    <edge source="n11" target="n53">
      <data key="e_weight">98</data>
    </edge>
    <edge source="n1" target="n53">
      <data key="e_weight">96</data>
    </edge>
    <edge source="n6" target="n53">
      <data key="e_weight">95</data>
    </edge>
    <edge source="n53" target="n57">
      <data key="e_weight">192</data>
    </edge>
    <edge source="n53" target="n56">
      <data key="e_weight">191</data>
    </edge>
    <edge source="n53" target="n54">
      <data key="e_weight">189</data>
    </edge>
    <edge source="n54" target="n55">
      <data key="e_weight">197</data>
    </edge>
    <edge source="n1" target="n54">
      <data key="e_weight">95</data>
    </edge>
    <edge source="n54" target="n56">
      <data key="e_weight">193</data>
    </edge>
    <edge source="n54" target="n57">
      <data key="e_weight">191</data>
    </edge>
    <edge source="n53" target="n55">
      <data key="e_weight">100</data>
    </edge>
    <edge source="n52" target="n55">
      <data key="e_weight">98</data>
    </edge>
    <edge source="n55" target="n56">
      <data key="e_weight">195</data>
    </edge>
    <edge source="n55" target="n57">
      <data key="e_weight">191</data>
    </edge>
    <edge source="n17" target="n55">
      <data key="e_weight">93</data>
    </edge>
    <edge source="n49" target="n55">
      <data key="e_weight">91</data>
    </edge>
    <edge source="n56" target="n68">
      <data key="e_weight">186</data>
    </edge>
    <edge source="n56" target="n70">
      <data key="e_weight">189</data>
    </edge>
    <edge source="n52" target="n56">
      <data key="e_weight">95</data>
    </edge>
    <edge source="n13" target="n56">
      <data key="e_weight">94</data>
    </edge>
    <edge source="n19" target="n56">
      <data key="e_weight">93</data>
    </edge>
    <edge source="n0" target="n56">
      <data key="e_weight">91</data>
    </edge>
    <edge source="n52" target="n57">
      <data key="e_weight">95</data>
    </edge>
    <edge source="n57" target="n68">
      <data key="e_weight">94</data>
    </edge>
    <edge source="n6" target="n57">
      <data key="e_weight">93</data>
    </edge>
    <edge source="n0" target="n57">
      <data key="e_weight">91</data>
    </edge>
    <edge source="n58" target="n65">
      <data key="e_weight">100</data>
    </edge>
    <edge source="n58" target="n61">
      <data key="e_weight">195</data>
    </edge>
    <edge source="n58" target="n62">
      <data key="e_weight">98</data>
    </edge>
    <edge source="n58" target="n63">
      <data key="e_weight">92</data>
    </edge>
    <edge source="n58" target="n60">
      <data key="e_weight">87</data>
    </edge>
    <edge source="n59" target="n61">
      <data key="e_weight">197</data>
    </edge>
    <edge source="n58" target="n59">
      <data key="e_weight">96</data>
    </edge>
    <edge source="n59" target="n63">
      <data key="e_weight">194</data>
    </edge>
    <edge source="n59" target="n62">
      <data key="e_weight">193</data>
    </edge>
    <edge source="n59" target="n65">
      <data key="e_weight">92</data>
    </edge>
    <edge source="n11" target="n59">
      <data key="e_weight">88</data>
    </edge>
    <edge source="n1" target="n59">
      <data key="e_weight">87</data>
    </edge>
    <edge source="n52" target="n60">
      <data key="e_weight">100</data>
    </edge>
    <edge source="n6" target="n60">
      <data key="e_weight">99</data>
    </edge>
    <edge source="n60" target="n62">
      <data key="e_weight">98</data>
    </edge>
    <edge source="n53" target="n60">
      <data key="e_weight">96</data>
    </edge>
    <edge source="n60" target="n73">
      <data key="e_weight">92</data>
    </edge>
    <edge source="n60" target="n61">
      <data key="e_weight">181</data>
    </edge>
    <edge source="n61" target="n65">
      <data key="e_weight">94</data>
    </edge>
    <edge source="n61" target="n62">
      <data key="e_weight">188</data>
    </edge>
    <edge source="n53" target="n61">
      <data key="e_weight">92</data>
    </edge>
    <edge source="n61" target="n64">
      <data key="e_weight">183</data>
    </edge>
    <edge source="n61" target="n63">
      <data key="e_weight">87</data>
    </edge>
    <edge source="n62" target="n63">
      <data key="e_weight">195</data>
    </edge>
    <edge source="n6" target="n62">
      <data key="e_weight">93</data>
    </edge>
    <edge source="n13" target="n62">
      <data key="e_weight">92</data>
    </edge>
    <edge source="n53" target="n62">
      <data key="e_weight">86</data>
    </edge>
    <edge source="n14" target="n62">
      <data key="e_weight">83</data>
    </edge>
    <edge source="n0" target="n63">
      <data key="e_weight">95</data>
    </edge>
    <edge source="n1" target="n63">
      <data key="e_weight">94</data>
    </edge>
    <edge source="n60" target="n63">
      <data key="e_weight">92</data>
    </edge>
    <edge source="n63" target="n71">
      <data key="e_weight">184</data>
    </edge>
    <edge source="n63" target="n64">
      <data key="e_weight">96</data>
    </edge>
    <edge source="n58" target="n64">
      <data key="e_weight">95</data>
    </edge>
    <edge source="n62" target="n64">
      <data key="e_weight">94</data>
    </edge>
    <edge source="n64" target="n65">
      <data key="e_weight">92</data>
    </edge>
    <edge source="n52" target="n64">
      <data key="e_weight">90</data>
    </edge>
    <edge source="n52" target="n65">
      <data key="e_weight">99</data>
    </edge>
    <edge source="n54" target="n65">
      <data key="e_weight">98</data>
    </edge>
    <edge source="n65" target="n69">
      <data key="e_weight">97</data>
    </edge>
    <edge source="n1" target="n65">
      <data key="e_weight">96</data>
    </edge>
    <edge source="n53" target="n65">
      <data key="e_weight">94</data>
    </edge>
    <edge source="n5" target="n65">
      <data key="e_weight">93</data>
    </edge>
    <edge source="n19" target="n65">
      <data key="e_weight">91</data>
    </edge>
    <edge source="n53" target="n66">
      <data key="e_weight">100</data>
    </edge>
    <edge source="n66" target="n70">
      <data key="e_weight">99</data>
    </edge>
    <edge source="n66" target="n69">
      <data key="e_weight">98</data>
    </edge>
    <edge source="n66" target="n72">
      <data key="e_weight">92</data>
    </edge>
    <edge source="n66" target="n68">
      <data key="e_weight">91</data>
    </edge>
    <edge source="n66" target="n71">
      <data key="e_weight">90</data>
    </edge>
    <edge source="n66" target="n73">
      <data key="e_weight">187</data>
    </edge>
    <edge source="n53" target="n67">
      <data key="e_weight">100</data>
    </edge>
    <edge source="n67" target="n69">
      <data key="e_weight">99</data>
    </edge>
    <edge source="n66" target="n67">
      <data key="e_weight">98</data>
    </edge>
    <edge source="n67" target="n68">
      <data key="e_weight">97</data>
    </edge>
    <edge source="n67" target="n70">
      <data key="e_weight">94</data>
    </edge>
    <edge source="n67" target="n71">
      <data key="e_weight">189</data>
    </edge>
    <edge source="n67" target="n72">
      <data key="e_weight">190</data>
    </edge>
    <edge source="n67" target="n73">
      <data key="e_weight">187</data>
    </edge>
    <edge source="n52" target="n68">
      <data key="e_weight">98</data>
    </edge>
    <edge source="n54" target="n68">
      <data key="e_weight">97</data>
    </edge>
    <edge source="n1" target="n68">
      <data key="e_weight">96</data>
    </edge>
    <edge source="n68" target="n73">
      <data key="e_weight">190</data>
    </edge>
    <edge source="n69" target="n70">
      <data key="e_weight">100</data>
    </edge>
    <edge source="n68" target="n69">
      <data key="e_weight">99</data>
    </edge>
    <edge source="n1" target="n69">
      <data key="e_weight">98</data>
    </edge>
    <edge source="n54" target="n69">
      <data key="e_weight">96</data>
    </edge>
    <edge source="n6" target="n69">
      <data key="e_weight">94</data>
    </edge>
    <edge source="n53" target="n70">
      <data key="e_weight">100</data>
    </edge>
    <edge source="n70" target="n72">
      <data key="e_weight">99</data>
    </edge>
    <edge source="n13" target="n70">
      <data key="e_weight">98</data>
    </edge>
    <edge source="n54" target="n70">
      <data key="e_weight">97</data>
    </edge>
    <edge source="n52" target="n70">
      <data key="e_weight">92</data>
    </edge>
    <edge source="n1" target="n70">
      <data key="e_weight">91</data>
    </edge>
    <edge source="n53" target="n71">
      <data key="e_weight">100</data>
    </edge>
    <edge source="n70" target="n71">
      <data key="e_weight">99</data>
    </edge>
    <edge source="n69" target="n71">
      <data key="e_weight">98</data>
    </edge>
    <edge source="n68" target="n71">
      <data key="e_weight">97</data>
    </edge>
    <edge source="n71" target="n72">
      <data key="e_weight">94</data>
    </edge>
    <edge source="n1" target="n71">
      <data key="e_weight">87</data>
    </edge>
    <edge source="n71" target="n73">
      <data key="e_weight">86</data>
    </edge>
    <edge source="n53" target="n72">
      <data key="e_weight">100</data>
    </edge>
    <edge source="n68" target="n72">
      <data key="e_weight">99</data>
    </edge>
    <edge source="n69" target="n72">
      <data key="e_weight">97</data>
    </edge>
    <edge source="n1" target="n72">
      <data key="e_weight">96</data>
    </edge>
    <edge source="n11" target="n72">
      <data key="e_weight">95</data>
    </edge>
    <edge source="n54" target="n72">
      <data key="e_weight">94</data>
    </edge>
    <edge source="n52" target="n72">
      <data key="e_weight">93</data>
    </edge>
    <edge source="n13" target="n72">
      <data key="e_weight">92</data>
    </edge>
    <edge source="n6" target="n72">
      <data key="e_weight">91</data>
    </edge>
    <edge source="n53" target="n73">
      <data key="e_weight">100</data>
    </edge>
    <edge source="n69" target="n73">
      <data key="e_weight">97</data>
    </edge>
    <edge source="n19" target="n73">
      <data key="e_weight">95</data>
    </edge>
    <edge source="n13" target="n73">
      <data key="e_weight">94</data>
    </edge>
    <edge source="n54" target="n73">
      <data key="e_weight">93</data>
    </edge>
    <edge source="n11" target="n73">
      <data key="e_weight">92</data>
    </edge>
    <edge source="n1" target="n73">
      <data key="e_weight">91</data>
    </edge>
  </graph>
</graphml>
