<?xml version="1.0" encoding="UTF-8"?>
<graphml xmlns="http://graphml.graphdrawing.org/xmlns"
         xmlns:xsi="http://www.w3.org/2001/XMLSchema-instance"
         xsi:schemaLocation="http://graphml.graphdrawing.org/xmlns
         http://graphml.graphdrawing.org/xmlns/1.0/graphml.xsd">
<!-- Created by igraph -->
  <key id="v_Title" for="node" attr.name="Title" attr.type="string"/>
  <key id="v_hrank" for="node" attr.name="hrank" attr.type="double"/>
  <key id="v_numDirects" for="node" attr.name="numDirects" attr.type="double"/>
  <key id="v_numCollegues" for="node" attr.name="numCollegues" attr.type="double"/>
  <key id="v_id" for="node" attr.name="id" attr.type="string"/>
  <key id="e_weight" for="edge" attr.name="weight" attr.type="double"/>
  <graph id="G" edgedefault="directed">
    <node id="n0">
      <data key="v_Title">Sri Srinivasan</data>
      <data key="v_hrank">0</data>
      <data key="v_numDirects">9</data>
      <data key="v_numCollegues">0</data>
      <data key="v_id">148878581</data>
    </node>
    <node id="n1">
      <data key="v_Title">Amar Nalla</data>
      <data key="v_hrank">1</data>
      <data key="v_numDirects">0</data>
      <data key="v_numCollegues">9</data>
      <data key="v_id">148882938</data>
    </node>
    <node id="n2">
      <data key="v_Title">Muhammad Alam</data>
      <data key="v_hrank">1</data>
      <data key="v_numDirects">6</data>
      <data key="v_numCollegues">9</data>
      <data key="v_id">148890781</data>
    </node>
    <node id="n3">
      <data key="v_Title">Sarah Solis</data>
      <data key="v_hrank">1</data>
      <data key="v_numDirects">0</data>
      <data key="v_numCollegues">9</data>
      <data key="v_id">149314786</data>
    </node>
    <node id="n4">
      <data key="v_Title">Ahmad El Husseini</data>
      <data key="v_hrank">1</data>
      <data key="v_numDirects">0</data>
      <data key="v_numCollegues">9</data>
      <data key="v_id">149318174</data>
    </node>
    <node id="n5">
      <data key="v_Title">Jakob Steen Hansen</data>
      <data key="v_hrank">1</data>
      <data key="v_numDirects">5</data>
      <data key="v_numCollegues">9</data>
      <data key="v_id">149325694</data>
    </node>
    <node id="n6">
      <data key="v_Title">Josh Honeyman</data>
      <data key="v_hrank">1</data>
      <data key="v_numDirects">9</data>
      <data key="v_numCollegues">9</data>
      <data key="v_id">149368456</data>
    </node>
    <node id="n7">
      <data key="v_Title">Sreenivas Simhadri</data>
      <data key="v_hrank">1</data>
      <data key="v_numDirects">7</data>
      <data key="v_numCollegues">9</data>
      <data key="v_id">149369183</data>
    </node>
    <node id="n8">
      <data key="v_Title">Ann Beebe</data>
      <data key="v_hrank">1</data>
      <data key="v_numDirects">12</data>
      <data key="v_numCollegues">9</data>
      <data key="v_id">149389430</data>
    </node>
    <node id="n9">
      <data key="v_Title">Arif Kureshy</data>
      <data key="v_hrank">1</data>
      <data key="v_numDirects">11</data>
      <data key="v_numCollegues">9</data>
      <data key="v_id">149311152</data>
    </node>
    <node id="n10">
      <data key="v_Title">Manoj Swaminathan</data>
      <data key="v_hrank">2</data>
      <data key="v_numDirects">17</data>
      <data key="v_numCollegues">6</data>
      <data key="v_id">88323178</data>
    </node>
    <node id="n11">
      <data key="v_Title">Omar Choudhry</data>
      <data key="v_hrank">2</data>
      <data key="v_numDirects">3</data>
      <data key="v_numCollegues">6</data>
      <data key="v_id">148875035</data>
    </node>
    <node id="n12">
      <data key="v_Title">Roger Gilchrist</data>
      <data key="v_hrank">2</data>
      <data key="v_numDirects">4</data>
      <data key="v_numCollegues">6</data>
      <data key="v_id">149335777</data>
    </node>
    <node id="n13">
      <data key="v_Title">Dan Ogren</data>
      <data key="v_hrank">2</data>
      <data key="v_numDirects">11</data>
      <data key="v_numCollegues">6</data>
      <data key="v_id">149339258</data>
    </node>
    <node id="n14">
      <data key="v_Title">Swamy Narayana</data>
      <data key="v_hrank">2</data>
      <data key="v_numDirects">12</data>
      <data key="v_numCollegues">6</data>
      <data key="v_id">149371735</data>
    </node>
    <node id="n15">
      <data key="v_Title">Gurkan Salk</data>
      <data key="v_hrank">2</data>
      <data key="v_numDirects">26</data>
      <data key="v_numCollegues">6</data>
      <data key="v_id">149409034</data>
    </node>
    <node id="n16">
      <data key="v_Title">v-vichee Cheekoti (Sonata Software North America)</data>
      <data key="v_hrank">3</data>
      <data key="v_numDirects">0</data>
      <data key="v_numCollegues">17</data>
      <data key="v_id">86688200</data>
    </node>
    <node id="n17">
      <data key="v_Title">Joris de Gruyter</data>
      <data key="v_hrank">3</data>
      <data key="v_numDirects">0</data>
      <data key="v_numCollegues">17</data>
      <data key="v_id">89561065</data>
    </node>
    <node id="n18">
      <data key="v_Title">Raghav Vurrinka (Sonata Software North America)</data>
      <data key="v_hrank">3</data>
      <data key="v_numDirects">0</data>
      <data key="v_numCollegues">17</data>
      <data key="v_id">95580454</data>
    </node>
    <node id="n19">
      <data key="v_Title">Rajesh Jampula (Sonata Software North America)</data>
      <data key="v_hrank">3</data>
      <data key="v_numDirects">0</data>
      <data key="v_numCollegues">17</data>
      <data key="v_id">149311544</data>
    </node>
    <node id="n20">
      <data key="v_Title">Kishore Penugonda</data>
      <data key="v_hrank">3</data>
      <data key="v_numDirects">0</data>
      <data key="v_numCollegues">17</data>
      <data key="v_id">149314898</data>
    </node>
    <node id="n21">
      <data key="v_Title">Ray Bennett</data>
      <data key="v_hrank">3</data>
      <data key="v_numDirects">0</data>
      <data key="v_numCollegues">17</data>
      <data key="v_id">149327216</data>
    </node>
    <node id="n22">
      <data key="v_Title">Gokul Ramesh</data>
      <data key="v_hrank">3</data>
      <data key="v_numDirects">0</data>
      <data key="v_numCollegues">17</data>
      <data key="v_id">149376307</data>
    </node>
    <node id="n23">
      <data key="v_Title">Davy Vliegen</data>
      <data key="v_hrank">3</data>
      <data key="v_numDirects">0</data>
      <data key="v_numCollegues">17</data>
      <data key="v_id">149385481</data>
    </node>
    <node id="n24">
      <data key="v_Title">Tariq Bell</data>
      <data key="v_hrank">3</data>
      <data key="v_numDirects">0</data>
      <data key="v_numCollegues">17</data>
      <data key="v_id">149392731</data>
    </node>
    <node id="n25">
      <data key="v_Title">Paul Wu (MBS)</data>
      <data key="v_hrank">3</data>
      <data key="v_numDirects">0</data>
      <data key="v_numCollegues">17</data>
      <data key="v_id">149396517</data>
    </node>
    <node id="n26">
      <data key="v_Title">v-bhdomm Dommata (Sonata Software North America)</data>
      <data key="v_hrank">3</data>
      <data key="v_numDirects">0</data>
      <data key="v_numCollegues">17</data>
      <data key="v_id">149410588</data>
    </node>
    <node id="n27">
      <data key="v_Title">Zach Greenvoss</data>
      <data key="v_hrank">3</data>
      <data key="v_numDirects">0</data>
      <data key="v_numCollegues">17</data>
      <data key="v_id">149461827</data>
    </node>
    <node id="n28">
      <data key="v_Title">Jeff Luo</data>
      <data key="v_hrank">3</data>
      <data key="v_numDirects">0</data>
      <data key="v_numCollegues">17</data>
      <data key="v_id">149488492</data>
    </node>
    <node id="n29">
      <data key="v_Title">Tyler Hills (Sonata Software North America)</data>
      <data key="v_hrank">3</data>
      <data key="v_numDirects">0</data>
      <data key="v_numCollegues">17</data>
      <data key="v_id">163661438</data>
    </node>
    <node id="n30">
      <data key="v_Title">Naresh Kota (Sonata Software North America)</data>
      <data key="v_hrank">3</data>
      <data key="v_numDirects">0</data>
      <data key="v_numCollegues">17</data>
      <data key="v_id">208321430</data>
    </node>
    <node id="n31">
      <data key="v_Title">Ankur Srivastava (Sonata Software Ltd)</data>
      <data key="v_hrank">3</data>
      <data key="v_numDirects">0</data>
      <data key="v_numCollegues">17</data>
      <data key="v_id">252317829</data>
    </node>
    <node id="n32">
      <data key="v_Title">Feba Thomas (Sonata Software North America)</data>
      <data key="v_hrank">3</data>
      <data key="v_numDirects">0</data>
      <data key="v_numCollegues">17</data>
      <data key="v_id">17592277562937</data>
    </node>
    <node id="n33">
      <data key="v_Title">Heather Vaughan (Kalvi Consulting Services Inc)</data>
      <data key="v_hrank">3</data>
      <data key="v_numDirects">0</data>
      <data key="v_numCollegues">3</data>
      <data key="v_id">149435653</data>
    </node>
    <node id="n34">
      <data key="v_Title">Pallavi Manohar (Kalvi Consulting Services Inc)</data>
      <data key="v_hrank">3</data>
      <data key="v_numDirects">0</data>
      <data key="v_numCollegues">3</data>
      <data key="v_id">17592588167337</data>
    </node>
    <node id="n35">
      <data key="v_Title">Anirudh G Vaidya (Kalvi Consulting Services Inc)</data>
      <data key="v_hrank">3</data>
      <data key="v_numDirects">0</data>
      <data key="v_numCollegues">3</data>
      <data key="v_id">17592605501431</data>
    </node>
    <node id="n36">
      <data key="v_Title">Phil Hand</data>
      <data key="v_hrank">3</data>
      <data key="v_numDirects">0</data>
      <data key="v_numCollegues">4</data>
      <data key="v_id">148891569</data>
    </node>
    <node id="n37">
      <data key="v_Title">Paul Maré</data>
      <data key="v_hrank">3</data>
      <data key="v_numDirects">0</data>
      <data key="v_numCollegues">4</data>
      <data key="v_id">149315271</data>
    </node>
    <node id="n38">
      <data key="v_Title">Klaudia Roveri</data>
      <data key="v_hrank">3</data>
      <data key="v_numDirects">0</data>
      <data key="v_numCollegues">4</data>
      <data key="v_id">149359560</data>
    </node>
    <node id="n39">
      <data key="v_Title">Jason du Plessis</data>
      <data key="v_hrank">3</data>
      <data key="v_numDirects">0</data>
      <data key="v_numCollegues">4</data>
      <data key="v_id">17592567032403</data>
    </node>
    <node id="n40">
      <data key="v_Title">Matt Sheard</data>
      <data key="v_hrank">3</data>
      <data key="v_numDirects">0</data>
      <data key="v_numCollegues">11</data>
      <data key="v_id">148875755</data>
    </node>
    <node id="n41">
      <data key="v_Title">Piyush Agrawal</data>
      <data key="v_hrank">3</data>
      <data key="v_numDirects">0</data>
      <data key="v_numCollegues">11</data>
      <data key="v_id">148898952</data>
    </node>
    <node id="n42">
      <data key="v_Title">Andreas Hofmann</data>
      <data key="v_hrank">3</data>
      <data key="v_numDirects">0</data>
      <data key="v_numCollegues">11</data>
      <data key="v_id">149313700</data>
    </node>
    <node id="n43">
      <data key="v_Title">Marc De Deygere</data>
      <data key="v_hrank">3</data>
      <data key="v_numDirects">0</data>
      <data key="v_numCollegues">11</data>
      <data key="v_id">149366737</data>
    </node>
    <node id="n44">
      <data key="v_Title">Archana Prasad</data>
      <data key="v_hrank">3</data>
      <data key="v_numDirects">0</data>
      <data key="v_numCollegues">11</data>
      <data key="v_id">149389796</data>
    </node>
    <node id="n45">
      <data key="v_Title">Kirill Val</data>
      <data key="v_hrank">3</data>
      <data key="v_numDirects">0</data>
      <data key="v_numCollegues">11</data>
      <data key="v_id">149404396</data>
    </node>
    <node id="n46">
      <data key="v_Title">Sachin Gandhi</data>
      <data key="v_hrank">3</data>
      <data key="v_numDirects">0</data>
      <data key="v_numCollegues">11</data>
      <data key="v_id">149426571</data>
    </node>
    <node id="n47">
      <data key="v_Title">Sid Datta</data>
      <data key="v_hrank">3</data>
      <data key="v_numDirects">0</data>
      <data key="v_numCollegues">11</data>
      <data key="v_id">149434436</data>
    </node>
    <node id="n48">
      <data key="v_Title">Vaibhav Pednekar</data>
      <data key="v_hrank">3</data>
      <data key="v_numDirects">0</data>
      <data key="v_numCollegues">11</data>
      <data key="v_id">149485269</data>
    </node>
    <node id="n49">
      <data key="v_Title">Murali Kumanduri</data>
      <data key="v_hrank">3</data>
      <data key="v_numDirects">0</data>
      <data key="v_numCollegues">11</data>
      <data key="v_id">231494233</data>
    </node>
    <node id="n50">
      <data key="v_Title">Per Baarsoe Jorgensen</data>
      <data key="v_hrank">3</data>
      <data key="v_numDirects">0</data>
      <data key="v_numCollegues">11</data>
      <data key="v_id">17592605326509</data>
    </node>
    <node id="n51">
      <data key="v_Title">Agust Bjornsson</data>
      <data key="v_hrank">3</data>
      <data key="v_numDirects">0</data>
      <data key="v_numCollegues">12</data>
      <data key="v_id">2286710</data>
    </node>
    <node id="n52">
      <data key="v_Title">Sunil Garg</data>
      <data key="v_hrank">3</data>
      <data key="v_numDirects">0</data>
      <data key="v_numCollegues">12</data>
      <data key="v_id">148876010</data>
    </node>
    <node id="n53">
      <data key="v_Title">Eric Pegors</data>
      <data key="v_hrank">3</data>
      <data key="v_numDirects">0</data>
      <data key="v_numCollegues">12</data>
      <data key="v_id">148895017</data>
    </node>
    <node id="n54">
      <data key="v_Title">Claudia Betz-Haubold</data>
      <data key="v_hrank">3</data>
      <data key="v_numDirects">0</data>
      <data key="v_numCollegues">12</data>
      <data key="v_id">149306610</data>
    </node>
    <node id="n55">
      <data key="v_Title">Kim Nelson (DYNAMICS)</data>
      <data key="v_hrank">3</data>
      <data key="v_numDirects">0</data>
      <data key="v_numCollegues">12</data>
      <data key="v_id">149325189</data>
    </node>
    <node id="n56">
      <data key="v_Title">Sushant Mudholkar</data>
      <data key="v_hrank">3</data>
      <data key="v_numDirects">0</data>
      <data key="v_numCollegues">12</data>
      <data key="v_id">149344181</data>
    </node>
    <node id="n57">
      <data key="v_Title">Praveen Kumar Srinivasan Rajendiran</data>
      <data key="v_hrank">3</data>
      <data key="v_numDirects">0</data>
      <data key="v_numCollegues">12</data>
      <data key="v_id">149365962</data>
    </node>
    <node id="n58">
      <data key="v_Title">Ajit Kotwal</data>
      <data key="v_hrank">3</data>
      <data key="v_numDirects">0</data>
      <data key="v_numCollegues">12</data>
      <data key="v_id">149494898</data>
    </node>
    <node id="n59">
      <data key="v_Title">Clay Wesener</data>
      <data key="v_hrank">3</data>
      <data key="v_numDirects">0</data>
      <data key="v_numCollegues">12</data>
      <data key="v_id">194905707</data>
    </node>
    <node id="n60">
      <data key="v_Title">d6627066-fd68-4b89-b125-c5f54f7334d5</data>
      <data key="v_hrank">3</data>
      <data key="v_numDirects">0</data>
      <data key="v_numCollegues">12</data>
      <data key="v_id">194937521</data>
    </node>
    <node id="n61">
      <data key="v_Title">Alejandro Gutierrez</data>
      <data key="v_hrank">3</data>
      <data key="v_numDirects">0</data>
      <data key="v_numCollegues">12</data>
      <data key="v_id">223317613</data>
    </node>
    <node id="n62">
      <data key="v_Title">Nalin Shukla</data>
      <data key="v_hrank">3</data>
      <data key="v_numDirects">0</data>
      <data key="v_numCollegues">12</data>
      <data key="v_id">149319576</data>
    </node>
    <node id="n63">
      <data key="v_Title">Syai Reddy Desam (Sonata Software North America)</data>
      <data key="v_hrank">3</data>
      <data key="v_numDirects">0</data>
      <data key="v_numCollegues">26</data>
      <data key="v_id">129038442</data>
    </node>
    <node id="n64">
      <data key="v_Title">Chanpreet Saluja</data>
      <data key="v_hrank">3</data>
      <data key="v_numDirects">0</data>
      <data key="v_numCollegues">26</data>
      <data key="v_id">148888375</data>
    </node>
    <node id="n65">
      <data key="v_Title">Siva Badveli (Sonata Software North America)</data>
      <data key="v_hrank">3</data>
      <data key="v_numDirects">0</data>
      <data key="v_numCollegues">26</data>
      <data key="v_id">148888919</data>
    </node>
    <node id="n66">
      <data key="v_Title">Jason Kim</data>
      <data key="v_hrank">3</data>
      <data key="v_numDirects">0</data>
      <data key="v_numCollegues">26</data>
      <data key="v_id">149303348</data>
    </node>
    <node id="n67">
      <data key="v_Title">Ganapathy Venkatachalam</data>
      <data key="v_hrank">3</data>
      <data key="v_numDirects">0</data>
      <data key="v_numCollegues">26</data>
      <data key="v_id">149304207</data>
    </node>
    <node id="n68">
      <data key="v_Title">Aditya Varma</data>
      <data key="v_hrank">3</data>
      <data key="v_numDirects">0</data>
      <data key="v_numCollegues">26</data>
      <data key="v_id">149320977</data>
    </node>
    <node id="n69">
      <data key="v_Title">Prashanth GanapathyRaj</data>
      <data key="v_hrank">3</data>
      <data key="v_numDirects">0</data>
      <data key="v_numCollegues">26</data>
      <data key="v_id">149360571</data>
    </node>
    <node id="n70">
      <data key="v_Title">Darren Liu</data>
      <data key="v_hrank">3</data>
      <data key="v_numDirects">0</data>
      <data key="v_numCollegues">26</data>
      <data key="v_id">149385259</data>
    </node>
    <node id="n71">
      <data key="v_Title">Jayme Pechan</data>
      <data key="v_hrank">3</data>
      <data key="v_numDirects">0</data>
      <data key="v_numCollegues">26</data>
      <data key="v_id">149393535</data>
    </node>
    <node id="n72">
      <data key="v_Title">Manjunath Gubbi</data>
      <data key="v_hrank">3</data>
      <data key="v_numDirects">0</data>
      <data key="v_numCollegues">26</data>
      <data key="v_id">149414520</data>
    </node>
    <node id="n73">
      <data key="v_Title">Simon Matthews</data>
      <data key="v_hrank">3</data>
      <data key="v_numDirects">0</data>
      <data key="v_numCollegues">26</data>
      <data key="v_id">149441704</data>
    </node>
    <node id="n74">
      <data key="v_Title">Mahesh Pedada (Sonata Software North America)</data>
      <data key="v_hrank">3</data>
      <data key="v_numDirects">0</data>
      <data key="v_numCollegues">26</data>
      <data key="v_id">149448889</data>
    </node>
    <node id="n75">
      <data key="v_Title">Chris Knowles</data>
      <data key="v_hrank">3</data>
      <data key="v_numDirects">0</data>
      <data key="v_numCollegues">26</data>
      <data key="v_id">149454768</data>
    </node>
    <node id="n76">
      <data key="v_Title">Karthikeyan Varatharajan (Sonata Software North America)</data>
      <data key="v_hrank">3</data>
      <data key="v_numDirects">0</data>
      <data key="v_numCollegues">26</data>
      <data key="v_id">149493725</data>
    </node>
    <node id="n77">
      <data key="v_Title">Sujatha Sundaram (Persistent Systems Ltd.)</data>
      <data key="v_hrank">3</data>
      <data key="v_numDirects">0</data>
      <data key="v_numCollegues">26</data>
      <data key="v_id">17592296586779</data>
    </node>
    <node id="n78">
      <data key="v_Title">David Parker (Persistent Systems Ltd.)</data>
      <data key="v_hrank">3</data>
      <data key="v_numDirects">0</data>
      <data key="v_numCollegues">26</data>
      <data key="v_id">17592312618775</data>
    </node>
    <node id="n79">
      <data key="v_Title">Pramod Pratil (Persistent Systems Ltd.)</data>
      <data key="v_hrank">3</data>
      <data key="v_numDirects">0</data>
      <data key="v_numCollegues">26</data>
      <data key="v_id">17592352153979</data>
    </node>
    <node id="n80">
      <data key="v_Title">Avinash Wasnik (Persistent Systems Ltd.)</data>
      <data key="v_hrank">3</data>
      <data key="v_numDirects">0</data>
      <data key="v_numCollegues">26</data>
      <data key="v_id">17592374812842</data>
    </node>
    <node id="n81">
      <data key="v_Title">Jiro Koumi</data>
      <data key="v_hrank">3</data>
      <data key="v_numDirects">0</data>
      <data key="v_numCollegues">26</data>
      <data key="v_id">17592415007404</data>
    </node>
    <node id="n82">
      <data key="v_Title">Allan Dsouza (Persistent Systems Ltd.)</data>
      <data key="v_hrank">3</data>
      <data key="v_numDirects">0</data>
      <data key="v_numCollegues">26</data>
      <data key="v_id">17592443236656</data>
    </node>
    <node id="n83">
      <data key="v_Title">v-sabhu Bhure (Sonata Software North America)</data>
      <data key="v_hrank">3</data>
      <data key="v_numDirects">0</data>
      <data key="v_numCollegues">26</data>
      <data key="v_id">17592489390427</data>
    </node>
    <node id="n84">
      <data key="v_Title">Tinu Nelson (Sonata Software North America)</data>
      <data key="v_hrank">3</data>
      <data key="v_numDirects">0</data>
      <data key="v_numCollegues">26</data>
      <data key="v_id">17592560194988</data>
    </node>
    <node id="n85">
      <data key="v_Title">Nikita Polyakov</data>
      <data key="v_hrank">3</data>
      <data key="v_numDirects">0</data>
      <data key="v_numCollegues">26</data>
      <data key="v_id">17592578604104</data>
    </node>
    <node id="n86">
      <data key="v_Title">Babu Bura (Sonata Software Ltd)</data>
      <data key="v_hrank">3</data>
      <data key="v_numDirects">0</data>
      <data key="v_numCollegues">26</data>
      <data key="v_id">17592580924004</data>
    </node>
    <node id="n87">
      <data key="v_Title">Ramchander Vemula (Sonata Software North America)</data>
      <data key="v_hrank">3</data>
      <data key="v_numDirects">0</data>
      <data key="v_numCollegues">26</data>
      <data key="v_id">17592605267060</data>
    </node>
    <node id="n88">
      <data key="v_Title">Amol Andhalkar (Persistent Systems Private Ltd)</data>
      <data key="v_hrank">3</data>
      <data key="v_numDirects">0</data>
      <data key="v_numCollegues">26</data>
      <data key="v_id">17592605316561</data>
    </node>
    <node id="n89">
      <data key="v_Title">Gopal Madhavan</data>
      <data key="v_hrank">2</data>
      <data key="v_numDirects">5</data>
      <data key="v_numCollegues">5</data>
      <data key="v_id">148881141</data>
    </node>
    <node id="n90">
      <data key="v_Title">Dipanjan Ghosh</data>
      <data key="v_hrank">2</data>
      <data key="v_numDirects">6</data>
      <data key="v_numCollegues">5</data>
      <data key="v_id">148888314</data>
    </node>
    <node id="n91">
      <data key="v_Title">Tao Wang (MBS)</data>
      <data key="v_hrank">2</data>
      <data key="v_numDirects">4</data>
      <data key="v_numCollegues">5</data>
      <data key="v_id">148894431</data>
    </node>
    <node id="n92">
      <data key="v_Title">John Stairs</data>
      <data key="v_hrank">2</data>
      <data key="v_numDirects">10</data>
      <data key="v_numCollegues">5</data>
      <data key="v_id">149347239</data>
    </node>
    <node id="n93">
      <data key="v_Title">Ross Hillier</data>
      <data key="v_hrank">2</data>
      <data key="v_numDirects">9</data>
      <data key="v_numCollegues">5</data>
      <data key="v_id">149391500</data>
    </node>
    <node id="n94">
      <data key="v_Title">Kanaka Komandur</data>
      <data key="v_hrank">3</data>
      <data key="v_numDirects">0</data>
      <data key="v_numCollegues">5</data>
      <data key="v_id">149300544</data>
    </node>
    <node id="n95">
      <data key="v_Title">Kayton Parekh</data>
      <data key="v_hrank">3</data>
      <data key="v_numDirects">0</data>
      <data key="v_numCollegues">5</data>
      <data key="v_id">149302396</data>
    </node>
    <node id="n96">
      <data key="v_Title">Kranthi Erusu</data>
      <data key="v_hrank">3</data>
      <data key="v_numDirects">0</data>
      <data key="v_numCollegues">5</data>
      <data key="v_id">149343841</data>
    </node>
    <node id="n97">
      <data key="v_Title">Payal Gupta</data>
      <data key="v_hrank">3</data>
      <data key="v_numDirects">0</data>
      <data key="v_numCollegues">5</data>
      <data key="v_id">149416946</data>
    </node>
    <node id="n98">
      <data key="v_Title">Olga Nikonova</data>
      <data key="v_hrank">3</data>
      <data key="v_numDirects">0</data>
      <data key="v_numCollegues">5</data>
      <data key="v_id">149477958</data>
    </node>
    <node id="n99">
      <data key="v_Title">Vijay Kasarabada</data>
      <data key="v_hrank">3</data>
      <data key="v_numDirects">0</data>
      <data key="v_numCollegues">6</data>
      <data key="v_id">148898740</data>
    </node>
    <node id="n100">
      <data key="v_Title">Shweta Saini</data>
      <data key="v_hrank">3</data>
      <data key="v_numDirects">0</data>
      <data key="v_numCollegues">6</data>
      <data key="v_id">149321123</data>
    </node>
    <node id="n101">
      <data key="v_Title">Dave Parslow</data>
      <data key="v_hrank">3</data>
      <data key="v_numDirects">0</data>
      <data key="v_numCollegues">6</data>
      <data key="v_id">149330426</data>
    </node>
    <node id="n102">
      <data key="v_Title">Nestor Perez Borrajero</data>
      <data key="v_hrank">3</data>
      <data key="v_numDirects">0</data>
      <data key="v_numCollegues">6</data>
      <data key="v_id">149376001</data>
    </node>
    <node id="n103">
      <data key="v_Title">David Lannoye</data>
      <data key="v_hrank">3</data>
      <data key="v_numDirects">0</data>
      <data key="v_numCollegues">6</data>
      <data key="v_id">149385456</data>
    </node>
    <node id="n104">
      <data key="v_Title">Maksym Bondarenko</data>
      <data key="v_hrank">3</data>
      <data key="v_numDirects">0</data>
      <data key="v_numCollegues">6</data>
      <data key="v_id">149444567</data>
    </node>
    <node id="n105">
      <data key="v_Title">Mike Nordick</data>
      <data key="v_hrank">3</data>
      <data key="v_numDirects">0</data>
      <data key="v_numCollegues">4</data>
      <data key="v_id">148878702</data>
    </node>
    <node id="n106">
      <data key="v_Title">Andre Lamego</data>
      <data key="v_hrank">3</data>
      <data key="v_numDirects">7</data>
      <data key="v_numCollegues">4</data>
      <data key="v_id">148882577</data>
    </node>
    <node id="n107">
      <data key="v_Title">Liang Yu</data>
      <data key="v_hrank">3</data>
      <data key="v_numDirects">4</data>
      <data key="v_numCollegues">4</data>
      <data key="v_id">149351184</data>
    </node>
    <node id="n108">
      <data key="v_Title">Michael Gall</data>
      <data key="v_hrank">3</data>
      <data key="v_numDirects">6</data>
      <data key="v_numCollegues">4</data>
      <data key="v_id">149381978</data>
    </node>
    <node id="n109">
      <data key="v_Title">Alex Prodan</data>
      <data key="v_hrank">4</data>
      <data key="v_numDirects">0</data>
      <data key="v_numCollegues">7</data>
      <data key="v_id">149309643</data>
    </node>
    <node id="n110">
      <data key="v_Title">Pankaj Thakur</data>
      <data key="v_hrank">4</data>
      <data key="v_numDirects">0</data>
      <data key="v_numCollegues">7</data>
      <data key="v_id">149365699</data>
    </node>
    <node id="n111">
      <data key="v_Title">Alex Stakh</data>
      <data key="v_hrank">4</data>
      <data key="v_numDirects">0</data>
      <data key="v_numCollegues">7</data>
      <data key="v_id">149405312</data>
    </node>
    <node id="n112">
      <data key="v_Title">Lang Gou</data>
      <data key="v_hrank">4</data>
      <data key="v_numDirects">0</data>
      <data key="v_numCollegues">7</data>
      <data key="v_id">149409094</data>
    </node>
    <node id="n113">
      <data key="v_Title">Jenja Gomolskyi</data>
      <data key="v_hrank">4</data>
      <data key="v_numDirects">0</data>
      <data key="v_numCollegues">7</data>
      <data key="v_id">149435068</data>
    </node>
    <node id="n114">
      <data key="v_Title">Chris Lewis (MBS)</data>
      <data key="v_hrank">4</data>
      <data key="v_numDirects">0</data>
      <data key="v_numCollegues">7</data>
      <data key="v_id">149439589</data>
    </node>
    <node id="n115">
      <data key="v_Title">Alice Xu</data>
      <data key="v_hrank">4</data>
      <data key="v_numDirects">0</data>
      <data key="v_numCollegues">7</data>
      <data key="v_id">277913336</data>
    </node>
    <node id="n116">
      <data key="v_Title">Yunji Zhong</data>
      <data key="v_hrank">4</data>
      <data key="v_numDirects">0</data>
      <data key="v_numCollegues">4</data>
      <data key="v_id">148858735</data>
    </node>
    <node id="n117">
      <data key="v_Title">Duc Luong</data>
      <data key="v_hrank">4</data>
      <data key="v_numDirects">0</data>
      <data key="v_numCollegues">4</data>
      <data key="v_id">148876122</data>
    </node>
    <node id="n118">
      <data key="v_Title">Gregory Christiaens</data>
      <data key="v_hrank">4</data>
      <data key="v_numDirects">0</data>
      <data key="v_numCollegues">4</data>
      <data key="v_id">149330814</data>
    </node>
    <node id="n119">
      <data key="v_Title">Dmitry Mikhaylov</data>
      <data key="v_hrank">4</data>
      <data key="v_numDirects">0</data>
      <data key="v_numCollegues">4</data>
      <data key="v_id">149460730</data>
    </node>
    <node id="n120">
      <data key="v_Title">Sam Peng</data>
      <data key="v_hrank">4</data>
      <data key="v_numDirects">0</data>
      <data key="v_numCollegues">6</data>
      <data key="v_id">149354595</data>
    </node>
    <node id="n121">
      <data key="v_Title">Andy Stach</data>
      <data key="v_hrank">4</data>
      <data key="v_numDirects">0</data>
      <data key="v_numCollegues">6</data>
      <data key="v_id">149376994</data>
    </node>
    <node id="n122">
      <data key="v_Title">Pramit Desai</data>
      <data key="v_hrank">4</data>
      <data key="v_numDirects">0</data>
      <data key="v_numCollegues">6</data>
      <data key="v_id">149378883</data>
    </node>
    <node id="n123">
      <data key="v_Title">Sellakumaran Kanagarathnam</data>
      <data key="v_hrank">4</data>
      <data key="v_numDirects">0</data>
      <data key="v_numCollegues">6</data>
      <data key="v_id">149381796</data>
    </node>
    <node id="n124">
      <data key="v_Title">Colton Manville</data>
      <data key="v_hrank">4</data>
      <data key="v_numDirects">0</data>
      <data key="v_numCollegues">6</data>
      <data key="v_id">149444764</data>
    </node>
    <node id="n125">
      <data key="v_Title">Hua Wang</data>
      <data key="v_hrank">4</data>
      <data key="v_numDirects">0</data>
      <data key="v_numCollegues">6</data>
      <data key="v_id">17592567404558</data>
    </node>
    <node id="n126">
      <data key="v_Title">Junnan Wan</data>
      <data key="v_hrank">3</data>
      <data key="v_numDirects">0</data>
      <data key="v_numCollegues">10</data>
      <data key="v_id">108979244</data>
    </node>
    <node id="n127">
      <data key="v_Title">Ashish Gupta (MBS)</data>
      <data key="v_hrank">3</data>
      <data key="v_numDirects">0</data>
      <data key="v_numCollegues">10</data>
      <data key="v_id">148885565</data>
    </node>
    <node id="n128">
      <data key="v_Title">Ian Beck</data>
      <data key="v_hrank">3</data>
      <data key="v_numDirects">0</data>
      <data key="v_numCollegues">10</data>
      <data key="v_id">148887856</data>
    </node>
    <node id="n129">
      <data key="v_Title">Annaji Sharma Ganti</data>
      <data key="v_hrank">3</data>
      <data key="v_numDirects">0</data>
      <data key="v_numCollegues">10</data>
      <data key="v_id">148896949</data>
    </node>
    <node id="n130">
      <data key="v_Title">Truong Do</data>
      <data key="v_hrank">3</data>
      <data key="v_numDirects">0</data>
      <data key="v_numCollegues">10</data>
      <data key="v_id">149324969</data>
    </node>
    <node id="n131">
      <data key="v_Title">Nitin Shah</data>
      <data key="v_hrank">3</data>
      <data key="v_numDirects">0</data>
      <data key="v_numCollegues">10</data>
      <data key="v_id">149351785</data>
    </node>
    <node id="n132">
      <data key="v_Title">Marcos Calderon Macias</data>
      <data key="v_hrank">3</data>
      <data key="v_numDirects">0</data>
      <data key="v_numCollegues">10</data>
      <data key="v_id">149356409</data>
    </node>
    <node id="n133">
      <data key="v_Title">Maria Iazykova</data>
      <data key="v_hrank">3</data>
      <data key="v_numDirects">0</data>
      <data key="v_numCollegues">10</data>
      <data key="v_id">149376363</data>
    </node>
    <node id="n134">
      <data key="v_Title">Rakesh Ganimineni</data>
      <data key="v_hrank">3</data>
      <data key="v_numDirects">0</data>
      <data key="v_numCollegues">10</data>
      <data key="v_id">149421539</data>
    </node>
    <node id="n135">
      <data key="v_Title">Kevin Bazan Williams</data>
      <data key="v_hrank">3</data>
      <data key="v_numDirects">0</data>
      <data key="v_numCollegues">10</data>
      <data key="v_id">208350009</data>
    </node>
    <node id="n136">
      <data key="v_Title">Anurag Tokhi</data>
      <data key="v_hrank">3</data>
      <data key="v_numDirects">0</data>
      <data key="v_numCollegues">9</data>
      <data key="v_id">149376760</data>
    </node>
    <node id="n137">
      <data key="v_Title">Jeremy Jensen</data>
      <data key="v_hrank">3</data>
      <data key="v_numDirects">0</data>
      <data key="v_numCollegues">9</data>
      <data key="v_id">149379149</data>
    </node>
    <node id="n138">
      <data key="v_Title">Andrew Kies</data>
      <data key="v_hrank">3</data>
      <data key="v_numDirects">0</data>
      <data key="v_numCollegues">9</data>
      <data key="v_id">149381799</data>
    </node>
    <node id="n139">
      <data key="v_Title">Eric Momsen</data>
      <data key="v_hrank">3</data>
      <data key="v_numDirects">0</data>
      <data key="v_numCollegues">9</data>
      <data key="v_id">149427651</data>
    </node>
    <node id="n140">
      <data key="v_Title">Tanner Dozark</data>
      <data key="v_hrank">3</data>
      <data key="v_numDirects">0</data>
      <data key="v_numCollegues">9</data>
      <data key="v_id">149427698</data>
    </node>
    <node id="n141">
      <data key="v_Title">Ali Roudaki</data>
      <data key="v_hrank">3</data>
      <data key="v_numDirects">0</data>
      <data key="v_numCollegues">9</data>
      <data key="v_id">149444024</data>
    </node>
    <node id="n142">
      <data key="v_Title">Sanzad Siddique</data>
      <data key="v_hrank">3</data>
      <data key="v_numDirects">0</data>
      <data key="v_numCollegues">9</data>
      <data key="v_id">149496602</data>
    </node>
    <node id="n143">
      <data key="v_Title">Brent Mitchell</data>
      <data key="v_hrank">3</data>
      <data key="v_numDirects">0</data>
      <data key="v_numCollegues">9</data>
      <data key="v_id">263871486</data>
    </node>
    <node id="n144">
      <data key="v_Title">Tom Postler</data>
      <data key="v_hrank">3</data>
      <data key="v_numDirects">0</data>
      <data key="v_numCollegues">9</data>
      <data key="v_id">17592239823218</data>
    </node>
    <node id="n145">
      <data key="v_Title">Alejandro Aquino</data>
      <data key="v_hrank">2</data>
      <data key="v_numDirects">27</data>
      <data key="v_numCollegues">9</data>
      <data key="v_id">149322022</data>
    </node>
    <node id="n146">
      <data key="v_Title">Jeppe Oskar Meyer Larsen</data>
      <data key="v_hrank">2</data>
      <data key="v_numDirects">4</data>
      <data key="v_numCollegues">9</data>
      <data key="v_id">149324648</data>
    </node>
    <node id="n147">
      <data key="v_Title">Simon Ejsing</data>
      <data key="v_hrank">2</data>
      <data key="v_numDirects">0</data>
      <data key="v_numCollegues">9</data>
      <data key="v_id">149332798</data>
    </node>
    <node id="n148">
      <data key="v_Title">Ned Baker</data>
      <data key="v_hrank">2</data>
      <data key="v_numDirects">5</data>
      <data key="v_numCollegues">9</data>
      <data key="v_id">149350628</data>
    </node>
    <node id="n149">
      <data key="v_Title">Mudit Mittal</data>
      <data key="v_hrank">2</data>
      <data key="v_numDirects">9</data>
      <data key="v_numCollegues">9</data>
      <data key="v_id">149353851</data>
    </node>
    <node id="n150">
      <data key="v_Title">Steven Omberg</data>
      <data key="v_hrank">2</data>
      <data key="v_numDirects">4</data>
      <data key="v_numCollegues">9</data>
      <data key="v_id">149371116</data>
    </node>
    <node id="n151">
      <data key="v_Title">Adrian Marius Marin</data>
      <data key="v_hrank">2</data>
      <data key="v_numDirects">0</data>
      <data key="v_numCollegues">9</data>
      <data key="v_id">149380934</data>
    </node>
    <node id="n152">
      <data key="v_Title">Ajay Jha</data>
      <data key="v_hrank">2</data>
      <data key="v_numDirects">4</data>
      <data key="v_numCollegues">9</data>
      <data key="v_id">149386102</data>
    </node>
    <node id="n153">
      <data key="v_Title">Paul Bramel</data>
      <data key="v_hrank">2</data>
      <data key="v_numDirects">0</data>
      <data key="v_numCollegues">9</data>
      <data key="v_id">149396616</data>
    </node>
    <node id="n154">
      <data key="v_Title">Anekant Kamate (Infosys Ltd)</data>
      <data key="v_hrank">3</data>
      <data key="v_numDirects">0</data>
      <data key="v_numCollegues">27</data>
      <data key="v_id">30843286</data>
    </node>
    <node id="n155">
      <data key="v_Title">Umesh Sutar (Infosys Ltd)</data>
      <data key="v_hrank">3</data>
      <data key="v_numDirects">0</data>
      <data key="v_numCollegues">27</data>
      <data key="v_id">30849168</data>
    </node>
    <node id="n156">
      <data key="v_Title">Kevin McGinn</data>
      <data key="v_hrank">3</data>
      <data key="v_numDirects">0</data>
      <data key="v_numCollegues">27</data>
      <data key="v_id">79803438</data>
    </node>
    <node id="n157">
      <data key="v_Title">Abhinav Gupta (Infosys Ltd)</data>
      <data key="v_hrank">3</data>
      <data key="v_numDirects">0</data>
      <data key="v_numCollegues">27</data>
      <data key="v_id">104105737</data>
    </node>
    <node id="n158">
      <data key="v_Title">Eric Borg</data>
      <data key="v_hrank">3</data>
      <data key="v_numDirects">0</data>
      <data key="v_numCollegues">27</data>
      <data key="v_id">148894794</data>
    </node>
    <node id="n159">
      <data key="v_Title">Chaz Beck</data>
      <data key="v_hrank">3</data>
      <data key="v_numDirects">0</data>
      <data key="v_numCollegues">27</data>
      <data key="v_id">148896253</data>
    </node>
    <node id="n160">
      <data key="v_Title">Vitaly Kukushkin (Akvelon)</data>
      <data key="v_hrank">3</data>
      <data key="v_numDirects">0</data>
      <data key="v_numCollegues">27</data>
      <data key="v_id">149303697</data>
    </node>
    <node id="n161">
      <data key="v_Title">Dave Hanson (DCS FARGO)</data>
      <data key="v_hrank">3</data>
      <data key="v_numDirects">0</data>
      <data key="v_numCollegues">27</data>
      <data key="v_id">149320195</data>
    </node>
    <node id="n162">
      <data key="v_Title">John Mathieu Soreno</data>
      <data key="v_hrank">3</data>
      <data key="v_numDirects">0</data>
      <data key="v_numCollegues">27</data>
      <data key="v_id">149328244</data>
    </node>
    <node id="n163">
      <data key="v_Title">Amresh Deochake Deochake (Infosys Ltd)</data>
      <data key="v_hrank">3</data>
      <data key="v_numDirects">0</data>
      <data key="v_numCollegues">27</data>
      <data key="v_id">149334525</data>
    </node>
    <node id="n164">
      <data key="v_Title">Dan Hanke</data>
      <data key="v_hrank">3</data>
      <data key="v_numDirects">0</data>
      <data key="v_numCollegues">27</data>
      <data key="v_id">149335949</data>
    </node>
    <node id="n165">
      <data key="v_Title">Rufus Littlefield</data>
      <data key="v_hrank">3</data>
      <data key="v_numDirects">0</data>
      <data key="v_numCollegues">27</data>
      <data key="v_id">149341295</data>
    </node>
    <node id="n166">
      <data key="v_Title">Patrick Nelson (MBS)</data>
      <data key="v_hrank">3</data>
      <data key="v_numDirects">0</data>
      <data key="v_numCollegues">27</data>
      <data key="v_id">149361377</data>
    </node>
    <node id="n167">
      <data key="v_Title">Travis Schlecht</data>
      <data key="v_hrank">3</data>
      <data key="v_numDirects">0</data>
      <data key="v_numCollegues">27</data>
      <data key="v_id">149366245</data>
    </node>
    <node id="n168">
      <data key="v_Title">Bo Lund</data>
      <data key="v_hrank">3</data>
      <data key="v_numDirects">0</data>
      <data key="v_numCollegues">27</data>
      <data key="v_id">149390987</data>
    </node>
    <node id="n169">
      <data key="v_Title">Jordan Locke</data>
      <data key="v_hrank">3</data>
      <data key="v_numDirects">0</data>
      <data key="v_numCollegues">27</data>
      <data key="v_id">149398800</data>
    </node>
    <node id="n170">
      <data key="v_Title">Mitesh Neema (Infosys Ltd)</data>
      <data key="v_hrank">3</data>
      <data key="v_numDirects">0</data>
      <data key="v_numCollegues">27</data>
      <data key="v_id">149399177</data>
    </node>
    <node id="n171">
      <data key="v_Title">Amey Sathe (Infosys)</data>
      <data key="v_hrank">3</data>
      <data key="v_numDirects">0</data>
      <data key="v_numCollegues">27</data>
      <data key="v_id">149429990</data>
    </node>
    <node id="n172">
      <data key="v_Title">Sachin Tekade (Infosys Ltd)</data>
      <data key="v_hrank">3</data>
      <data key="v_numDirects">0</data>
      <data key="v_numCollegues">27</data>
      <data key="v_id">149430770</data>
    </node>
    <node id="n173">
      <data key="v_Title">Sharad Nair (Infosys Ltd)</data>
      <data key="v_hrank">3</data>
      <data key="v_numDirects">0</data>
      <data key="v_numCollegues">27</data>
      <data key="v_id">149431468</data>
    </node>
    <node id="n174">
      <data key="v_Title">Gopal Iyer Iyer (Infosys Ltd)</data>
      <data key="v_hrank">3</data>
      <data key="v_numDirects">0</data>
      <data key="v_numCollegues">27</data>
      <data key="v_id">149565727</data>
    </node>
    <node id="n175">
      <data key="v_Title">Rahul Ramteke (Infosys Ltd)</data>
      <data key="v_hrank">3</data>
      <data key="v_numDirects">0</data>
      <data key="v_numCollegues">27</data>
      <data key="v_id">316936987</data>
    </node>
    <node id="n176">
      <data key="v_Title">Akshay Babu (Infosys Ltd)</data>
      <data key="v_hrank">3</data>
      <data key="v_numDirects">0</data>
      <data key="v_numCollegues">27</data>
      <data key="v_id">17592263246818</data>
    </node>
    <node id="n177">
      <data key="v_Title">Akshay Agarwal (Infosys Ltd)</data>
      <data key="v_hrank">3</data>
      <data key="v_numDirects">0</data>
      <data key="v_numCollegues">27</data>
      <data key="v_id">17592540124341</data>
    </node>
    <node id="n178">
      <data key="v_Title">Ivan Muranov (Akvelon)</data>
      <data key="v_hrank">3</data>
      <data key="v_numDirects">0</data>
      <data key="v_numCollegues">27</data>
      <data key="v_id">17592598117339</data>
    </node>
    <node id="n179">
      <data key="v_Title">Jatin Goyal (Infosys Ltd)</data>
      <data key="v_hrank">3</data>
      <data key="v_numDirects">0</data>
      <data key="v_numCollegues">27</data>
      <data key="v_id">17592605296705</data>
    </node>
    <node id="n180">
      <data key="v_Title">Avish Madan (Infosys Ltd)</data>
      <data key="v_hrank">3</data>
      <data key="v_numDirects">0</data>
      <data key="v_numCollegues">27</data>
      <data key="v_id">17592605692547</data>
    </node>
    <node id="n181">
      <data key="v_Title">Cassio Melo</data>
      <data key="v_hrank">3</data>
      <data key="v_numDirects">0</data>
      <data key="v_numCollegues">4</data>
      <data key="v_id">11243056</data>
    </node>
    <node id="n182">
      <data key="v_Title">Nima Kamoosi</data>
      <data key="v_hrank">3</data>
      <data key="v_numDirects">0</data>
      <data key="v_numCollegues">4</data>
      <data key="v_id">149338217</data>
    </node>
    <node id="n183">
      <data key="v_Title">Jordan Fryer</data>
      <data key="v_hrank">3</data>
      <data key="v_numDirects">0</data>
      <data key="v_numCollegues">4</data>
      <data key="v_id">149362715</data>
    </node>
    <node id="n184">
      <data key="v_Title">Christian Petrin</data>
      <data key="v_hrank">3</data>
      <data key="v_numDirects">0</data>
      <data key="v_numCollegues">4</data>
      <data key="v_id">149443575</data>
    </node>
    <node id="n185">
      <data key="v_Title">Ahana Ghosh</data>
      <data key="v_hrank">3</data>
      <data key="v_numDirects">0</data>
      <data key="v_numCollegues">5</data>
      <data key="v_id">149321680</data>
    </node>
    <node id="n186">
      <data key="v_Title">Jimmy Liu</data>
      <data key="v_hrank">3</data>
      <data key="v_numDirects">0</data>
      <data key="v_numCollegues">5</data>
      <data key="v_id">149324679</data>
    </node>
    <node id="n187">
      <data key="v_Title">Raoguang Song</data>
      <data key="v_hrank">3</data>
      <data key="v_numDirects">0</data>
      <data key="v_numCollegues">5</data>
      <data key="v_id">149325536</data>
    </node>
    <node id="n188">
      <data key="v_Title">Lance Wheelwright</data>
      <data key="v_hrank">3</data>
      <data key="v_numDirects">0</data>
      <data key="v_numCollegues">5</data>
      <data key="v_id">149378077</data>
    </node>
    <node id="n189">
      <data key="v_Title">Andrew Mittleider</data>
      <data key="v_hrank">3</data>
      <data key="v_numDirects">0</data>
      <data key="v_numCollegues">5</data>
      <data key="v_id">305364070</data>
    </node>
    <node id="n190">
      <data key="v_Title">Swathi Pasupuleti (Sonata Software North America)</data>
      <data key="v_hrank">3</data>
      <data key="v_numDirects">0</data>
      <data key="v_numCollegues">9</data>
      <data key="v_id">35078526</data>
    </node>
    <node id="n191">
      <data key="v_Title">Vinod Kumar (DYNAMICS)</data>
      <data key="v_hrank">3</data>
      <data key="v_numDirects">0</data>
      <data key="v_numCollegues">9</data>
      <data key="v_id">148879069</data>
    </node>
    <node id="n192">
      <data key="v_Title">Bhaskar Roy (Sonata Software Ltd)</data>
      <data key="v_hrank">3</data>
      <data key="v_numDirects">0</data>
      <data key="v_numCollegues">9</data>
      <data key="v_id">149309834</data>
    </node>
    <node id="n193">
      <data key="v_Title">Praveen Kumar Boyapati (Sonata Software North America)</data>
      <data key="v_hrank">3</data>
      <data key="v_numDirects">0</data>
      <data key="v_numCollegues">9</data>
      <data key="v_id">149402944</data>
    </node>
    <node id="n194">
      <data key="v_Title">Naresh Mupparaju (Sonata Software North America)</data>
      <data key="v_hrank">3</data>
      <data key="v_numDirects">0</data>
      <data key="v_numCollegues">9</data>
      <data key="v_id">149409435</data>
    </node>
    <node id="n195">
      <data key="v_Title">Raghavendra Jakkandi (Sonata Software North America)</data>
      <data key="v_hrank">3</data>
      <data key="v_numDirects">0</data>
      <data key="v_numCollegues">9</data>
      <data key="v_id">149444254</data>
    </node>
    <node id="n196">
      <data key="v_Title">Mamatha Guntu (Sonata Software North America)</data>
      <data key="v_hrank">3</data>
      <data key="v_numDirects">0</data>
      <data key="v_numCollegues">9</data>
      <data key="v_id">149460252</data>
    </node>
    <node id="n197">
      <data key="v_Title">Raghu Challa (Sonata Software North America)</data>
      <data key="v_hrank">3</data>
      <data key="v_numDirects">0</data>
      <data key="v_numCollegues">9</data>
      <data key="v_id">17592502175156</data>
    </node>
    <node id="n198">
      <data key="v_Title">Mumtaz Abdul (Sonata Software North America)</data>
      <data key="v_hrank">3</data>
      <data key="v_numDirects">0</data>
      <data key="v_numCollegues">9</data>
      <data key="v_id">17592545213519</data>
    </node>
    <node id="n199">
      <data key="v_Title">John Benes</data>
      <data key="v_hrank">3</data>
      <data key="v_numDirects">0</data>
      <data key="v_numCollegues">4</data>
      <data key="v_id">148859935</data>
    </node>
    <node id="n200">
      <data key="v_Title">Jason Huck</data>
      <data key="v_hrank">3</data>
      <data key="v_numDirects">0</data>
      <data key="v_numCollegues">4</data>
      <data key="v_id">148882225</data>
    </node>
    <node id="n201">
      <data key="v_Title">Keith Zilmer</data>
      <data key="v_hrank">3</data>
      <data key="v_numDirects">0</data>
      <data key="v_numCollegues">4</data>
      <data key="v_id">149401764</data>
    </node>
    <node id="n202">
      <data key="v_Title">Rob Williams</data>
      <data key="v_hrank">3</data>
      <data key="v_numDirects">0</data>
      <data key="v_numCollegues">4</data>
      <data key="v_id">315826435</data>
    </node>
    <node id="n203">
      <data key="v_Title">Vasudev Burle</data>
      <data key="v_hrank">3</data>
      <data key="v_numDirects">0</data>
      <data key="v_numCollegues">4</data>
      <data key="v_id">148891012</data>
    </node>
    <node id="n204">
      <data key="v_Title">Steven Zhou</data>
      <data key="v_hrank">3</data>
      <data key="v_numDirects">0</data>
      <data key="v_numCollegues">4</data>
      <data key="v_id">148899240</data>
    </node>
    <node id="n205">
      <data key="v_Title">Rune Hakansson</data>
      <data key="v_hrank">3</data>
      <data key="v_numDirects">0</data>
      <data key="v_numCollegues">4</data>
      <data key="v_id">149309015</data>
    </node>
    <node id="n206">
      <data key="v_Title">Sagar Bakliwal</data>
      <data key="v_hrank">3</data>
      <data key="v_numDirects">0</data>
      <data key="v_numCollegues">4</data>
      <data key="v_id">149317260</data>
    </node>
    <node id="n207">
      <data key="v_Title">Cecilia Zheng</data>
      <data key="v_hrank">2</data>
      <data key="v_numDirects">0</data>
      <data key="v_numCollegues">7</data>
      <data key="v_id">96140303</data>
    </node>
    <node id="n208">
      <data key="v_Title">Xi Zheng</data>
      <data key="v_hrank">2</data>
      <data key="v_numDirects">0</data>
      <data key="v_numCollegues">7</data>
      <data key="v_id">108979219</data>
    </node>
    <node id="n209">
      <data key="v_Title">Gana Sadasivam</data>
      <data key="v_hrank">2</data>
      <data key="v_numDirects">1</data>
      <data key="v_numCollegues">7</data>
      <data key="v_id">149306593</data>
    </node>
    <node id="n210">
      <data key="v_Title">Yanli Tong</data>
      <data key="v_hrank">2</data>
      <data key="v_numDirects">0</data>
      <data key="v_numCollegues">7</data>
      <data key="v_id">149311930</data>
    </node>
    <node id="n211">
      <data key="v_Title">Ryan Harlicker</data>
      <data key="v_hrank">2</data>
      <data key="v_numDirects">0</data>
      <data key="v_numCollegues">7</data>
      <data key="v_id">149314930</data>
    </node>
    <node id="n212">
      <data key="v_Title">Ming Cheng</data>
      <data key="v_hrank">2</data>
      <data key="v_numDirects">0</data>
      <data key="v_numCollegues">7</data>
      <data key="v_id">149367511</data>
    </node>
    <node id="n213">
      <data key="v_Title">Alexey Vasin</data>
      <data key="v_hrank">2</data>
      <data key="v_numDirects">0</data>
      <data key="v_numCollegues">7</data>
      <data key="v_id">149444846</data>
    </node>
    <node id="n214">
      <data key="v_Title">Chang Lee (MBS)</data>
      <data key="v_hrank">3</data>
      <data key="v_numDirects">0</data>
      <data key="v_numCollegues">1</data>
      <data key="v_id">149334016</data>
    </node>
    <node id="n215">
      <data key="v_Title">Kristin Fender</data>
      <data key="v_hrank">2</data>
      <data key="v_numDirects">0</data>
      <data key="v_numCollegues">12</data>
      <data key="v_id">148889582</data>
    </node>
    <node id="n216">
      <data key="v_Title">Margo Crandall</data>
      <data key="v_hrank">2</data>
      <data key="v_numDirects">0</data>
      <data key="v_numCollegues">12</data>
      <data key="v_id">148892850</data>
    </node>
    <node id="n217">
      <data key="v_Title">Sally Erickson</data>
      <data key="v_hrank">2</data>
      <data key="v_numDirects">0</data>
      <data key="v_numCollegues">12</data>
      <data key="v_id">149303377</data>
    </node>
    <node id="n218">
      <data key="v_Title">Robin Reynolds-Haertle</data>
      <data key="v_hrank">2</data>
      <data key="v_numDirects">0</data>
      <data key="v_numCollegues">12</data>
      <data key="v_id">149313624</data>
    </node>
    <node id="n219">
      <data key="v_Title">Jo Sawyer</data>
      <data key="v_hrank">2</data>
      <data key="v_numDirects">0</data>
      <data key="v_numCollegues">12</data>
      <data key="v_id">149314449</data>
    </node>
    <node id="n220">
      <data key="v_Title">Tammy Wheelock</data>
      <data key="v_hrank">2</data>
      <data key="v_numDirects">0</data>
      <data key="v_numCollegues">12</data>
      <data key="v_id">149320469</data>
    </node>
    <node id="n221">
      <data key="v_Title">Shyla Thompson</data>
      <data key="v_hrank">2</data>
      <data key="v_numDirects">0</data>
      <data key="v_numCollegues">12</data>
      <data key="v_id">149338340</data>
    </node>
    <node id="n222">
      <data key="v_Title">Jens Wazel (Adaquest, Inc.)</data>
      <data key="v_hrank">2</data>
      <data key="v_numDirects">0</data>
      <data key="v_numCollegues">12</data>
      <data key="v_id">149346445</data>
    </node>
    <node id="n223">
      <data key="v_Title">Yuyu Charlotte Scheller</data>
      <data key="v_hrank">2</data>
      <data key="v_numDirects">0</data>
      <data key="v_numCollegues">12</data>
      <data key="v_id">149347273</data>
    </node>
    <node id="n224">
      <data key="v_Title">Sue Brandt</data>
      <data key="v_hrank">2</data>
      <data key="v_numDirects">0</data>
      <data key="v_numCollegues">12</data>
      <data key="v_id">149376764</data>
    </node>
    <node id="n225">
      <data key="v_Title">Bob Schlomann</data>
      <data key="v_hrank">2</data>
      <data key="v_numDirects">0</data>
      <data key="v_numCollegues">12</data>
      <data key="v_id">149390951</data>
    </node>
    <node id="n226">
      <data key="v_Title">Tonya Fehr</data>
      <data key="v_hrank">2</data>
      <data key="v_numDirects">2</data>
      <data key="v_numCollegues">12</data>
      <data key="v_id">149393830</data>
    </node>
    <node id="n227">
      <data key="v_Title">Chris Read (Entirenet)</data>
      <data key="v_hrank">3</data>
      <data key="v_numDirects">0</data>
      <data key="v_numCollegues">2</data>
      <data key="v_id">149367051</data>
    </node>
    <node id="n228">
      <data key="v_Title">Lucas Johnson (Entirenet)</data>
      <data key="v_hrank">3</data>
      <data key="v_numDirects">0</data>
      <data key="v_numCollegues">2</data>
      <data key="v_id">149484398</data>
    </node>
    <node id="n229">
      <data key="v_Title">Shefy Manayil Kareem</data>
      <data key="v_hrank">2</data>
      <data key="v_numDirects">0</data>
      <data key="v_numCollegues">11</data>
      <data key="v_id">148891211</data>
    </node>
    <node id="n230">
      <data key="v_Title">Wade Baird</data>
      <data key="v_hrank">2</data>
      <data key="v_numDirects">0</data>
      <data key="v_numCollegues">11</data>
      <data key="v_id">148895447</data>
    </node>
    <node id="n231">
      <data key="v_Title">Nitin Sharma (DYNAMICS)</data>
      <data key="v_hrank">2</data>
      <data key="v_numDirects">8</data>
      <data key="v_numCollegues">11</data>
      <data key="v_id">149302422</data>
    </node>
    <node id="n232">
      <data key="v_Title">Robert Badawy</data>
      <data key="v_hrank">2</data>
      <data key="v_numDirects">0</data>
      <data key="v_numCollegues">11</data>
      <data key="v_id">149314319</data>
    </node>
    <node id="n233">
      <data key="v_Title">Derrick Bazlen</data>
      <data key="v_hrank">2</data>
      <data key="v_numDirects">1</data>
      <data key="v_numCollegues">11</data>
      <data key="v_id">149334144</data>
    </node>
    <node id="n234">
      <data key="v_Title">Manali Dongre</data>
      <data key="v_hrank">2</data>
      <data key="v_numDirects">0</data>
      <data key="v_numCollegues">11</data>
      <data key="v_id">149344220</data>
    </node>
    <node id="n235">
      <data key="v_Title">Monique Sauvageau</data>
      <data key="v_hrank">2</data>
      <data key="v_numDirects">0</data>
      <data key="v_numCollegues">11</data>
      <data key="v_id">149355772</data>
    </node>
    <node id="n236">
      <data key="v_Title">Christian Wolf</data>
      <data key="v_hrank">2</data>
      <data key="v_numDirects">0</data>
      <data key="v_numCollegues">11</data>
      <data key="v_id">149384705</data>
    </node>
    <node id="n237">
      <data key="v_Title">Adrian Orth</data>
      <data key="v_hrank">2</data>
      <data key="v_numDirects">4</data>
      <data key="v_numCollegues">11</data>
      <data key="v_id">149385275</data>
    </node>
    <node id="n238">
      <data key="v_Title">Ryan Battle</data>
      <data key="v_hrank">2</data>
      <data key="v_numDirects">0</data>
      <data key="v_numCollegues">11</data>
      <data key="v_id">149409815</data>
    </node>
    <node id="n239">
      <data key="v_Title">Shailesh Nikam</data>
      <data key="v_hrank">2</data>
      <data key="v_numDirects">0</data>
      <data key="v_numCollegues">11</data>
      <data key="v_id">345736193</data>
    </node>
    <node id="n240">
      <data key="v_Title">Sarvani Sathish Kumar</data>
      <data key="v_hrank">3</data>
      <data key="v_numDirects">0</data>
      <data key="v_numCollegues">8</data>
      <data key="v_id">149331530</data>
    </node>
    <node id="n241">
      <data key="v_Title">TJ Vassar</data>
      <data key="v_hrank">3</data>
      <data key="v_numDirects">0</data>
      <data key="v_numCollegues">8</data>
      <data key="v_id">149348082</data>
    </node>
    <node id="n242">
      <data key="v_Title">Chris Garty</data>
      <data key="v_hrank">3</data>
      <data key="v_numDirects">0</data>
      <data key="v_numCollegues">8</data>
      <data key="v_id">149351460</data>
    </node>
    <node id="n243">
      <data key="v_Title">Peter Villadsen</data>
      <data key="v_hrank">3</data>
      <data key="v_numDirects">0</data>
      <data key="v_numCollegues">8</data>
      <data key="v_id">149364516</data>
    </node>
    <node id="n244">
      <data key="v_Title">Kuntal Mehta</data>
      <data key="v_hrank">3</data>
      <data key="v_numDirects">0</data>
      <data key="v_numCollegues">8</data>
      <data key="v_id">149389952</data>
    </node>
    <node id="n245">
      <data key="v_Title">Vijeta Johri</data>
      <data key="v_hrank">3</data>
      <data key="v_numDirects">0</data>
      <data key="v_numCollegues">8</data>
      <data key="v_id">149394569</data>
    </node>
    <node id="n246">
      <data key="v_Title">Milinda Vitharana</data>
      <data key="v_hrank">3</data>
      <data key="v_numDirects">1</data>
      <data key="v_numCollegues">8</data>
      <data key="v_id">149394842</data>
    </node>
    <node id="n247">
      <data key="v_Title">Matthew Maertens</data>
      <data key="v_hrank">3</data>
      <data key="v_numDirects">0</data>
      <data key="v_numCollegues">8</data>
      <data key="v_id">186791800</data>
    </node>
    <node id="n248">
      <data key="v_Title">Ke Yu</data>
      <data key="v_hrank">4</data>
      <data key="v_numDirects">0</data>
      <data key="v_numCollegues">1</data>
      <data key="v_id">148883495</data>
    </node>
    <node id="n249">
      <data key="v_Title">Kelsee Moen</data>
      <data key="v_hrank">3</data>
      <data key="v_numDirects">0</data>
      <data key="v_numCollegues">1</data>
      <data key="v_id">149388960</data>
    </node>
    <node id="n250">
      <data key="v_Title">Sharrief Shabazz</data>
      <data key="v_hrank">3</data>
      <data key="v_numDirects">0</data>
      <data key="v_numCollegues">4</data>
      <data key="v_id">149312508</data>
    </node>
    <node id="n251">
      <data key="v_Title">Todd Lefor</data>
      <data key="v_hrank">3</data>
      <data key="v_numDirects">0</data>
      <data key="v_numCollegues">4</data>
      <data key="v_id">149317061</data>
    </node>
    <node id="n252">
      <data key="v_Title">Anees Ansari</data>
      <data key="v_hrank">3</data>
      <data key="v_numDirects">0</data>
      <data key="v_numCollegues">4</data>
      <data key="v_id">149389306</data>
    </node>
    <node id="n253">
      <data key="v_Title">Jason Green</data>
      <data key="v_hrank">3</data>
      <data key="v_numDirects">0</data>
      <data key="v_numCollegues">4</data>
      <data key="v_id">149432716</data>
    </node>
    <node id="n254">
      <data key="v_Title">OUTSIDE</data>
      <data key="v_hrank">0</data>
      <data key="v_numDirects">0</data>
      <data key="v_numCollegues">0</data>
      <data key="v_id">-100</data>
    </node>
    <edge source="n0" target="n1">
      <data key="e_weight">1</data>
    </edge>
    <edge source="n0" target="n2">
      <data key="e_weight">1</data>
    </edge>
    <edge source="n0" target="n3">
      <data key="e_weight">1</data>
    </edge>
    <edge source="n0" target="n4">
      <data key="e_weight">1</data>
    </edge>
    <edge source="n0" target="n5">
      <data key="e_weight">1</data>
    </edge>
    <edge source="n0" target="n6">
      <data key="e_weight">1</data>
    </edge>
    <edge source="n0" target="n7">
      <data key="e_weight">1</data>
    </edge>
    <edge source="n0" target="n8">
      <data key="e_weight">1</data>
    </edge>
    <edge source="n0" target="n9">
      <data key="e_weight">0</data>
    </edge>
    <edge source="n2" target="n10">
      <data key="e_weight">1</data>
    </edge>
    <edge source="n2" target="n11">
      <data key="e_weight">1</data>
    </edge>
    <edge source="n2" target="n12">
      <data key="e_weight">1</data>
    </edge>
    <edge source="n2" target="n13">
      <data key="e_weight">1</data>
    </edge>
    <edge source="n2" target="n14">
      <data key="e_weight">1</data>
    </edge>
    <edge source="n2" target="n15">
      <data key="e_weight">1</data>
    </edge>
    <edge source="n5" target="n89">
      <data key="e_weight">1</data>
    </edge>
    <edge source="n5" target="n90">
      <data key="e_weight">1</data>
    </edge>
    <edge source="n5" target="n91">
      <data key="e_weight">1</data>
    </edge>
    <edge source="n5" target="n92">
      <data key="e_weight">1</data>
    </edge>
    <edge source="n5" target="n93">
      <data key="e_weight">1</data>
    </edge>
    <edge source="n6" target="n145">
      <data key="e_weight">1</data>
    </edge>
    <edge source="n6" target="n146">
      <data key="e_weight">1</data>
    </edge>
    <edge source="n6" target="n147">
      <data key="e_weight">1</data>
    </edge>
    <edge source="n6" target="n148">
      <data key="e_weight">1</data>
    </edge>
    <edge source="n6" target="n149">
      <data key="e_weight">1</data>
    </edge>
    <edge source="n6" target="n150">
      <data key="e_weight">1</data>
    </edge>
    <edge source="n6" target="n151">
      <data key="e_weight">1</data>
    </edge>
    <edge source="n6" target="n152">
      <data key="e_weight">1</data>
    </edge>
    <edge source="n6" target="n153">
      <data key="e_weight">1</data>
    </edge>
    <edge source="n7" target="n207">
      <data key="e_weight">1</data>
    </edge>
    <edge source="n7" target="n208">
      <data key="e_weight">1</data>
    </edge>
    <edge source="n7" target="n209">
      <data key="e_weight">1</data>
    </edge>
    <edge source="n7" target="n210">
      <data key="e_weight">1</data>
    </edge>
    <edge source="n7" target="n211">
      <data key="e_weight">1</data>
    </edge>
    <edge source="n7" target="n212">
      <data key="e_weight">1</data>
    </edge>
    <edge source="n7" target="n213">
      <data key="e_weight">1</data>
    </edge>
    <edge source="n8" target="n215">
      <data key="e_weight">1</data>
    </edge>
    <edge source="n8" target="n216">
      <data key="e_weight">1</data>
    </edge>
    <edge source="n8" target="n217">
      <data key="e_weight">1</data>
    </edge>
    <edge source="n8" target="n218">
      <data key="e_weight">1</data>
    </edge>
    <edge source="n8" target="n219">
      <data key="e_weight">1</data>
    </edge>
    <edge source="n8" target="n220">
      <data key="e_weight">1</data>
    </edge>
    <edge source="n8" target="n221">
      <data key="e_weight">1</data>
    </edge>
    <edge source="n8" target="n222">
      <data key="e_weight">1</data>
    </edge>
    <edge source="n8" target="n223">
      <data key="e_weight">1</data>
    </edge>
    <edge source="n8" target="n224">
      <data key="e_weight">1</data>
    </edge>
    <edge source="n8" target="n225">
      <data key="e_weight">1</data>
    </edge>
    <edge source="n8" target="n226">
      <data key="e_weight">1</data>
    </edge>
    <edge source="n9" target="n229">
      <data key="e_weight">0</data>
    </edge>
    <edge source="n9" target="n230">
      <data key="e_weight">0</data>
    </edge>
    <edge source="n9" target="n231">
      <data key="e_weight">0</data>
    </edge>
    <edge source="n9" target="n232">
      <data key="e_weight">0</data>
    </edge>
    <edge source="n9" target="n233">
      <data key="e_weight">0</data>
    </edge>
    <edge source="n9" target="n234">
      <data key="e_weight">0</data>
    </edge>
    <edge source="n9" target="n235">
      <data key="e_weight">0</data>
    </edge>
    <edge source="n9" target="n236">
      <data key="e_weight">0</data>
    </edge>
    <edge source="n9" target="n237">
      <data key="e_weight">0</data>
    </edge>
    <edge source="n9" target="n238">
      <data key="e_weight">0</data>
    </edge>
    <edge source="n9" target="n239">
      <data key="e_weight">0</data>
    </edge>
    <edge source="n10" target="n16">
      <data key="e_weight">1</data>
    </edge>
    <edge source="n10" target="n17">
      <data key="e_weight">1</data>
    </edge>
    <edge source="n10" target="n18">
      <data key="e_weight">1</data>
    </edge>
    <edge source="n10" target="n19">
      <data key="e_weight">1</data>
    </edge>
    <edge source="n10" target="n20">
      <data key="e_weight">1</data>
    </edge>
    <edge source="n10" target="n21">
      <data key="e_weight">1</data>
    </edge>
    <edge source="n10" target="n22">
      <data key="e_weight">1</data>
    </edge>
    <edge source="n10" target="n23">
      <data key="e_weight">1</data>
    </edge>
    <edge source="n10" target="n24">
      <data key="e_weight">1</data>
    </edge>
    <edge source="n10" target="n25">
      <data key="e_weight">1</data>
    </edge>
    <edge source="n10" target="n26">
      <data key="e_weight">1</data>
    </edge>
    <edge source="n10" target="n27">
      <data key="e_weight">1</data>
    </edge>
    <edge source="n10" target="n28">
      <data key="e_weight">1</data>
    </edge>
    <edge source="n10" target="n29">
      <data key="e_weight">1</data>
    </edge>
    <edge source="n10" target="n30">
      <data key="e_weight">1</data>
    </edge>
    <edge source="n10" target="n31">
      <data key="e_weight">1</data>
    </edge>
    <edge source="n10" target="n32">
      <data key="e_weight">1</data>
    </edge>
    <edge source="n11" target="n33">
      <data key="e_weight">1</data>
    </edge>
    <edge source="n11" target="n34">
      <data key="e_weight">1</data>
    </edge>
    <edge source="n11" target="n35">
      <data key="e_weight">1</data>
    </edge>
    <edge source="n12" target="n36">
      <data key="e_weight">1</data>
    </edge>
    <edge source="n12" target="n37">
      <data key="e_weight">1</data>
    </edge>
    <edge source="n12" target="n38">
      <data key="e_weight">1</data>
    </edge>
    <edge source="n12" target="n39">
      <data key="e_weight">1</data>
    </edge>
    <edge source="n13" target="n40">
      <data key="e_weight">1</data>
    </edge>
    <edge source="n13" target="n41">
      <data key="e_weight">1</data>
    </edge>
    <edge source="n13" target="n42">
      <data key="e_weight">1</data>
    </edge>
    <edge source="n13" target="n43">
      <data key="e_weight">1</data>
    </edge>
    <edge source="n13" target="n44">
      <data key="e_weight">1</data>
    </edge>
    <edge source="n13" target="n45">
      <data key="e_weight">1</data>
    </edge>
    <edge source="n13" target="n46">
      <data key="e_weight">1</data>
    </edge>
    <edge source="n13" target="n47">
      <data key="e_weight">1</data>
    </edge>
    <edge source="n13" target="n48">
      <data key="e_weight">1</data>
    </edge>
    <edge source="n13" target="n49">
      <data key="e_weight">1</data>
    </edge>
    <edge source="n13" target="n50">
      <data key="e_weight">1</data>
    </edge>
    <edge source="n14" target="n51">
      <data key="e_weight">1</data>
    </edge>
    <edge source="n14" target="n52">
      <data key="e_weight">1</data>
    </edge>
    <edge source="n14" target="n53">
      <data key="e_weight">1</data>
    </edge>
    <edge source="n14" target="n54">
      <data key="e_weight">1</data>
    </edge>
    <edge source="n14" target="n55">
      <data key="e_weight">1</data>
    </edge>
    <edge source="n14" target="n56">
      <data key="e_weight">1</data>
    </edge>
    <edge source="n14" target="n57">
      <data key="e_weight">1</data>
    </edge>
    <edge source="n14" target="n58">
      <data key="e_weight">1</data>
    </edge>
    <edge source="n14" target="n59">
      <data key="e_weight">1</data>
    </edge>
    <edge source="n14" target="n60">
      <data key="e_weight">1</data>
    </edge>
    <edge source="n14" target="n61">
      <data key="e_weight">1</data>
    </edge>
    <edge source="n14" target="n62">
      <data key="e_weight">0</data>
    </edge>
    <edge source="n15" target="n63">
      <data key="e_weight">1</data>
    </edge>
    <edge source="n15" target="n64">
      <data key="e_weight">1</data>
    </edge>
    <edge source="n15" target="n65">
      <data key="e_weight">1</data>
    </edge>
    <edge source="n15" target="n66">
      <data key="e_weight">1</data>
    </edge>
    <edge source="n15" target="n67">
      <data key="e_weight">1</data>
    </edge>
    <edge source="n15" target="n68">
      <data key="e_weight">1</data>
    </edge>
    <edge source="n15" target="n69">
      <data key="e_weight">1</data>
    </edge>
    <edge source="n15" target="n70">
      <data key="e_weight">1</data>
    </edge>
    <edge source="n15" target="n71">
      <data key="e_weight">1</data>
    </edge>
    <edge source="n15" target="n72">
      <data key="e_weight">1</data>
    </edge>
    <edge source="n15" target="n73">
      <data key="e_weight">1</data>
    </edge>
    <edge source="n15" target="n74">
      <data key="e_weight">1</data>
    </edge>
    <edge source="n15" target="n75">
      <data key="e_weight">1</data>
    </edge>
    <edge source="n15" target="n76">
      <data key="e_weight">1</data>
    </edge>
    <edge source="n15" target="n77">
      <data key="e_weight">1</data>
    </edge>
    <edge source="n15" target="n78">
      <data key="e_weight">1</data>
    </edge>
    <edge source="n15" target="n79">
      <data key="e_weight">1</data>
    </edge>
    <edge source="n15" target="n80">
      <data key="e_weight">1</data>
    </edge>
    <edge source="n15" target="n81">
      <data key="e_weight">1</data>
    </edge>
    <edge source="n15" target="n82">
      <data key="e_weight">1</data>
    </edge>
    <edge source="n15" target="n83">
      <data key="e_weight">1</data>
    </edge>
    <edge source="n15" target="n84">
      <data key="e_weight">1</data>
    </edge>
    <edge source="n15" target="n85">
      <data key="e_weight">1</data>
    </edge>
    <edge source="n15" target="n86">
      <data key="e_weight">1</data>
    </edge>
    <edge source="n15" target="n87">
      <data key="e_weight">1</data>
    </edge>
    <edge source="n15" target="n88">
      <data key="e_weight">1</data>
    </edge>
    <edge source="n89" target="n94">
      <data key="e_weight">1</data>
    </edge>
    <edge source="n89" target="n95">
      <data key="e_weight">1</data>
    </edge>
    <edge source="n89" target="n96">
      <data key="e_weight">1</data>
    </edge>
    <edge source="n89" target="n97">
      <data key="e_weight">1</data>
    </edge>
    <edge source="n89" target="n98">
      <data key="e_weight">1</data>
    </edge>
    <edge source="n90" target="n99">
      <data key="e_weight">1</data>
    </edge>
    <edge source="n90" target="n100">
      <data key="e_weight">1</data>
    </edge>
    <edge source="n90" target="n101">
      <data key="e_weight">1</data>
    </edge>
    <edge source="n90" target="n102">
      <data key="e_weight">1</data>
    </edge>
    <edge source="n90" target="n103">
      <data key="e_weight">1</data>
    </edge>
    <edge source="n90" target="n104">
      <data key="e_weight">1</data>
    </edge>
    <edge source="n91" target="n105">
      <data key="e_weight">1</data>
    </edge>
    <edge source="n91" target="n106">
      <data key="e_weight">1</data>
    </edge>
    <edge source="n91" target="n107">
      <data key="e_weight">1</data>
    </edge>
    <edge source="n91" target="n108">
      <data key="e_weight">1</data>
    </edge>
    <edge source="n92" target="n126">
      <data key="e_weight">1</data>
    </edge>
    <edge source="n92" target="n127">
      <data key="e_weight">1</data>
    </edge>
    <edge source="n92" target="n128">
      <data key="e_weight">1</data>
    </edge>
    <edge source="n92" target="n129">
      <data key="e_weight">1</data>
    </edge>
    <edge source="n92" target="n130">
      <data key="e_weight">1</data>
    </edge>
    <edge source="n92" target="n131">
      <data key="e_weight">1</data>
    </edge>
    <edge source="n92" target="n132">
      <data key="e_weight">1</data>
    </edge>
    <edge source="n92" target="n133">
      <data key="e_weight">1</data>
    </edge>
    <edge source="n92" target="n134">
      <data key="e_weight">1</data>
    </edge>
    <edge source="n92" target="n135">
      <data key="e_weight">1</data>
    </edge>
    <edge source="n93" target="n136">
      <data key="e_weight">1</data>
    </edge>
    <edge source="n93" target="n137">
      <data key="e_weight">1</data>
    </edge>
    <edge source="n93" target="n138">
      <data key="e_weight">1</data>
    </edge>
    <edge source="n93" target="n139">
      <data key="e_weight">1</data>
    </edge>
    <edge source="n93" target="n140">
      <data key="e_weight">1</data>
    </edge>
    <edge source="n93" target="n141">
      <data key="e_weight">1</data>
    </edge>
    <edge source="n93" target="n142">
      <data key="e_weight">1</data>
    </edge>
    <edge source="n93" target="n143">
      <data key="e_weight">1</data>
    </edge>
    <edge source="n93" target="n144">
      <data key="e_weight">1</data>
    </edge>
    <edge source="n106" target="n109">
      <data key="e_weight">1</data>
    </edge>
    <edge source="n106" target="n110">
      <data key="e_weight">1</data>
    </edge>
    <edge source="n106" target="n111">
      <data key="e_weight">1</data>
    </edge>
    <edge source="n106" target="n112">
      <data key="e_weight">1</data>
    </edge>
    <edge source="n106" target="n113">
      <data key="e_weight">1</data>
    </edge>
    <edge source="n106" target="n114">
      <data key="e_weight">1</data>
    </edge>
    <edge source="n106" target="n115">
      <data key="e_weight">1</data>
    </edge>
    <edge source="n107" target="n116">
      <data key="e_weight">1</data>
    </edge>
    <edge source="n107" target="n117">
      <data key="e_weight">1</data>
    </edge>
    <edge source="n107" target="n118">
      <data key="e_weight">1</data>
    </edge>
    <edge source="n107" target="n119">
      <data key="e_weight">1</data>
    </edge>
    <edge source="n108" target="n120">
      <data key="e_weight">1</data>
    </edge>
    <edge source="n108" target="n121">
      <data key="e_weight">1</data>
    </edge>
    <edge source="n108" target="n122">
      <data key="e_weight">1</data>
    </edge>
    <edge source="n108" target="n123">
      <data key="e_weight">1</data>
    </edge>
    <edge source="n108" target="n124">
      <data key="e_weight">1</data>
    </edge>
    <edge source="n108" target="n125">
      <data key="e_weight">1</data>
    </edge>
    <edge source="n145" target="n154">
      <data key="e_weight">1</data>
    </edge>
    <edge source="n145" target="n155">
      <data key="e_weight">1</data>
    </edge>
    <edge source="n145" target="n156">
      <data key="e_weight">1</data>
    </edge>
    <edge source="n145" target="n157">
      <data key="e_weight">1</data>
    </edge>
    <edge source="n145" target="n158">
      <data key="e_weight">1</data>
    </edge>
    <edge source="n145" target="n159">
      <data key="e_weight">1</data>
    </edge>
    <edge source="n145" target="n160">
      <data key="e_weight">1</data>
    </edge>
    <edge source="n145" target="n161">
      <data key="e_weight">1</data>
    </edge>
    <edge source="n145" target="n162">
      <data key="e_weight">1</data>
    </edge>
    <edge source="n145" target="n163">
      <data key="e_weight">1</data>
    </edge>
    <edge source="n145" target="n164">
      <data key="e_weight">1</data>
    </edge>
    <edge source="n145" target="n165">
      <data key="e_weight">1</data>
    </edge>
    <edge source="n145" target="n166">
      <data key="e_weight">1</data>
    </edge>
    <edge source="n145" target="n167">
      <data key="e_weight">1</data>
    </edge>
    <edge source="n145" target="n168">
      <data key="e_weight">1</data>
    </edge>
    <edge source="n145" target="n169">
      <data key="e_weight">1</data>
    </edge>
    <edge source="n145" target="n170">
      <data key="e_weight">1</data>
    </edge>
    <edge source="n145" target="n171">
      <data key="e_weight">1</data>
    </edge>
    <edge source="n145" target="n172">
      <data key="e_weight">1</data>
    </edge>
    <edge source="n145" target="n173">
      <data key="e_weight">1</data>
    </edge>
    <edge source="n145" target="n174">
      <data key="e_weight">1</data>
    </edge>
    <edge source="n145" target="n175">
      <data key="e_weight">1</data>
    </edge>
    <edge source="n145" target="n176">
      <data key="e_weight">1</data>
    </edge>
    <edge source="n145" target="n177">
      <data key="e_weight">1</data>
    </edge>
    <edge source="n145" target="n178">
      <data key="e_weight">1</data>
    </edge>
    <edge source="n145" target="n179">
      <data key="e_weight">1</data>
    </edge>
    <edge source="n145" target="n180">
      <data key="e_weight">1</data>
    </edge>
    <edge source="n146" target="n181">
      <data key="e_weight">1</data>
    </edge>
    <edge source="n146" target="n182">
      <data key="e_weight">1</data>
    </edge>
    <edge source="n146" target="n183">
      <data key="e_weight">1</data>
    </edge>
    <edge source="n146" target="n184">
      <data key="e_weight">1</data>
    </edge>
    <edge source="n148" target="n185">
      <data key="e_weight">1</data>
    </edge>
    <edge source="n148" target="n186">
      <data key="e_weight">1</data>
    </edge>
    <edge source="n148" target="n187">
      <data key="e_weight">1</data>
    </edge>
    <edge source="n148" target="n188">
      <data key="e_weight">1</data>
    </edge>
    <edge source="n148" target="n189">
      <data key="e_weight">1</data>
    </edge>
    <edge source="n149" target="n190">
      <data key="e_weight">1</data>
    </edge>
    <edge source="n149" target="n191">
      <data key="e_weight">1</data>
    </edge>
    <edge source="n149" target="n192">
      <data key="e_weight">1</data>
    </edge>
    <edge source="n149" target="n193">
      <data key="e_weight">1</data>
    </edge>
    <edge source="n149" target="n194">
      <data key="e_weight">1</data>
    </edge>
    <edge source="n149" target="n195">
      <data key="e_weight">1</data>
    </edge>
    <edge source="n149" target="n196">
      <data key="e_weight">1</data>
    </edge>
    <edge source="n149" target="n197">
      <data key="e_weight">1</data>
    </edge>
    <edge source="n149" target="n198">
      <data key="e_weight">1</data>
    </edge>
    <edge source="n150" target="n199">
      <data key="e_weight">1</data>
    </edge>
    <edge source="n150" target="n200">
      <data key="e_weight">1</data>
    </edge>
    <edge source="n150" target="n201">
      <data key="e_weight">1</data>
    </edge>
    <edge source="n150" target="n202">
      <data key="e_weight">1</data>
    </edge>
    <edge source="n152" target="n203">
      <data key="e_weight">1</data>
    </edge>
    <edge source="n152" target="n204">
      <data key="e_weight">1</data>
    </edge>
    <edge source="n152" target="n205">
      <data key="e_weight">1</data>
    </edge>
    <edge source="n152" target="n206">
      <data key="e_weight">1</data>
    </edge>
    <edge source="n209" target="n214">
      <data key="e_weight">1</data>
    </edge>
    <edge source="n226" target="n227">
      <data key="e_weight">1</data>
    </edge>
    <edge source="n226" target="n228">
      <data key="e_weight">1</data>
    </edge>
    <edge source="n231" target="n240">
      <data key="e_weight">1</data>
    </edge>
    <edge source="n231" target="n241">
      <data key="e_weight">1</data>
    </edge>
    <edge source="n231" target="n242">
      <data key="e_weight">1</data>
    </edge>
    <edge source="n231" target="n243">
      <data key="e_weight">1</data>
    </edge>
    <edge source="n231" target="n244">
      <data key="e_weight">1</data>
    </edge>
    <edge source="n231" target="n245">
      <data key="e_weight">1</data>
    </edge>
    <edge source="n231" target="n246">
      <data key="e_weight">1</data>
    </edge>
    <edge source="n231" target="n247">
      <data key="e_weight">1</data>
    </edge>
    <edge source="n233" target="n249">
      <data key="e_weight">1</data>
    </edge>
    <edge source="n237" target="n250">
      <data key="e_weight">1</data>
    </edge>
    <edge source="n237" target="n251">
      <data key="e_weight">1</data>
    </edge>
    <edge source="n237" target="n252">
      <data key="e_weight">1</data>
    </edge>
    <edge source="n237" target="n253">
      <data key="e_weight">1</data>
    </edge>
    <edge source="n246" target="n248">
      <data key="e_weight">1</data>
    </edge>
  </graph>
</graphml>
