<?xml version="1.0" encoding="UTF-8"?>
<graphml xmlns="http://graphml.graphdrawing.org/xmlns"
         xmlns:xsi="http://www.w3.org/2001/XMLSchema-instance"
         xsi:schemaLocation="http://graphml.graphdrawing.org/xmlns
         http://graphml.graphdrawing.org/xmlns/1.0/graphml.xsd">
<!-- Created by igraph -->
  <key id="v_Title" for="node" attr.name="Title" attr.type="string"/>
  <key id="v_hrank" for="node" attr.name="hrank" attr.type="double"/>
  <key id="v_numDirects" for="node" attr.name="numDirects" attr.type="double"/>
  <key id="v_numCollegues" for="node" attr.name="numCollegues" attr.type="double"/>
  <key id="v_RecentlyModifiedCount" for="node" attr.name="RecentlyModifiedCount" attr.type="double"/>
  <key id="v_ModifiedTitles" for="node" attr.name="ModifiedTitles" attr.type="string"/>
  <key id="v_TrendingTitles" for="node" attr.name="TrendingTitles" attr.type="string"/>
  <key id="v_id" for="node" attr.name="id" attr.type="string"/>
  <key id="e_weight" for="edge" attr.name="weight" attr.type="double"/>
  <graph id="G" edgedefault="undirected">
    <node id="n0">
      <data key="v_Title">Amir Netz</data>
      <data key="v_hrank">0</data>
      <data key="v_numDirects">2</data>
      <data key="v_numCollegues">0</data>
      <data key="v_RecentlyModifiedCount">0</data>
      <data key="v_ModifiedTitles">unknown</data>
      <data key="v_TrendingTitles"> ; PaaS Team Strategy ; Blog_post - PowerApps Public Preview ; Training ; Blog_post - App from Data ; TSGs ; Developer APIs ; Engaging Desktop Users with the Service ; PaaS Launch Planning ; Microsoft confidential ; Gartner Survey for self service data preparation - Editable ; OneRM Overview and Demo ; Find a partner scoping doc 3 ; Integrating ESRI into Power BI ; Tier_2_release_for_April_Twenty_seven - TEMPLATE_transactional_copydeck.docx ; Logic Apps Product Review March 2016 ; Power BI PR All March 23.pptx ; Conceptual Model - v3 ; WIP ; DataDump ; PBI Embedded Public Preview Blog Draft</data>
      <data key="v_id">149410041</data>
    </node>
    <node id="n1">
      <data key="v_Title">Cristian Petculescu</data>
      <data key="v_hrank">1</data>
      <data key="v_numDirects">0</data>
      <data key="v_numCollegues">2</data>
      <data key="v_RecentlyModifiedCount">2</data>
      <data key="v_ModifiedTitles"> ; Raw Data Access ; Test</data>
      <data key="v_TrendingTitles"> ; TSGs ; Training ; Vendor Ops ; Daily Live Site ; Blog_post - PowerApps Public Preview ; PaaS Team Strategy ; Blog_post - App from Data ; PowerApps Briefing Deck v2.pptx ; SQL BI Weekly Live Site Review ; Conceptual Model - v3 ; Microsoft confidential ; BizTalk API Engineering Manual ; Engineering Systems Team ; Engaging Desktop Users with the Service ; Power BI LiveSite Roles Responsibilities ; Alert-Overall-Pictures ; KustoAlerting-MINYIZ4 ; PCompete ; Power BI CEN ; Power BI PR All March 23.pptx</data>
      <data key="v_id">148876478</data>
    </node>
    <node id="n2">
      <data key="v_Title">Marius Dumitru</data>
      <data key="v_hrank">1</data>
      <data key="v_numDirects">0</data>
      <data key="v_numCollegues">2</data>
      <data key="v_RecentlyModifiedCount">10</data>
      <data key="v_ModifiedTitles"> ; DirectQuery ; Phone Screen ; DAX Extensibility ; Candidates for Warsaw ; DAX Extensibility ; What&apos;s coming ; DAX ; Engineering ; Data access ; Background</data>
      <data key="v_TrendingTitles"> ; TSGs ; Notes ; Vendor Ops ; Training ; Blog_post - PowerApps Public Preview ; Team Work ; PaaS Team Strategy ; Blog_post - App from Data ; PowerApps Briefing Deck v2.pptx ; Stories and Lessons  from the MSPOLL ; Azure Quality Review 4.27.16 ; Microsoft confidential ; Microsoft confidential ; share ; Gateway Database Schema and DM API ; GM Review Apr 2016_Ilanh.pptx ; PBIO Shiproom ; FCB comparison ; RLS_Tasks ; SQL tiered storage</data>
      <data key="v_id">149375477</data>
    </node>
    <node id="n3">
      <data key="v_Title">OUTSIDE</data>
      <data key="v_hrank">0</data>
      <data key="v_numDirects">0</data>
      <data key="v_numCollegues">0</data>
      <data key="v_RecentlyModifiedCount">0</data>
      <data key="v_ModifiedTitles">unknown</data>
      <data key="v_TrendingTitles">unknown</data>
      <data key="v_id">-100</data>
    </node>
    <edge source="n0" target="n1">
      <data key="e_weight">190</data>
    </edge>
    <edge source="n0" target="n2">
      <data key="e_weight">91</data>
    </edge>
    <edge source="n0" target="n3">
      <data key="e_weight">1057</data>
    </edge>
    <edge source="n1" target="n2">
      <data key="e_weight">100</data>
    </edge>
    <edge source="n1" target="n3">
      <data key="e_weight">1885</data>
    </edge>
    <edge source="n2" target="n3">
      <data key="e_weight">2621</data>
    </edge>
  </graph>
</graphml>
