﻿<?xml version="1.0" encoding="utf-8"?><graphml xmlns:xsi="http://www.w3.org/2001/XMLSchema-instance" xsi:schemaLocation="http://graphml.graphdrawing.org/xmlns http://graphml.graphdrawing.org/xmlns/1.0/graphml.xsd" xmlns="http://graphml.graphdrawing.org/xmlns"><key id="Title" for="node" attr.name="Title" attr.type="string"><default>unknown</default></key><key id="hrank" for="node" attr.name="hrank" attr.type="double"><default>0</default></key><key id="numDirects" for="node" attr.name="numDirects" attr.type="double"><default>0</default></key><key id="numCollegues" for="node" attr.name="numCollegues" attr.type="double"><default>0</default></key><key id="weight" for="edge" attr.name="weight" attr.type="double"><default>1</default></key><graph id="hierarchy_graph" edgedefault="directed"><node id="149300582"><data key="Title">Bilal Alam</data><data key="hrank">0</data><data key="numDirects">12</data></node><node id="148878030"><data key="Title">Jonathan Hawkins</data><data key="hrank">1</data><data key="numCollegues">12</data><data key="numDirects">0</data></node><node id="148878478"><data key="Title">Vik Raheja</data><data key="hrank">1</data><data key="numCollegues">12</data><data key="numDirects">0</data></node><node id="148899950"><data key="Title">Praveen Babu Tirumala</data><data key="hrank">1</data><data key="numCollegues">12</data><data key="numDirects">5</data></node><node id="149308866"><data key="Title">Hamid Safi</data><data key="hrank">1</data><data key="numCollegues">12</data><data key="numDirects">0</data></node><node id="149313936"><data key="Title">Sateesh Pragallapati</data><data key="hrank">1</data><data key="numCollegues">12</data><data key="numDirects">5</data></node><node id="149336692"><data key="Title">Jaroslav Dunajsky</data><data key="hrank">1</data><data key="numCollegues">12</data><data key="numDirects">6</data></node><node id="149341819"><data key="Title">David Ebbo</data><data key="hrank">1</data><data key="numCollegues">12</data><data key="numDirects">4</data></node><node id="149352277"><data key="Title">Nitasha Verma</data><data key="hrank">1</data><data key="numCollegues">12</data><data key="numDirects">7</data></node><node id="149362911"><data key="Title">Petr Podhorsky</data><data key="hrank">1</data><data key="numCollegues">12</data><data key="numDirects">5</data></node><node id="149377008"><data key="Title">Wade Hilmo</data><data key="hrank">1</data><data key="numCollegues">12</data><data key="numDirects">4</data></node><node id="149379040"><data key="Title">Jason Jewell</data><data key="hrank">1</data><data key="numCollegues">12</data><data key="numDirects">0</data></node><node id="149382868"><data key="Title">Paul Batum</data><data key="hrank">1</data><data key="numCollegues">12</data><data key="numDirects">10</data></node><node id="130717482"><data key="Title">Steve Ernst</data><data key="hrank">2</data><data key="numCollegues">5</data><data key="numDirects">0</data></node><node id="148885378"><data key="Title">Andrey Severtokov</data><data key="hrank">2</data><data key="numCollegues">5</data><data key="numDirects">0</data></node><node id="149307653"><data key="Title">Shekhar Gupta</data><data key="hrank">2</data><data key="numCollegues">5</data><data key="numDirects">0</data></node><node id="149320924"><data key="Title">Aspaan Kamboj</data><data key="hrank">2</data><data key="numCollegues">5</data><data key="numDirects">0</data></node><node id="149407985"><data key="Title">Faiz Shaikh</data><data key="hrank">2</data><data key="numCollegues">5</data><data key="numDirects">0</data></node><node id="148884727"><data key="Title">Aiman Khan</data><data key="hrank">2</data><data key="numCollegues">5</data><data key="numDirects">0</data></node><node id="149314259"><data key="Title">Smitha Borkar</data><data key="hrank">2</data><data key="numCollegues">5</data><data key="numDirects">0</data></node><node id="149325009"><data key="Title">Loc Phan</data><data key="hrank">2</data><data key="numCollegues">5</data><data key="numDirects">0</data></node><node id="149364282"><data key="Title">Md Sohrabuddin</data><data key="hrank">2</data><data key="numCollegues">5</data><data key="numDirects">0</data></node><node id="149409202"><data key="Title">Nikita Goncharenko</data><data key="hrank">2</data><data key="numCollegues">5</data><data key="numDirects">0</data></node><node id="149322738"><data key="Title">Kranthi Kumar Mannem</data><data key="hrank">2</data><data key="numCollegues">6</data><data key="numDirects">0</data></node><node id="149329137"><data key="Title">Joaquin Vano Newman</data><data key="hrank">2</data><data key="numCollegues">6</data><data key="numDirects">0</data></node><node id="149329313"><data key="Title">Ilya Finkelshteyn</data><data key="hrank">2</data><data key="numCollegues">6</data><data key="numDirects">0</data></node><node id="149405727"><data key="Title">Max Yang</data><data key="hrank">2</data><data key="numCollegues">6</data><data key="numDirects">0</data></node><node id="149413131"><data key="Title">Chun Ye</data><data key="hrank">2</data><data key="numCollegues">6</data><data key="numDirects">0</data></node><node id="149462548"><data key="Title">Aleksandar Boljanac</data><data key="hrank">2</data><data key="numCollegues">6</data><data key="numDirects">0</data></node><node id="149303711"><data key="Title">Xiaomin Wu</data><data key="hrank">2</data><data key="numCollegues">4</data><data key="numDirects">0</data></node><node id="149305893"><data key="Title">Ahmed ElSayed</data><data key="hrank">2</data><data key="numCollegues">4</data><data key="numDirects">0</data></node><node id="149345668"><data key="Title">Suwat Bodin</data><data key="hrank">2</data><data key="numCollegues">4</data><data key="numDirects">0</data></node><node id="149375968"><data key="Title">Mathew Charles</data><data key="hrank">2</data><data key="numCollegues">4</data><data key="numDirects">0</data></node><node id="22748397"><data key="Title">Matt Nielson</data><data key="hrank">2</data><data key="numCollegues">7</data><data key="numDirects">0</data></node><node id="148879315"><data key="Title">Jason Cooke</data><data key="hrank">2</data><data key="numCollegues">7</data><data key="numDirects">0</data></node><node id="148885812"><data key="Title">Aniello Scotto Di Marco</data><data key="hrank">2</data><data key="numCollegues">7</data><data key="numDirects">0</data></node><node id="149338471"><data key="Title">Sisira Panchagnula</data><data key="hrank">2</data><data key="numCollegues">7</data><data key="numDirects">0</data></node><node id="149353318"><data key="Title">Elliott Hamai</data><data key="hrank">2</data><data key="numCollegues">7</data><data key="numDirects">0</data></node><node id="149379633"><data key="Title">Chibi Vikramathithan (BIZTALK)</data><data key="hrank">2</data><data key="numCollegues">7</data><data key="numDirects">0</data></node><node id="149498550"><data key="Title">Travis Harris</data><data key="hrank">2</data><data key="numCollegues">7</data><data key="numDirects">0</data></node><node id="149312906"><data key="Title">Lawrence Li</data><data key="hrank">2</data><data key="numCollegues">5</data><data key="numDirects">0</data></node><node id="149337676"><data key="Title">Karl Reinsch</data><data key="hrank">2</data><data key="numCollegues">5</data><data key="numDirects">0</data></node><node id="149378494"><data key="Title">Zain Rizvi</data><data key="hrank">2</data><data key="numCollegues">5</data><data key="numDirects">0</data></node><node id="149403285"><data key="Title">Pavel Zelinsky</data><data key="hrank">2</data><data key="numCollegues">5</data><data key="numDirects">0</data></node><node id="231464446"><data key="Title">Alexandre Quirion</data><data key="hrank">2</data><data key="numCollegues">5</data><data key="numDirects">0</data></node><node id="148877202"><data key="Title">Eric Stenson</data><data key="hrank">2</data><data key="numCollegues">4</data><data key="numDirects">0</data></node><node id="148880438"><data key="Title">Jenny Lawrance</data><data key="hrank">2</data><data key="numCollegues">4</data><data key="numDirects">0</data></node><node id="149324748"><data key="Title">Henry Seiler</data><data key="hrank">2</data><data key="numCollegues">4</data><data key="numDirects">0</data></node><node id="149423254"><data key="Title">Ranjith Mukkai Ramachandra</data><data key="hrank">2</data><data key="numCollegues">4</data><data key="numDirects">0</data></node><node id="109236978"><data key="Title">Jacob Wallraff</data><data key="hrank">2</data><data key="numCollegues">10</data><data key="numDirects">0</data></node><node id="148899999"><data key="Title">Aziel Epilepsia</data><data key="hrank">2</data><data key="numCollegues">10</data><data key="numDirects">0</data></node><node id="149302943"><data key="Title">Sandeep Chakradhari Pedamallu</data><data key="hrank">2</data><data key="numCollegues">10</data><data key="numDirects">0</data></node><node id="149335821"><data key="Title">Shrirang Shirodkar</data><data key="hrank">2</data><data key="numCollegues">10</data><data key="numDirects">0</data></node><node id="149391288"><data key="Title">Brett Samblanet</data><data key="hrank">2</data><data key="numCollegues">10</data><data key="numDirects">0</data></node><node id="149418712"><data key="Title">Naren Soni</data><data key="hrank">2</data><data key="numCollegues">10</data><data key="numDirects">0</data></node><node id="149458310"><data key="Title">Di Hei</data><data key="hrank">2</data><data key="numCollegues">10</data><data key="numDirects">0</data></node><node id="194143436"><data key="Title">Dale Anderson</data><data key="hrank">2</data><data key="numCollegues">10</data><data key="numDirects">0</data></node><node id="271764447"><data key="Title">Matt Mason (ZUMO)</data><data key="hrank">2</data><data key="numCollegues">10</data><data key="numDirects">0</data></node><node id="330872793"><data key="Title">Fabio Cavalcante</data><data key="hrank">2</data><data key="numCollegues">10</data><data key="numDirects">0</data></node><node id="-100"><data key="Title">OUTSIDE</data></node>
<edge target="148878030" source="149300582"><data key="weight">1</data></edge>
<edge target="148878478" source="149300582"><data key="weight">1</data></edge>
<edge target="148899950" source="149300582"><data key="weight">1</data></edge>
<edge target="149308866" source="149300582"><data key="weight">1</data></edge>
<edge target="149313936" source="149300582"><data key="weight">1</data></edge>
<edge target="149336692" source="149300582"><data key="weight">1</data></edge>
<edge target="149341819" source="149300582"><data key="weight">1</data></edge>
<edge target="149352277" source="149300582"><data key="weight">1</data></edge>
<edge target="149362911" source="149300582"><data key="weight">1</data></edge>
<edge target="149377008" source="149300582"><data key="weight">1</data></edge>
<edge target="149379040" source="149300582"><data key="weight">1</data></edge>
<edge target="149382868" source="149300582"><data key="weight">1</data></edge>
<edge target="130717482" source="148899950"><data key="weight">1</data></edge>
<edge target="148885378" source="148899950"><data key="weight">1</data></edge>
<edge target="149307653" source="148899950"><data key="weight">1</data></edge>
<edge target="149320924" source="148899950"><data key="weight">1</data></edge>
<edge target="149407985" source="148899950"><data key="weight">1</data></edge>
<edge target="148884727" source="149313936"><data key="weight">1</data></edge>
<edge target="149314259" source="149313936"><data key="weight">1</data></edge>
<edge target="149325009" source="149313936"><data key="weight">1</data></edge>
<edge target="149364282" source="149313936"><data key="weight">1</data></edge>
<edge target="149409202" source="149313936"><data key="weight">1</data></edge>
<edge target="149322738" source="149336692"><data key="weight">1</data></edge>
<edge target="149329137" source="149336692"><data key="weight">1</data></edge>
<edge target="149329313" source="149336692"><data key="weight">1</data></edge>
<edge target="149405727" source="149336692"><data key="weight">1</data></edge>
<edge target="149413131" source="149336692"><data key="weight">1</data></edge>
<edge target="149462548" source="149336692"><data key="weight">1</data></edge>
<edge target="149303711" source="149341819"><data key="weight">1</data></edge>
<edge target="149305893" source="149341819"><data key="weight">1</data></edge>
<edge target="149345668" source="149341819"><data key="weight">1</data></edge>
<edge target="149375968" source="149341819"><data key="weight">1</data></edge>
<edge target="22748397" source="149352277"><data key="weight">1</data></edge>
<edge target="148879315" source="149352277"><data key="weight">1</data></edge>
<edge target="148885812" source="149352277"><data key="weight">1</data></edge>
<edge target="149338471" source="149352277"><data key="weight">1</data></edge>
<edge target="149353318" source="149352277"><data key="weight">1</data></edge>
<edge target="149379633" source="149352277"><data key="weight">1</data></edge>
<edge target="149498550" source="149352277"><data key="weight">1</data></edge>
<edge target="149312906" source="149362911"><data key="weight">1</data></edge>
<edge target="149337676" source="149362911"><data key="weight">1</data></edge>
<edge target="149378494" source="149362911"><data key="weight">1</data></edge>
<edge target="149403285" source="149362911"><data key="weight">1</data></edge>
<edge target="231464446" source="149362911"><data key="weight">1</data></edge>
<edge target="148877202" source="149377008"><data key="weight">1</data></edge>
<edge target="148880438" source="149377008"><data key="weight">1</data></edge>
<edge target="149324748" source="149377008"><data key="weight">1</data></edge>
<edge target="149423254" source="149377008"><data key="weight">1</data></edge>
<edge target="109236978" source="149382868"><data key="weight">1</data></edge>
<edge target="148899999" source="149382868"><data key="weight">1</data></edge>
<edge target="149302943" source="149382868"><data key="weight">1</data></edge>
<edge target="149335821" source="149382868"><data key="weight">1</data></edge>
<edge target="149391288" source="149382868"><data key="weight">1</data></edge>
<edge target="149418712" source="149382868"><data key="weight">1</data></edge>
<edge target="149458310" source="149382868"><data key="weight">1</data></edge>
<edge target="194143436" source="149382868"><data key="weight">1</data></edge>
<edge target="271764447" source="149382868"><data key="weight">1</data></edge>
<edge target="330872793" source="149382868"><data key="weight">1</data></edge></graph></graphml>