﻿<?xml version="1.0" encoding="utf-8"?><graphml xmlns:xsi="http://www.w3.org/2001/XMLSchema-instance" xsi:schemaLocation="http://graphml.graphdrawing.org/xmlns http://graphml.graphdrawing.org/xmlns/1.0/graphml.xsd" xmlns="http://graphml.graphdrawing.org/xmlns"><key id="Title" for="node" attr.name="Title" attr.type="string"><default>unknown</default></key><key id="hrank" for="node" attr.name="hrank" attr.type="double"><default>0</default></key><key id="numDirects" for="node" attr.name="numDirects" attr.type="double"><default>0</default></key><key id="numCollegues" for="node" attr.name="numCollegues" attr.type="double"><default>0</default></key><key id="RecentlyModifiedCount" for="node" attr.name="RecentlyModifiedCount" attr.type="double"><default>0</default></key><key id="weight" for="edge" attr.name="weight" attr.type="double"><default>1</default></key><graph id="social_graph" edgedefault="undirected"><node id="149300582"><data key="Title">Bilal Alam</data><data key="hrank">0</data><data key="numDirects">12</data><data key="RecentlyModifiedCount">1</data></node><node id="148878030"><data key="Title">Jonathan Hawkins</data><data key="hrank">1</data><data key="numCollegues">12</data><data key="numDirects">0</data><data key="RecentlyModifiedCount">2</data></node><node id="148878478"><data key="Title">Vik Raheja</data><data key="hrank">1</data><data key="numCollegues">12</data><data key="numDirects">0</data><data key="RecentlyModifiedCount">4</data></node><node id="148899950"><data key="Title">Praveen Babu Tirumala</data><data key="hrank">1</data><data key="numCollegues">12</data><data key="numDirects">5</data><data key="RecentlyModifiedCount">1</data></node><node id="149308866"><data key="Title">Hamid Safi</data><data key="hrank">1</data><data key="numCollegues">12</data><data key="numDirects">0</data><data key="RecentlyModifiedCount">1</data></node><node id="149313936"><data key="Title">Sateesh Pragallapati</data><data key="hrank">1</data><data key="numCollegues">12</data><data key="numDirects">5</data><data key="RecentlyModifiedCount">0</data></node><node id="149336692"><data key="Title">Jaroslav Dunajsky</data><data key="hrank">1</data><data key="numCollegues">12</data><data key="numDirects">6</data><data key="RecentlyModifiedCount">4</data></node><node id="149341819"><data key="Title">David Ebbo</data><data key="hrank">1</data><data key="numCollegues">12</data><data key="numDirects">4</data><data key="RecentlyModifiedCount">4</data></node><node id="149352277"><data key="Title">Nitasha Verma</data><data key="hrank">1</data><data key="numCollegues">12</data><data key="numDirects">7</data><data key="RecentlyModifiedCount">4</data></node><node id="149362911"><data key="Title">Petr Podhorsky</data><data key="hrank">1</data><data key="numCollegues">12</data><data key="numDirects">5</data><data key="RecentlyModifiedCount">5</data></node><node id="149377008"><data key="Title">Wade Hilmo</data><data key="hrank">1</data><data key="numCollegues">12</data><data key="numDirects">4</data><data key="RecentlyModifiedCount">0</data></node><node id="149379040"><data key="Title">Jason Jewell</data><data key="hrank">1</data><data key="numCollegues">12</data><data key="numDirects">0</data><data key="RecentlyModifiedCount">6</data></node><node id="149382868"><data key="Title">Paul Batum</data><data key="hrank">1</data><data key="numCollegues">12</data><data key="numDirects">10</data><data key="RecentlyModifiedCount">0</data></node><node id="130717482"><data key="Title">Steve Ernst</data><data key="hrank">2</data><data key="numCollegues">5</data><data key="numDirects">0</data><data key="RecentlyModifiedCount">2</data></node><node id="148885378"><data key="Title">Andrey Severtokov</data><data key="hrank">2</data><data key="numCollegues">5</data><data key="numDirects">0</data><data key="RecentlyModifiedCount">2</data></node><node id="149307653"><data key="Title">Shekhar Gupta</data><data key="hrank">2</data><data key="numCollegues">5</data><data key="numDirects">0</data><data key="RecentlyModifiedCount">2</data></node><node id="149320924"><data key="Title">Aspaan Kamboj</data><data key="hrank">2</data><data key="numCollegues">5</data><data key="numDirects">0</data><data key="RecentlyModifiedCount">1</data></node><node id="149407985"><data key="Title">Faiz Shaikh</data><data key="hrank">2</data><data key="numCollegues">5</data><data key="numDirects">0</data><data key="RecentlyModifiedCount">7</data></node><node id="148884727"><data key="Title">Aiman Khan</data><data key="hrank">2</data><data key="numCollegues">5</data><data key="numDirects">0</data><data key="RecentlyModifiedCount">0</data></node><node id="149314259"><data key="Title">Smitha Borkar</data><data key="hrank">2</data><data key="numCollegues">5</data><data key="numDirects">0</data><data key="RecentlyModifiedCount">0</data></node><node id="149325009"><data key="Title">Loc Phan</data><data key="hrank">2</data><data key="numCollegues">5</data><data key="numDirects">0</data><data key="RecentlyModifiedCount">1</data></node><node id="149364282"><data key="Title">Md Sohrabuddin</data><data key="hrank">2</data><data key="numCollegues">5</data><data key="numDirects">0</data><data key="RecentlyModifiedCount">0</data></node><node id="149409202"><data key="Title">Nikita Goncharenko</data><data key="hrank">2</data><data key="numCollegues">5</data><data key="numDirects">0</data><data key="RecentlyModifiedCount">5</data></node><node id="149322738"><data key="Title">Kranthi Kumar Mannem</data><data key="hrank">2</data><data key="numCollegues">6</data><data key="numDirects">0</data><data key="RecentlyModifiedCount">3</data></node><node id="149329137"><data key="Title">Joaquin Vano Newman</data><data key="hrank">2</data><data key="numCollegues">6</data><data key="numDirects">0</data><data key="RecentlyModifiedCount">1</data></node><node id="149329313"><data key="Title">Ilya Finkelshteyn</data><data key="hrank">2</data><data key="numCollegues">6</data><data key="numDirects">0</data><data key="RecentlyModifiedCount">2</data></node><node id="149405727"><data key="Title">Max Yang</data><data key="hrank">2</data><data key="numCollegues">6</data><data key="numDirects">0</data><data key="RecentlyModifiedCount">1</data></node><node id="149413131"><data key="Title">Chun Ye</data><data key="hrank">2</data><data key="numCollegues">6</data><data key="numDirects">0</data><data key="RecentlyModifiedCount">1</data></node><node id="149462548"><data key="Title">Aleksandar Boljanac</data><data key="hrank">2</data><data key="numCollegues">6</data><data key="numDirects">0</data><data key="RecentlyModifiedCount">2</data></node><node id="149303711"><data key="Title">Xiaomin Wu</data><data key="hrank">2</data><data key="numCollegues">4</data><data key="numDirects">0</data><data key="RecentlyModifiedCount">2</data></node><node id="149305893"><data key="Title">Ahmed ElSayed</data><data key="hrank">2</data><data key="numCollegues">4</data><data key="numDirects">0</data><data key="RecentlyModifiedCount">0</data></node><node id="149345668"><data key="Title">Suwat Bodin</data><data key="hrank">2</data><data key="numCollegues">4</data><data key="numDirects">0</data><data key="RecentlyModifiedCount">4</data></node><node id="149375968"><data key="Title">Mathew Charles</data><data key="hrank">2</data><data key="numCollegues">4</data><data key="numDirects">0</data><data key="RecentlyModifiedCount">2</data></node><node id="22748397"><data key="Title">Matt Nielson</data><data key="hrank">2</data><data key="numCollegues">7</data><data key="numDirects">0</data><data key="RecentlyModifiedCount">5</data></node><node id="148879315"><data key="Title">Jason Cooke</data><data key="hrank">2</data><data key="numCollegues">7</data><data key="numDirects">0</data><data key="RecentlyModifiedCount">0</data></node><node id="148885812"><data key="Title">Aniello Scotto Di Marco</data><data key="hrank">2</data><data key="numCollegues">7</data><data key="numDirects">0</data><data key="RecentlyModifiedCount">1</data></node><node id="149338471"><data key="Title">Sisira Panchagnula</data><data key="hrank">2</data><data key="numCollegues">7</data><data key="numDirects">0</data><data key="RecentlyModifiedCount">3</data></node><node id="149353318"><data key="Title">Elliott Hamai</data><data key="hrank">2</data><data key="numCollegues">7</data><data key="numDirects">0</data><data key="RecentlyModifiedCount">8</data></node><node id="149379633"><data key="Title">Chibi Vikramathithan (BIZTALK)</data><data key="hrank">2</data><data key="numCollegues">7</data><data key="numDirects">0</data><data key="RecentlyModifiedCount">11</data></node><node id="149498550"><data key="Title">Travis Harris</data><data key="hrank">2</data><data key="numCollegues">7</data><data key="numDirects">0</data><data key="RecentlyModifiedCount">3</data></node><node id="149312906"><data key="Title">Lawrence Li</data><data key="hrank">2</data><data key="numCollegues">5</data><data key="numDirects">0</data><data key="RecentlyModifiedCount">0</data></node><node id="149337676"><data key="Title">Karl Reinsch</data><data key="hrank">2</data><data key="numCollegues">5</data><data key="numDirects">0</data><data key="RecentlyModifiedCount">2</data></node><node id="149378494"><data key="Title">Zain Rizvi</data><data key="hrank">2</data><data key="numCollegues">5</data><data key="numDirects">0</data><data key="RecentlyModifiedCount">6</data></node><node id="149403285"><data key="Title">Pavel Zelinsky</data><data key="hrank">2</data><data key="numCollegues">5</data><data key="numDirects">0</data><data key="RecentlyModifiedCount">2</data></node><node id="231464446"><data key="Title">Alexandre Quirion</data><data key="hrank">2</data><data key="numCollegues">5</data><data key="numDirects">0</data><data key="RecentlyModifiedCount">2</data></node><node id="148877202"><data key="Title">Eric Stenson</data><data key="hrank">2</data><data key="numCollegues">4</data><data key="numDirects">0</data><data key="RecentlyModifiedCount">0</data></node><node id="148880438"><data key="Title">Jenny Lawrance</data><data key="hrank">2</data><data key="numCollegues">4</data><data key="numDirects">0</data><data key="RecentlyModifiedCount">1</data></node><node id="149324748"><data key="Title">Henry Seiler</data><data key="hrank">2</data><data key="numCollegues">4</data><data key="numDirects">0</data><data key="RecentlyModifiedCount">0</data></node><node id="149423254"><data key="Title">Ranjith Mukkai Ramachandra</data><data key="hrank">2</data><data key="numCollegues">4</data><data key="numDirects">0</data><data key="RecentlyModifiedCount">1</data></node><node id="109236978"><data key="Title">Jacob Wallraff</data><data key="hrank">2</data><data key="numCollegues">10</data><data key="numDirects">0</data><data key="RecentlyModifiedCount">0</data></node><node id="148899999"><data key="Title">Aziel Epilepsia</data><data key="hrank">2</data><data key="numCollegues">10</data><data key="numDirects">0</data><data key="RecentlyModifiedCount">0</data></node><node id="149302943"><data key="Title">Sandeep Chakradhari Pedamallu</data><data key="hrank">2</data><data key="numCollegues">10</data><data key="numDirects">0</data><data key="RecentlyModifiedCount">1</data></node><node id="149335821"><data key="Title">Shrirang Shirodkar</data><data key="hrank">2</data><data key="numCollegues">10</data><data key="numDirects">0</data><data key="RecentlyModifiedCount">0</data></node><node id="149391288"><data key="Title">Brett Samblanet</data><data key="hrank">2</data><data key="numCollegues">10</data><data key="numDirects">0</data><data key="RecentlyModifiedCount">0</data></node><node id="149418712"><data key="Title">Naren Soni</data><data key="hrank">2</data><data key="numCollegues">10</data><data key="numDirects">0</data><data key="RecentlyModifiedCount">0</data></node><node id="149458310"><data key="Title">Di Hei</data><data key="hrank">2</data><data key="numCollegues">10</data><data key="numDirects">0</data><data key="RecentlyModifiedCount">0</data></node><node id="194143436"><data key="Title">Dale Anderson</data><data key="hrank">2</data><data key="numCollegues">10</data><data key="numDirects">0</data><data key="RecentlyModifiedCount">0</data></node><node id="271764447"><data key="Title">Matt Mason (ZUMO)</data><data key="hrank">2</data><data key="numCollegues">10</data><data key="numDirects">0</data><data key="RecentlyModifiedCount">0</data></node><node id="330872793"><data key="Title">Fabio Cavalcante</data><data key="hrank">2</data><data key="numCollegues">10</data><data key="numDirects">0</data><data key="RecentlyModifiedCount">0</data></node><node id="-100"><data key="Title">OUTSIDE</data><data key="RecentlyModifiedCount">0</data></node>
<edge target="149362911" source="149300582"><data key="weight">198</data></edge>
<edge target="148878030" source="149300582"><data key="weight">199</data></edge>
<edge target="-100" source="149300582"><data key="weight">562</data></edge>
<edge target="149379040" source="149300582"><data key="weight">97</data></edge>
<edge target="149352277" source="149300582"><data key="weight">88</data></edge>
<edge target="149308866" source="148878030"><data key="weight">198</data></edge>
<edge target="-100" source="148878030"><data key="weight">540</data></edge>
<edge target="149377008" source="148878030"><data key="weight">88</data></edge>
<edge target="148899950" source="148878030"><data key="weight">85</data></edge>
<edge target="-100" source="148878478"><data key="weight">955</data></edge>
<edge target="149407985" source="148899950"><data key="weight">200</data></edge>
<edge target="149362911" source="148899950"><data key="weight">191</data></edge>
<edge target="-100" source="148899950"><data key="weight">98</data></edge>
<edge target="149352277" source="148899950"><data key="weight">189</data></edge>
<edge target="148885378" source="148899950"><data key="weight">195</data></edge>
<edge target="149307653" source="148899950"><data key="weight">194</data></edge>
<edge target="130717482" source="148899950"><data key="weight">193</data></edge>
<edge target="149336692" source="148899950"><data key="weight">188</data></edge>
<edge target="149300582" source="148899950"><data key="weight">91</data></edge>
<edge target="149320924" source="148899950"><data key="weight">188</data></edge>
<edge target="-100" source="149308866"><data key="weight">666</data></edge>
<edge target="149300582" source="149308866"><data key="weight">91</data></edge>
<edge target="149322738" source="149308866"><data key="weight">88</data></edge>
<edge target="-100" source="149313936"><data key="weight">656</data></edge>
<edge target="149325009" source="149313936"><data key="weight">197</data></edge>
<edge target="149409202" source="149313936"><data key="weight">197</data></edge>
<edge target="148884727" source="149313936"><data key="weight">192</data></edge>
<edge target="149329137" source="149336692"><data key="weight">200</data></edge>
<edge target="149322738" source="149336692"><data key="weight">199</data></edge>
<edge target="149352277" source="149336692"><data key="weight">98</data></edge>
<edge target="149329313" source="149336692"><data key="weight">193</data></edge>
<edge target="149413131" source="149336692"><data key="weight">195</data></edge>
<edge target="149405727" source="149336692"><data key="weight">194</data></edge>
<edge target="149362911" source="149336692"><data key="weight">92</data></edge>
<edge target="149300582" source="149336692"><data key="weight">91</data></edge>
<edge target="-100" source="149336692"><data key="weight">90</data></edge>
<edge target="149345668" source="149341819"><data key="weight">194</data></edge>
<edge target="149375968" source="149341819"><data key="weight">199</data></edge>
<edge target="-100" source="149341819"><data key="weight">290</data></edge>
<edge target="149362911" source="149341819"><data key="weight">96</data></edge>
<edge target="149352277" source="149341819"><data key="weight">94</data></edge>
<edge target="149303711" source="149341819"><data key="weight">192</data></edge>
<edge target="149377008" source="149341819"><data key="weight">190</data></edge>
<edge target="149379040" source="149341819"><data key="weight">89</data></edge>
<edge target="149353318" source="149352277"><data key="weight">200</data></edge>
<edge target="149379633" source="149352277"><data key="weight">196</data></edge>
<edge target="148885812" source="149352277"><data key="weight">198</data></edge>
<edge target="149362911" source="149352277"><data key="weight">186</data></edge>
<edge target="-100" source="149352277"><data key="weight">190</data></edge>
<edge target="148879315" source="149352277"><data key="weight">195</data></edge>
<edge target="149338471" source="149352277"><data key="weight">193</data></edge>
<edge target="149379040" source="149352277"><data key="weight">190</data></edge>
<edge target="-100" source="149362911"><data key="weight">294</data></edge>
<edge target="149379040" source="149362911"><data key="weight">197</data></edge>
<edge target="149337676" source="149362911"><data key="weight">196</data></edge>
<edge target="149378494" source="149362911"><data key="weight">192</data></edge>
<edge target="149322738" source="149362911"><data key="weight">186</data></edge>
<edge target="149423254" source="149377008"><data key="weight">200</data></edge>
<edge target="-100" source="149377008"><data key="weight">373</data></edge>
<edge target="149362911" source="149377008"><data key="weight">97</data></edge>
<edge target="148880438" source="149377008"><data key="weight">195</data></edge>
<edge target="149300582" source="149377008"><data key="weight">92</data></edge>
<edge target="148877202" source="149377008"><data key="weight">189</data></edge>
<edge target="-100" source="149379040"><data key="weight">467</data></edge>
<edge target="149378494" source="149379040"><data key="weight">192</data></edge>
<edge target="149403285" source="149379040"><data key="weight">191</data></edge>
<edge target="149498550" source="149379040"><data key="weight">188</data></edge>
<edge target="149302943" source="149382868"><data key="weight">200</data></edge>
<edge target="194143436" source="149382868"><data key="weight">199</data></edge>
<edge target="-100" source="149382868"><data key="weight">288</data></edge>
<edge target="149391288" source="149382868"><data key="weight">196</data></edge>
<edge target="330872793" source="149382868"><data key="weight">195</data></edge>
<edge target="148899999" source="149382868"><data key="weight">192</data></edge>
<edge target="271764447" source="149382868"><data key="weight">191</data></edge>
<edge target="149458310" source="149382868"><data key="weight">190</data></edge>
<edge target="149320924" source="130717482"><data key="weight">99</data></edge>
<edge target="149307653" source="130717482"><data key="weight">98</data></edge>
<edge target="148885378" source="130717482"><data key="weight">97</data></edge>
<edge target="-100" source="130717482"><data key="weight">281</data></edge>
<edge target="149407985" source="130717482"><data key="weight">187</data></edge>
<edge target="149362911" source="130717482"><data key="weight">92</data></edge>
<edge target="149341819" source="130717482"><data key="weight">90</data></edge>
<edge target="149307653" source="148885378"><data key="weight">195</data></edge>
<edge target="-100" source="148885378"><data key="weight">563</data></edge>
<edge target="149300582" source="148885378"><data key="weight">97</data></edge>
<edge target="149362911" source="148885378"><data key="weight">96</data></edge>
<edge target="149407985" source="149307653"><data key="weight">197</data></edge>
<edge target="149320924" source="149307653"><data key="weight">197</data></edge>
<edge target="-100" source="149307653"><data key="weight">190</data></edge>
<edge target="149362911" source="149307653"><data key="weight">95</data></edge>
<edge target="149341819" source="149307653"><data key="weight">92</data></edge>
<edge target="148878030" source="149307653"><data key="weight">90</data></edge>
<edge target="149322738" source="149307653"><data key="weight">89</data></edge>
<edge target="-100" source="149320924"><data key="weight">286</data></edge>
<edge target="149362911" source="149320924"><data key="weight">97</data></edge>
<edge target="148885378" source="149320924"><data key="weight">96</data></edge>
<edge target="149407985" source="149320924"><data key="weight">193</data></edge>
<edge target="149405727" source="149320924"><data key="weight">93</data></edge>
<edge target="149378494" source="149320924"><data key="weight">92</data></edge>
<edge target="148885378" source="149407985"><data key="weight">97</data></edge>
<edge target="149362911" source="149407985"><data key="weight">95</data></edge>
<edge target="149345668" source="149407985"><data key="weight">94</data></edge>
<edge target="-100" source="149407985"><data key="weight">269</data></edge>
<edge target="149409202" source="148884727"><data key="weight">193</data></edge>
<edge target="149314259" source="148884727"><data key="weight">194</data></edge>
<edge target="149364282" source="148884727"><data key="weight">193</data></edge>
<edge target="-100" source="148884727"><data key="weight">458</data></edge>
<edge target="149325009" source="148884727"><data key="weight">182</data></edge>
<edge target="149313936" source="149314259"><data key="weight">100</data></edge>
<edge target="149325009" source="149314259"><data key="weight">199</data></edge>
<edge target="149409202" source="149314259"><data key="weight">197</data></edge>
<edge target="-100" source="149314259"><data key="weight">560</data></edge>
<edge target="-100" source="149325009"><data key="weight">559</data></edge>
<edge target="149409202" source="149325009"><data key="weight">192</data></edge>
<edge target="149313936" source="149364282"><data key="weight">100</data></edge>
<edge target="-100" source="149364282"><data key="weight">564</data></edge>
<edge target="149409202" source="149364282"><data key="weight">95</data></edge>
<edge target="149325009" source="149364282"><data key="weight">93</data></edge>
<edge target="-100" source="149409202"><data key="weight">552</data></edge>
<edge target="-100" source="149322738"><data key="weight">460</data></edge>
<edge target="149329137" source="149322738"><data key="weight">97</data></edge>
<edge target="149462548" source="149322738"><data key="weight">194</data></edge>
<edge target="149379040" source="149322738"><data key="weight">92</data></edge>
<edge target="-100" source="149329137"><data key="weight">288</data></edge>
<edge target="149413131" source="149329137"><data key="weight">197</data></edge>
<edge target="149405727" source="149329137"><data key="weight">196</data></edge>
<edge target="149329313" source="149329137"><data key="weight">190</data></edge>
<edge target="149362911" source="149329137"><data key="weight">92</data></edge>
<edge target="149353318" source="149329137"><data key="weight">91</data></edge>
<edge target="149300582" source="149329137"><data key="weight">90</data></edge>
<edge target="149322738" source="149329313"><data key="weight">100</data></edge>
<edge target="-100" source="149329313"><data key="weight">282</data></edge>
<edge target="148885378" source="149329313"><data key="weight">98</data></edge>
<edge target="148880438" source="149329313"><data key="weight">97</data></edge>
<edge target="149405727" source="149329313"><data key="weight">191</data></edge>
<edge target="149413131" source="149329313"><data key="weight">190</data></edge>
<edge target="149413131" source="149405727"><data key="weight">195</data></edge>
<edge target="-100" source="149405727"><data key="weight">281</data></edge>
<edge target="149362911" source="149405727"><data key="weight">92</data></edge>
<edge target="149352277" source="149405727"><data key="weight">90</data></edge>
<edge target="149345668" source="149405727"><data key="weight">89</data></edge>
<edge target="-100" source="149413131"><data key="weight">373</data></edge>
<edge target="149462548" source="149413131"><data key="weight">92</data></edge>
<edge target="149345668" source="149413131"><data key="weight">91</data></edge>
<edge target="149336692" source="149462548"><data key="weight">99</data></edge>
<edge target="149329313" source="149462548"><data key="weight">98</data></edge>
<edge target="-100" source="149462548"><data key="weight">380</data></edge>
<edge target="149362911" source="149462548"><data key="weight">95</data></edge>
<edge target="149379633" source="149462548"><data key="weight">92</data></edge>
<edge target="149329137" source="149462548"><data key="weight">91</data></edge>
<edge target="149345668" source="149303711"><data key="weight">199</data></edge>
<edge target="149353318" source="149303711"><data key="weight">193</data></edge>
<edge target="-100" source="149303711"><data key="weight">283</data></edge>
<edge target="149362911" source="149303711"><data key="weight">93</data></edge>
<edge target="149379633" source="149303711"><data key="weight">91</data></edge>
<edge target="149300582" source="149303711"><data key="weight">90</data></edge>
<edge target="149322738" source="149303711"><data key="weight">89</data></edge>
<edge target="149345668" source="149305893"><data key="weight">197</data></edge>
<edge target="149341819" source="149305893"><data key="weight">99</data></edge>
<edge target="149375968" source="149305893"><data key="weight">98</data></edge>
<edge target="-100" source="149305893"><data key="weight">374</data></edge>
<edge target="149303711" source="149305893"><data key="weight">96</data></edge>
<edge target="149300582" source="149305893"><data key="weight">95</data></edge>
<edge target="149362911" source="149305893"><data key="weight">93</data></edge>
<edge target="149322738" source="149345668"><data key="weight">99</data></edge>
<edge target="-100" source="149345668"><data key="weight">380</data></edge>
<edge target="149300582" source="149345668"><data key="weight">92</data></edge>
<edge target="149362911" source="149345668"><data key="weight">90</data></edge>
<edge target="-100" source="149375968"><data key="weight">375</data></edge>
<edge target="149345668" source="149375968"><data key="weight">98</data></edge>
<edge target="149303711" source="149375968"><data key="weight">97</data></edge>
<edge target="149458310" source="149375968"><data key="weight">91</data></edge>
<edge target="149300582" source="149375968"><data key="weight">90</data></edge>
<edge target="149382868" source="149375968"><data key="weight">88</data></edge>
<edge target="149353318" source="22748397"><data key="weight">197</data></edge>
<edge target="149352277" source="22748397"><data key="weight">99</data></edge>
<edge target="149379633" source="22748397"><data key="weight">198</data></edge>
<edge target="149498550" source="22748397"><data key="weight">194</data></edge>
<edge target="-100" source="22748397"><data key="weight">561</data></edge>
<edge target="148885812" source="148879315"><data key="weight">198</data></edge>
<edge target="149338471" source="148879315"><data key="weight">197</data></edge>
<edge target="149382868" source="148879315"><data key="weight">97</data></edge>
<edge target="-100" source="148879315"><data key="weight">374</data></edge>
<edge target="149302943" source="148879315"><data key="weight">188</data></edge>
<edge target="149335821" source="148879315"><data key="weight">93</data></edge>
<edge target="149338471" source="148885812"><data key="weight">196</data></edge>
<edge target="-100" source="148885812"><data key="weight">369</data></edge>
<edge target="149498550" source="148885812"><data key="weight">96</data></edge>
<edge target="149362911" source="148885812"><data key="weight">92</data></edge>
<edge target="149379633" source="148885812"><data key="weight">180</data></edge>
<edge target="149379633" source="149338471"><data key="weight">189</data></edge>
<edge target="-100" source="149338471"><data key="weight">371</data></edge>
<edge target="149341819" source="149338471"><data key="weight">94</data></edge>
<edge target="149353318" source="149338471"><data key="weight">190</data></edge>
<edge target="148885812" source="149353318"><data key="weight">98</data></edge>
<edge target="149341819" source="149353318"><data key="weight">96</data></edge>
<edge target="149345668" source="149353318"><data key="weight">94</data></edge>
<edge target="148878030" source="149353318"><data key="weight">93</data></edge>
<edge target="149336692" source="149353318"><data key="weight">90</data></edge>
<edge target="149362911" source="149353318"><data key="weight">89</data></edge>
<edge target="149337676" source="149379633"><data key="weight">192</data></edge>
<edge target="149336692" source="149379633"><data key="weight">98</data></edge>
<edge target="149498550" source="149379633"><data key="weight">193</data></edge>
<edge target="149341819" source="149379633"><data key="weight">94</data></edge>
<edge target="-100" source="149379633"><data key="weight">93</data></edge>
<edge target="149362911" source="149379633"><data key="weight">91</data></edge>
<edge target="149352277" source="149498550"><data key="weight">100</data></edge>
<edge target="149353318" source="149498550"><data key="weight">99</data></edge>
<edge target="149362911" source="149498550"><data key="weight">96</data></edge>
<edge target="149341819" source="149498550"><data key="weight">94</data></edge>
<edge target="-100" source="149498550"><data key="weight">276</data></edge>
<edge target="149362911" source="149312906"><data key="weight">100</data></edge>
<edge target="-100" source="149312906"><data key="weight">280</data></edge>
<edge target="149337676" source="149312906"><data key="weight">98</data></edge>
<edge target="149403285" source="149312906"><data key="weight">97</data></edge>
<edge target="231464446" source="149312906"><data key="weight">95</data></edge>
<edge target="149379040" source="149312906"><data key="weight">93</data></edge>
<edge target="149378494" source="149312906"><data key="weight">91</data></edge>
<edge target="149322738" source="149312906"><data key="weight">88</data></edge>
<edge target="231464446" source="149337676"><data key="weight">99</data></edge>
<edge target="149403285" source="149337676"><data key="weight">197</data></edge>
<edge target="-100" source="149337676"><data key="weight">193</data></edge>
<edge target="149320924" source="149337676"><data key="weight">94</data></edge>
<edge target="149378494" source="149337676"><data key="weight">192</data></edge>
<edge target="149345668" source="149337676"><data key="weight">91</data></edge>
<edge target="149322738" source="149337676"><data key="weight">90</data></edge>
<edge target="-100" source="149378494"><data key="weight">374</data></edge>
<edge target="149352277" source="149378494"><data key="weight">93</data></edge>
<edge target="148878030" source="149378494"><data key="weight">85</data></edge>
<edge target="149329313" source="149378494"><data key="weight">84</data></edge>
<edge target="149362911" source="149403285"><data key="weight">100</data></edge>
<edge target="-100" source="149403285"><data key="weight">286</data></edge>
<edge target="149341819" source="149403285"><data key="weight">93</data></edge>
<edge target="231464446" source="149403285"><data key="weight">189</data></edge>
<edge target="149300582" source="149403285"><data key="weight">90</data></edge>
<edge target="148899950" source="149403285"><data key="weight">89</data></edge>
<edge target="149362911" source="231464446"><data key="weight">100</data></edge>
<edge target="-100" source="231464446"><data key="weight">557</data></edge>
<edge target="149341819" source="231464446"><data key="weight">93</data></edge>
<edge target="149378494" source="231464446"><data key="weight">92</data></edge>
<edge target="148880438" source="148877202"><data key="weight">198</data></edge>
<edge target="149423254" source="148877202"><data key="weight">190</data></edge>
<edge target="149362911" source="148877202"><data key="weight">97</data></edge>
<edge target="149300582" source="148877202"><data key="weight">96</data></edge>
<edge target="-100" source="148877202"><data key="weight">188</data></edge>
<edge target="149379040" source="148877202"><data key="weight">94</data></edge>
<edge target="149337676" source="148877202"><data key="weight">92</data></edge>
<edge target="149322738" source="148877202"><data key="weight">91</data></edge>
<edge target="149423254" source="148880438"><data key="weight">199</data></edge>
<edge target="-100" source="148880438"><data key="weight">377</data></edge>
<edge target="149362911" source="148880438"><data key="weight">95</data></edge>
<edge target="149341819" source="148880438"><data key="weight">93</data></edge>
<edge target="149322738" source="148880438"><data key="weight">91</data></edge>
<edge target="149377008" source="149324748"><data key="weight">100</data></edge>
<edge target="149300582" source="149324748"><data key="weight">99</data></edge>
<edge target="-100" source="149324748"><data key="weight">566</data></edge>
<edge target="148877202" source="149324748"><data key="weight">95</data></edge>
<edge target="148880438" source="149324748"><data key="weight">94</data></edge>
<edge target="149341819" source="149423254"><data key="weight">98</data></edge>
<edge target="149322738" source="149423254"><data key="weight">96</data></edge>
<edge target="149379040" source="149423254"><data key="weight">94</data></edge>
<edge target="149300582" source="149423254"><data key="weight">93</data></edge>
<edge target="149362911" source="149423254"><data key="weight">91</data></edge>
<edge target="-100" source="149423254"><data key="weight">179</data></edge>
<edge target="149382868" source="109236978"><data key="weight">100</data></edge>
<edge target="149391288" source="109236978"><data key="weight">193</data></edge>
<edge target="271764447" source="109236978"><data key="weight">98</data></edge>
<edge target="-100" source="109236978"><data key="weight">283</data></edge>
<edge target="149335821" source="109236978"><data key="weight">194</data></edge>
<edge target="149458310" source="109236978"><data key="weight">94</data></edge>
<edge target="194143436" source="109236978"><data key="weight">93</data></edge>
<edge target="149302943" source="109236978"><data key="weight">92</data></edge>
<edge target="149391288" source="148899999"><data key="weight">197</data></edge>
<edge target="-100" source="148899999"><data key="weight">191</data></edge>
<edge target="330872793" source="148899999"><data key="weight">192</data></edge>
<edge target="149458310" source="148899999"><data key="weight">192</data></edge>
<edge target="271764447" source="148899999"><data key="weight">188</data></edge>
<edge target="194143436" source="148899999"><data key="weight">94</data></edge>
<edge target="149335821" source="148899999"><data key="weight">187</data></edge>
<edge target="149302943" source="148899999"><data key="weight">187</data></edge>
<edge target="149458310" source="149302943"><data key="weight">198</data></edge>
<edge target="149391288" source="149302943"><data key="weight">190</data></edge>
<edge target="-100" source="149302943"><data key="weight">282</data></edge>
<edge target="149418712" source="149302943"><data key="weight">194</data></edge>
<edge target="149335821" source="149302943"><data key="weight">187</data></edge>
<edge target="271764447" source="149335821"><data key="weight">190</data></edge>
<edge target="149391288" source="149335821"><data key="weight">187</data></edge>
<edge target="194143436" source="149335821"><data key="weight">190</data></edge>
<edge target="149418712" source="149335821"><data key="weight">188</data></edge>
<edge target="149458310" source="149335821"><data key="weight">181</data></edge>
<edge target="149382868" source="149335821"><data key="weight">89</data></edge>
<edge target="330872793" source="149335821"><data key="weight">88</data></edge>
<edge target="194143436" source="149391288"><data key="weight">198</data></edge>
<edge target="149418712" source="149391288"><data key="weight">195</data></edge>
<edge target="271764447" source="149391288"><data key="weight">192</data></edge>
<edge target="-100" source="149391288"><data key="weight">93</data></edge>
<edge target="330872793" source="149391288"><data key="weight">89</data></edge>
<edge target="149382868" source="149418712"><data key="weight">100</data></edge>
<edge target="-100" source="149418712"><data key="weight">187</data></edge>
<edge target="109236978" source="149418712"><data key="weight">94</data></edge>
<edge target="149458310" source="149418712"><data key="weight">187</data></edge>
<edge target="148879315" source="149418712"><data key="weight">92</data></edge>
<edge target="271764447" source="149418712"><data key="weight">189</data></edge>
<edge target="-100" source="149458310"><data key="weight">187</data></edge>
<edge target="271764447" source="149458310"><data key="weight">194</data></edge>
<edge target="148879315" source="149458310"><data key="weight">90</data></edge>
<edge target="149391288" source="149458310"><data key="weight">88</data></edge>
<edge target="330872793" source="194143436"><data key="weight">198</data></edge>
<edge target="-100" source="194143436"><data key="weight">366</data></edge>
<edge target="149302943" source="194143436"><data key="weight">94</data></edge>
<edge target="149418712" source="194143436"><data key="weight">93</data></edge>
<edge target="149302943" source="271764447"><data key="weight">97</data></edge>
<edge target="-100" source="271764447"><data key="weight">184</data></edge>
<edge target="330872793" source="271764447"><data key="weight">187</data></edge>
<edge target="149302943" source="330872793"><data key="weight">98</data></edge>
<edge target="-100" source="330872793"><data key="weight">373</data></edge>
<edge target="148879315" source="330872793"><data key="weight">90</data></edge></graph></graphml>