﻿<?xml version="1.0" encoding="utf-8"?><graphml xmlns:xsi="http://www.w3.org/2001/XMLSchema-instance" xsi:schemaLocation="http://graphml.graphdrawing.org/xmlns http://graphml.graphdrawing.org/xmlns/1.0/graphml.xsd" xmlns="http://graphml.graphdrawing.org/xmlns"><key id="Title" for="node" attr.name="Title" attr.type="string"><default>unknown</default></key><key id="hrank" for="node" attr.name="hrank" attr.type="double"><default>0</default></key><key id="numDirects" for="node" attr.name="numDirects" attr.type="double"><default>0</default></key><key id="numCollegues" for="node" attr.name="numCollegues" attr.type="double"><default>0</default></key><key id="weight" for="edge" attr.name="weight" attr.type="double"><default>1</default></key><graph id="hierarchy_graph" edgedefault="directed"><node id="149335627"><data key="Title">Scott gu</data><data key="hrank">0</data><data key="numDirects">18</data></node><node id="106686740"><data key="Title">James Staten</data><data key="hrank">1</data><data key="numCollegues">18</data><data key="numDirects">0</data></node><node id="148885148"><data key="Title">Ulrich Homann</data><data key="hrank">1</data><data key="numCollegues">18</data><data key="numDirects">0</data></node><node id="149325703"><data key="Title">Mike Neil</data><data key="hrank">1</data><data key="numCollegues">18</data><data key="numDirects">0</data></node><node id="149339732"><data key="Title">Brian Harry</data><data key="hrank">1</data><data key="numCollegues">18</data><data key="numDirects">0</data></node><node id="149349017"><data key="Title">Christi Fox Holder</data><data key="hrank">1</data><data key="numCollegues">18</data><data key="numDirects">0</data></node><node id="149350488"><data key="Title">Jason Zander</data><data key="hrank">1</data><data key="numCollegues">18</data><data key="numDirects">0</data></node><node id="149352729"><data key="Title">Bharat Shah (NT)</data><data key="hrank">1</data><data key="numCollegues">18</data><data key="numDirects">0</data></node><node id="149362958"><data key="Title">Steven Martin</data><data key="hrank">1</data><data key="numCollegues">18</data><data key="numDirects">0</data></node><node id="149378572"><data key="Title">Samuel Shen</data><data key="hrank">1</data><data key="numCollegues">18</data><data key="numDirects">0</data></node><node id="149385553"><data key="Title">David Treadwell</data><data key="hrank">1</data><data key="numCollegues">18</data><data key="numDirects">0</data></node><node id="149400055"><data key="Title">James Phillips</data><data key="hrank">1</data><data key="numCollegues">18</data><data key="numDirects">0</data></node><node id="149443703"><data key="Title">Anie Borja</data><data key="hrank">1</data><data key="numCollegues">18</data><data key="numDirects">0</data></node><node id="149463246"><data key="Title">Joseph Sirosh</data><data key="hrank">1</data><data key="numCollegues">18</data><data key="numDirects">0</data></node><node id="279195295"><data key="Title">Suresh Kumar</data><data key="hrank">1</data><data key="numCollegues">18</data><data key="numDirects">0</data></node><node id="17592598117429"><data key="Title">Nat Friedman</data><data key="hrank">1</data><data key="numCollegues">18</data><data key="numDirects">0</data></node><node id="149309006"><data key="Title">Julia Liuson</data><data key="hrank">1</data><data key="numCollegues">18</data><data key="numDirects">0</data></node><node id="149375913"><data key="Title">Brad Anderson</data><data key="hrank">1</data><data key="numCollegues">18</data><data key="numDirects">0</data></node><node id="149402858"><data key="Title">Jujhar Singh</data><data key="hrank">1</data><data key="numCollegues">18</data><data key="numDirects">0</data></node><node id="-100"><data key="Title">OUTSIDE</data></node>
<edge target="106686740" source="149335627"><data key="weight">1</data></edge>
<edge target="148885148" source="149335627"><data key="weight">1</data></edge>
<edge target="149325703" source="149335627"><data key="weight">1</data></edge>
<edge target="149339732" source="149335627"><data key="weight">1</data></edge>
<edge target="149349017" source="149335627"><data key="weight">1</data></edge>
<edge target="149350488" source="149335627"><data key="weight">1</data></edge>
<edge target="149352729" source="149335627"><data key="weight">1</data></edge>
<edge target="149362958" source="149335627"><data key="weight">1</data></edge>
<edge target="149378572" source="149335627"><data key="weight">1</data></edge>
<edge target="149385553" source="149335627"><data key="weight">1</data></edge>
<edge target="149400055" source="149335627"><data key="weight">1</data></edge>
<edge target="149443703" source="149335627"><data key="weight">1</data></edge>
<edge target="149463246" source="149335627"><data key="weight">1</data></edge>
<edge target="279195295" source="149335627"><data key="weight">1</data></edge>
<edge target="17592598117429" source="149335627"><data key="weight">1</data></edge>
<edge target="149309006" source="149335627"><data key="weight">0</data></edge>
<edge target="149375913" source="149335627"><data key="weight">0</data></edge>
<edge target="149402858" source="149335627"><data key="weight">0</data></edge></graph></graphml>