﻿<?xml version="1.0" encoding="utf-8"?><graphml xmlns:xsi="http://www.w3.org/2001/XMLSchema-instance" xsi:schemaLocation="http://graphml.graphdrawing.org/xmlns http://graphml.graphdrawing.org/xmlns/1.0/graphml.xsd" xmlns="http://graphml.graphdrawing.org/xmlns"><key id="Title" for="node" attr.name="Title" attr.type="string"><default>unknown</default></key><key id="hrank" for="node" attr.name="hrank" attr.type="double"><default>0</default></key><key id="numDirects" for="node" attr.name="numDirects" attr.type="double"><default>0</default></key><key id="numCollegues" for="node" attr.name="numCollegues" attr.type="double"><default>0</default></key><key id="weight" for="edge" attr.name="weight" attr.type="double"><default>1</default></key><graph id="hierarchy_graph" edgedefault="directed"><node id="149355385"><data key="Title">Adi Regev</data><data key="hrank">0</data><data key="numDirects">8</data></node><node id="31093401"><data key="Title">Sruly Taber</data><data key="hrank">1</data><data key="numCollegues">8</data><data key="numDirects">0</data></node><node id="95844937"><data key="Title">Ali Mostafa</data><data key="hrank">1</data><data key="numCollegues">8</data><data key="numDirects">0</data></node><node id="149317946"><data key="Title">Yonatan Appel</data><data key="hrank">1</data><data key="numCollegues">8</data><data key="numDirects">0</data></node><node id="149328096"><data key="Title">Gitit Grohar</data><data key="hrank">1</data><data key="numCollegues">8</data><data key="numDirects">0</data></node><node id="149352997"><data key="Title">Idan Sheinberg</data><data key="hrank">1</data><data key="numCollegues">8</data><data key="numDirects">0</data></node><node id="149417845"><data key="Title">Guy Fliess</data><data key="hrank">1</data><data key="numCollegues">8</data><data key="numDirects">0</data></node><node id="149493711"><data key="Title">Bat-chen Haviv</data><data key="hrank">1</data><data key="numCollegues">8</data><data key="numDirects">0</data></node><node id="17592400497457"><data key="Title">Daniel Blinick</data><data key="hrank">1</data><data key="numCollegues">8</data><data key="numDirects">0</data></node><node id="148893199"><data key="Title">Yoav Yassour</data><data key="hrank">0</data><data key="numDirects">7</data></node><node id="20942962"><data key="Title">Artem Atriaskin</data><data key="hrank">1</data><data key="numDirects">0</data></node><node id="148858247"><data key="Title">Dor Goldbaum</data><data key="hrank">1</data><data key="numDirects">0</data></node><node id="149410377"><data key="Title">Merav Bercovitz</data><data key="hrank">1</data><data key="numDirects">0</data></node><node id="149437492"><data key="Title">Erez Goldshide</data><data key="hrank">1</data><data key="numDirects">0</data></node><node id="305303666"><data key="Title">Uriel Moshe Hai</data><data key="hrank">1</data><data key="numDirects">0</data></node><node id="315872352"><data key="Title">Khalid Awwad</data><data key="hrank">1</data><data key="numDirects">0</data></node><node id="340214355"><data key="Title">Gal Vanunu</data><data key="hrank">1</data><data key="numDirects">0</data></node><node id="-100"><data key="Title">OUTSIDE</data></node>
<edge target="31093401" source="149355385"><data key="weight">1</data></edge>
<edge target="95844937" source="149355385"><data key="weight">1</data></edge>
<edge target="149317946" source="149355385"><data key="weight">1</data></edge>
<edge target="149328096" source="149355385"><data key="weight">1</data></edge>
<edge target="149352997" source="149355385"><data key="weight">1</data></edge>
<edge target="149417845" source="149355385"><data key="weight">1</data></edge>
<edge target="149493711" source="149355385"><data key="weight">1</data></edge>
<edge target="17592400497457" source="149355385"><data key="weight">1</data></edge>
<edge target="20942962" source="148893199"><data key="weight">1</data></edge>
<edge target="148858247" source="148893199"><data key="weight">1</data></edge>
<edge target="149410377" source="148893199"><data key="weight">1</data></edge>
<edge target="149437492" source="148893199"><data key="weight">1</data></edge>
<edge target="305303666" source="148893199"><data key="weight">1</data></edge>
<edge target="315872352" source="148893199"><data key="weight">1</data></edge>
<edge target="340214355" source="148893199"><data key="weight">1</data></edge></graph></graphml>