﻿<?xml version="1.0" encoding="utf-8"?><graphml xmlns:xsi="http://www.w3.org/2001/XMLSchema-instance" xsi:schemaLocation="http://graphml.graphdrawing.org/xmlns http://graphml.graphdrawing.org/xmlns/1.0/graphml.xsd" xmlns="http://graphml.graphdrawing.org/xmlns"><key id="Title" for="node" attr.name="Title" attr.type="string"><default>unknown</default></key><key id="hrank" for="node" attr.name="hrank" attr.type="double"><default>0</default></key><key id="numDirects" for="node" attr.name="numDirects" attr.type="double"><default>0</default></key><key id="numCollegues" for="node" attr.name="numCollegues" attr.type="double"><default>0</default></key><key id="RecentlyModifiedCount" for="node" attr.name="RecentlyModifiedCount" attr.type="double"><default>0</default></key><key id="weight" for="edge" attr.name="weight" attr.type="double"><default>1</default></key><graph id="social_graph" edgedefault="undirected"><node id="149355385"><data key="Title">Adi Regev</data><data key="hrank">0</data><data key="numDirects">8</data><data key="RecentlyModifiedCount">12</data></node><node id="31093401"><data key="Title">Sruly Taber</data><data key="hrank">1</data><data key="numCollegues">8</data><data key="numDirects">0</data><data key="RecentlyModifiedCount">6</data></node><node id="95844937"><data key="Title">Ali Mostafa</data><data key="hrank">1</data><data key="numCollegues">8</data><data key="numDirects">0</data><data key="RecentlyModifiedCount">2</data></node><node id="149317946"><data key="Title">Yonatan Appel</data><data key="hrank">1</data><data key="numCollegues">8</data><data key="numDirects">0</data><data key="RecentlyModifiedCount">5</data></node><node id="149328096"><data key="Title">Gitit Grohar</data><data key="hrank">1</data><data key="numCollegues">8</data><data key="numDirects">0</data><data key="RecentlyModifiedCount">7</data></node><node id="149352997"><data key="Title">Idan Sheinberg</data><data key="hrank">1</data><data key="numCollegues">8</data><data key="numDirects">0</data><data key="RecentlyModifiedCount">1</data></node><node id="149417845"><data key="Title">Guy Fliess</data><data key="hrank">1</data><data key="numCollegues">8</data><data key="numDirects">0</data><data key="RecentlyModifiedCount">7</data></node><node id="149493711"><data key="Title">Bat-chen Haviv</data><data key="hrank">1</data><data key="numCollegues">8</data><data key="numDirects">0</data><data key="RecentlyModifiedCount">0</data></node><node id="17592400497457"><data key="Title">Daniel Blinick</data><data key="hrank">1</data><data key="numCollegues">8</data><data key="numDirects">0</data><data key="RecentlyModifiedCount">1</data></node><node id="148893199"><data key="Title">Yoav Yassour</data><data key="hrank">0</data><data key="numDirects">7</data><data key="RecentlyModifiedCount">11</data></node><node id="20942962"><data key="Title">Artem Atriaskin</data><data key="hrank">1</data><data key="numDirects">0</data><data key="RecentlyModifiedCount">1</data></node><node id="148858247"><data key="Title">Dor Goldbaum</data><data key="hrank">1</data><data key="numDirects">0</data><data key="RecentlyModifiedCount">3</data></node><node id="149410377"><data key="Title">Merav Bercovitz</data><data key="hrank">1</data><data key="numDirects">0</data><data key="RecentlyModifiedCount">1</data></node><node id="149437492"><data key="Title">Erez Goldshide</data><data key="hrank">1</data><data key="numDirects">0</data><data key="RecentlyModifiedCount">2</data></node><node id="305303666"><data key="Title">Uriel Moshe Hai</data><data key="hrank">1</data><data key="numDirects">0</data><data key="RecentlyModifiedCount">3</data></node><node id="315872352"><data key="Title">Khalid Awwad</data><data key="hrank">1</data><data key="numDirects">0</data><data key="RecentlyModifiedCount">1</data></node><node id="340214355"><data key="Title">Gal Vanunu</data><data key="hrank">1</data><data key="numDirects">0</data><data key="RecentlyModifiedCount">4</data></node><node id="-100"><data key="Title">OUTSIDE</data><data key="RecentlyModifiedCount">0</data></node>
<edge target="-100" source="149355385"><data key="weight">575</data></edge>
<edge target="148893199" source="149355385"><data key="weight">99</data></edge>
<edge target="149317946" source="149355385"><data key="weight">198</data></edge>
<edge target="149328096" source="149355385"><data key="weight">92</data></edge>
<edge target="17592400497457" source="149355385"><data key="weight">189</data></edge>
<edge target="149328096" source="31093401"><data key="weight">199</data></edge>
<edge target="149317946" source="31093401"><data key="weight">195</data></edge>
<edge target="149417845" source="31093401"><data key="weight">192</data></edge>
<edge target="149355385" source="31093401"><data key="weight">96</data></edge>
<edge target="95844937" source="31093401"><data key="weight">189</data></edge>
<edge target="-100" source="31093401"><data key="weight">457</data></edge>
<edge target="149417845" source="95844937"><data key="weight">199</data></edge>
<edge target="17592400497457" source="95844937"><data key="weight">199</data></edge>
<edge target="149355385" source="95844937"><data key="weight">98</data></edge>
<edge target="149317946" source="95844937"><data key="weight">194</data></edge>
<edge target="149328096" source="95844937"><data key="weight">195</data></edge>
<edge target="-100" source="95844937"><data key="weight">364</data></edge>
<edge target="149328096" source="149317946"><data key="weight">99</data></edge>
<edge target="-100" source="149317946"><data key="weight">468</data></edge>
<edge target="148893199" source="149317946"><data key="weight">187</data></edge>
<edge target="-100" source="149328096"><data key="weight">570</data></edge>
<edge target="149352997" source="149328096"><data key="weight">189</data></edge>
<edge target="17592400497457" source="149328096"><data key="weight">183</data></edge>
<edge target="149317946" source="149352997"><data key="weight">99</data></edge>
<edge target="149355385" source="149352997"><data key="weight">98</data></edge>
<edge target="95844937" source="149352997"><data key="weight">97</data></edge>
<edge target="17592400497457" source="149352997"><data key="weight">95</data></edge>
<edge target="149493711" source="149352997"><data key="weight">187</data></edge>
<edge target="149417845" source="149352997"><data key="weight">93</data></edge>
<edge target="31093401" source="149352997"><data key="weight">92</data></edge>
<edge target="-100" source="149352997"><data key="weight">179</data></edge>
<edge target="-100" source="149417845"><data key="weight">560</data></edge>
<edge target="149355385" source="149417845"><data key="weight">98</data></edge>
<edge target="149328096" source="149417845"><data key="weight">96</data></edge>
<edge target="149355385" source="149493711"><data key="weight">100</data></edge>
<edge target="149317946" source="149493711"><data key="weight">99</data></edge>
<edge target="149417845" source="149493711"><data key="weight">98</data></edge>
<edge target="95844937" source="149493711"><data key="weight">97</data></edge>
<edge target="17592400497457" source="149493711"><data key="weight">95</data></edge>
<edge target="149328096" source="149493711"><data key="weight">94</data></edge>
<edge target="31093401" source="149493711"><data key="weight">92</data></edge>
<edge target="-100" source="149493711"><data key="weight">179</data></edge>
<edge target="149417845" source="17592400497457"><data key="weight">98</data></edge>
<edge target="-100" source="17592400497457"><data key="weight">457</data></edge>
<edge target="31093401" source="17592400497457"><data key="weight">94</data></edge>
<edge target="-100" source="148893199"><data key="weight">761</data></edge>
<edge target="148858247" source="148893199"><data key="weight">198</data></edge>
<edge target="149437492" source="20942962"><data key="weight">100</data></edge>
<edge target="-100" source="20942962"><data key="weight">726</data></edge>
<edge target="148858247" source="20942962"><data key="weight">98</data></edge>
<edge target="-100" source="148858247"><data key="weight">745</data></edge>
<edge target="149355385" source="148858247"><data key="weight">93</data></edge>
<edge target="148858247" source="149410377"><data key="weight">100</data></edge>
<edge target="149437492" source="149410377"><data key="weight">198</data></edge>
<edge target="-100" source="149410377"><data key="weight">465</data></edge>
<edge target="148893199" source="149410377"><data key="weight">97</data></edge>
<edge target="340214355" source="149410377"><data key="weight">195</data></edge>
<edge target="305303666" source="149410377"><data key="weight">195</data></edge>
<edge target="148858247" source="149437492"><data key="weight">100</data></edge>
<edge target="148893199" source="149437492"><data key="weight">98</data></edge>
<edge target="-100" source="149437492"><data key="weight">541</data></edge>
<edge target="305303666" source="149437492"><data key="weight">190</data></edge>
<edge target="-100" source="305303666"><data key="weight">449</data></edge>
<edge target="340214355" source="305303666"><data key="weight">194</data></edge>
<edge target="148893199" source="305303666"><data key="weight">96</data></edge>
<edge target="148858247" source="305303666"><data key="weight">95</data></edge>
<edge target="-100" source="315872352"><data key="weight">359</data></edge>
<edge target="340214355" source="315872352"><data key="weight">99</data></edge>
<edge target="305303666" source="315872352"><data key="weight">96</data></edge>
<edge target="149410377" source="315872352"><data key="weight">95</data></edge>
<edge target="148893199" source="315872352"><data key="weight">94</data></edge>
<edge target="148858247" source="315872352"><data key="weight">93</data></edge>
<edge target="149437492" source="315872352"><data key="weight">91</data></edge>
<edge target="148893199" source="340214355"><data key="weight">100</data></edge>
<edge target="-100" source="340214355"><data key="weight">465</data></edge>
<edge target="148858247" source="340214355"><data key="weight">97</data></edge>
<edge target="149355385" source="340214355"><data key="weight">87</data></edge></graph></graphml>